,country,year,d_civil_conflict,preds,preds_proba
0,United States of America,2017,0,0,0.1594776899284809
1,United States of America,2018,0,0,0.13476629434041376
2,United States of America,2019,0,0,0.13228982083868024
3,United States of America,2020,0,0,0.13419670543501505
4,United States of America,2021,0,0,0.14352593489797405
5,United States of America,2022,0,0,0.158565204692073
6,United States of America,2023,0,0,0.158565204692073
7,Canada,2017,0,0,0.0
8,Canada,2018,0,0,0.0
9,Canada,2019,0,0,0.0014858841010401188
10,Canada,2020,0,0,0.0014858841010401188
11,Canada,2021,0,0,0.0014858841010401188
12,Canada,2022,0,0,0.002228826151560178
13,Canada,2023,0,0,0.0014858841010401188
14,Cuba,2017,0,0,0.0007429420505200594
15,Cuba,2018,0,0,0.0
16,Cuba,2019,0,0,0.0
17,Cuba,2020,0,0,0.0
18,Cuba,2021,0,0,0.0004952947003467063
19,Cuba,2022,0,0,0.0
20,Cuba,2023,0,0,0.0
21,Haiti,2017,0,0,0.011012110261520278
22,Haiti,2018,0,0,0.010992258477181124
23,Haiti,2019,0,0,0.016135703442319998
24,Haiti,2020,0,0,0.03825886672447287
25,Haiti,2021,0,0,0.056006926820229855
26,Haiti,2022,0,0,0.08235660487867463
27,Haiti,2023,0,0,0.07487529635724724
28,Dominican Republic,2017,0,0,0.027314024266869293
29,Dominican Republic,2018,0,0,0.04096383821386006
30,Dominican Republic,2019,0,0,0.06441837814313997
31,Dominican Republic,2020,0,0,0.08273656317752115
32,Dominican Republic,2021,0,0,0.1109300883249839
33,Dominican Republic,2022,0,0,0.13667359114872443
34,Dominican Republic,2023,0,0,0.15078975812521828
35,Jamaica,2017,0,0,0.0029717682020802376
36,Jamaica,2018,0,0,0.0029717682020802376
37,Jamaica,2019,0,0,0.0029717682020802376
38,Jamaica,2020,0,0,0.0029717682020802376
39,Jamaica,2021,0,0,0.0029717682020802376
40,Jamaica,2022,0,0,0.0029717682020802376
41,Jamaica,2023,0,0,0.0029717682020802376
42,Trinidad and Tobago,2017,0,0,0.017806663935544826
43,Trinidad and Tobago,2018,0,0,0.015165092200362395
44,Trinidad and Tobago,2019,0,0,0.015367712759595137
45,Trinidad and Tobago,2020,0,0,0.0185458537534865
46,Trinidad and Tobago,2021,0,0,0.015697909226492942
47,Trinidad and Tobago,2022,0,0,0.011517691227552805
48,Trinidad and Tobago,2023,0,0,0.016990697666383905
49,Barbados,2017,0,0,0.06019929298649874
50,Barbados,2018,0,0,0.05085700080616792
51,Barbados,2019,0,0,0.029771532743300945
52,Barbados,2020,0,0,0.0204847571118002
53,Barbados,2021,0,0,0.006176636637260709
54,Barbados,2022,0,0,0.007063664418790719
55,Barbados,2023,0,0,0.007063664418790719
56,Mexico,2017,0,0,0.05411431271386695
57,Mexico,2018,0,0,0.0730950080132844
58,Mexico,2019,0,0,0.08699686890622998
59,Mexico,2020,0,0,0.09057979539034516
60,Mexico,2021,0,0,0.09050773559747517
61,Mexico,2022,0,0,0.09355556691425153
62,Mexico,2023,0,0,0.09281214861882728
63,Guatemala,2017,0,0,0.04734619227561278
64,Guatemala,2018,0,0,0.042078098483788545
65,Guatemala,2019,0,0,0.029696592751614157
66,Guatemala,2020,0,0,0.03224116927464536
67,Guatemala,2021,0,0,0.019549605431521344
68,Guatemala,2022,0,0,0.020985960062526794
69,Guatemala,2023,0,0,0.0194523154010961
70,Honduras,2017,0,0,0.0007429420505200594
71,Honduras,2018,0,0,0.0
72,Honduras,2019,0,0,0.0
73,Honduras,2020,0,0,0.0
74,Honduras,2021,0,0,0.00016509823344890208
75,Honduras,2022,0,0,0.005066746857237198
76,Honduras,2023,0,0,0.004720040566994503
77,El Salvador,2017,0,0,0.020374585790633337
78,El Salvador,2018,0,0,0.018483460571127736
79,El Salvador,2019,0,0,0.020824666088410517
80,El Salvador,2020,0,0,0.046098574943300046
81,El Salvador,2021,0,0,0.05850781833322696
82,El Salvador,2022,0,0,0.05582395769988638
83,El Salvador,2023,0,0,0.09518380538068502
84,Nicaragua,2017,0,0,0.037471295420775354
85,Nicaragua,2018,0,0,0.036678823900220626
86,Nicaragua,2019,0,0,0.036678823900220626
87,Nicaragua,2020,0,0,0.03932039563540306
88,Nicaragua,2021,0,0,0.045561108859771556
89,Nicaragua,2022,0,0,0.04749275819112371
90,Nicaragua,2023,0,0,0.0657159416446192
91,Costa Rica,2017,0,0,0.006975936396441597
92,Costa Rica,2018,0,0,0.020225069630715988
93,Costa Rica,2019,0,0,0.0
94,Costa Rica,2020,0,0,0.0007429420505200594
95,Costa Rica,2021,0,0,0.0
96,Costa Rica,2022,0,0,0.0
97,Costa Rica,2023,0,0,0.0
98,Panama,2017,0,0,0.01754658169962776
99,Panama,2018,0,0,0.02593121341263987
100,Panama,2019,0,0,0.02825556068498119
101,Panama,2020,0,0,0.036976965580234535
102,Panama,2021,0,0,0.038733010426918305
103,Panama,2022,0,0,0.05099942157891638
104,Panama,2023,0,0,0.056863410652415125
105,Colombia,2017,0,1,0.7278944555261494
106,Colombia,2018,1,1,0.7090903027695448
107,Colombia,2019,1,1,0.706663358737846
108,Colombia,2020,1,1,0.6890625263524669
109,Colombia,2021,1,1,0.6312785278727252
110,Colombia,2022,1,1,0.6039802111984799
111,Colombia,2023,1,1,0.5936763125216242
112,Venezuela,2017,0,0,0.0004952947003467063
113,Venezuela,2018,0,0,0.0004952947003467063
114,Venezuela,2019,0,0,0.001981178801386825
115,Venezuela,2020,0,0,0.0024764735017335313
116,Venezuela,2021,0,0,0.004931720087737918
117,Venezuela,2022,0,0,0.01496204802296927
118,Venezuela,2023,0,0,0.01496204802296927
119,Guyana,2017,0,0,0.00870555480510904
120,Guyana,2018,0,0,0.00938176071905641
121,Guyana,2019,0,0,0.007346924991798691
122,Guyana,2020,0,0,0.008705608408431587
123,Guyana,2021,0,0,0.010772338112605572
124,Guyana,2022,0,0,0.007801695580298849
125,Guyana,2023,0,0,0.011871956671362318
126,Suriname,2017,0,0,0.012953947983665663
127,Suriname,2018,0,0,0.016466412900291057
128,Suriname,2019,0,0,0.015213167219110759
129,Suriname,2020,0,0,0.010846953937592867
130,Suriname,2021,0,0,0.008290879501875044
131,Suriname,2022,0,0,0.008649968159626407
132,Suriname,2023,0,0,0.01819677350880917
133,Ecuador,2017,0,0,0.08232511826275482
134,Ecuador,2018,0,0,0.13317146112247064
135,Ecuador,2019,0,0,0.21161006478395689
136,Ecuador,2020,0,0,0.25833938340464957
137,Ecuador,2021,0,0,0.31918101824331263
138,Ecuador,2022,0,0,0.3206568146113824
139,Ecuador,2023,0,0,0.3462943172286072
140,Peru,2017,0,0,0.22345696316583583
141,Peru,2018,0,0,0.45309020958784735
142,Peru,2019,0,0,0.44536452351892203
143,Peru,2020,0,0,0.4379228649628505
144,Peru,2021,0,0,0.4479866001380269
145,Peru,2022,0,0,0.442537504661836
146,Peru,2023,0,0,0.4324919121496759
147,Brazil,2017,0,0,0.00031840373593716834
148,Brazil,2018,0,0,0.00031840373593716834
149,Brazil,2019,0,0,0.00031840373593716834
150,Brazil,2020,0,0,0.00031840373593716834
151,Brazil,2021,0,0,0.00031840373593716834
152,Brazil,2022,0,0,0.00031840373593716834
153,Brazil,2023,0,0,0.00031840373593716834
154,Bolivia,2017,0,0,0.0
155,Bolivia,2018,0,0,0.023997028231797918
156,Bolivia,2019,0,0,0.01285289747399703
157,Bolivia,2020,0,0,0.009925352013019174
158,Bolivia,2021,0,0,0.0003714710252600297
159,Bolivia,2022,0,0,0.0014858841010401188
160,Bolivia,2023,0,0,0.002228826151560178
161,Paraguay,2017,0,0,0.0032872237552772467
162,Paraguay,2018,0,0,0.0040796952758319766
163,Paraguay,2019,0,0,0.0047731078563173655
164,Paraguay,2020,0,0,0.013592701668481758
165,Paraguay,2021,0,0,0.01982633925427387
166,Paraguay,2022,0,0,0.021064576005140636
167,Paraguay,2023,0,0,0.06571938050392731
168,Chile,2017,0,0,0.006081511356399914
169,Chile,2018,0,0,0.014161799897312527
170,Chile,2019,0,0,0.2120881759811923
171,Chile,2020,0,0,0.20534391314480466
172,Chile,2021,0,0,0.19396165993491402
173,Chile,2022,0,0,0.17954858415482486
174,Chile,2023,0,0,0.16537082696072294
175,Argentina,2017,0,0,0.004649420251203312
176,Argentina,2018,0,0,0.008970870635060827
177,Argentina,2019,0,0,0.014109911881085731
178,Argentina,2020,0,0,0.0
179,Argentina,2021,0,0,0.0
180,Argentina,2022,0,0,0.0
181,Argentina,2023,0,0,0.0
182,Uruguay,2017,0,0,0.001419844807660558
183,Uruguay,2018,0,0,0.001419844807660558
184,Uruguay,2019,0,0,0.001419844807660558
185,Uruguay,2020,0,0,0.001419844807660558
186,Uruguay,2021,0,0,0.001419844807660558
187,Uruguay,2022,0,0,0.001419844807660558
188,Uruguay,2023,0,0,0.001419844807660558
189,United Kingdom,2017,0,0,0.0418064105285502
190,United Kingdom,2018,0,0,0.0418064105285502
191,United Kingdom,2019,0,0,0.04304464727941697
192,United Kingdom,2020,0,0,0.05834925352013019
193,United Kingdom,2021,0,0,0.0737902266134064
194,United Kingdom,2022,0,0,0.07621684902516998
195,United Kingdom,2023,0,0,0.07720743842586339
196,Ireland,2017,0,0,0.0
197,Ireland,2018,0,0,0.0
198,Ireland,2019,0,0,0.0007429420505200594
199,Ireland,2020,0,0,0.0007429420505200594
200,Ireland,2021,0,0,0.0
201,Ireland,2022,0,0,0.0
202,Ireland,2023,0,0,0.0
203,Netherlands,2017,0,0,0.00713224368499257
204,Netherlands,2018,0,0,0.016047548291233286
205,Netherlands,2019,0,0,0.030439397155593295
206,Netherlands,2020,0,0,0.036506757234840446
207,Netherlands,2021,0,0,0.03799264133588057
208,Netherlands,2022,0,0,0.051860892945588336
209,Netherlands,2023,0,0,0.05285148234628176
210,Belgium,2017,0,0,0.006686478454680535
211,Belgium,2018,0,0,0.022114908370480434
212,Belgium,2019,0,0,0.027414561664190196
213,Belgium,2020,0,0,0.027414561664190196
214,Belgium,2021,0,0,0.017013372956909363
215,Belgium,2022,0,0,0.0162704309063893
216,Belgium,2023,0,0,0.010822189202575532
217,Luxembourg,2017,0,0,0.0016097077761267954
218,Luxembourg,2018,0,0,0.0016097077761267954
219,Luxembourg,2019,0,0,0.0016097077761267954
220,Luxembourg,2020,0,0,0.0021050024764735016
221,Luxembourg,2021,0,0,0.0007429420505200594
222,Luxembourg,2022,0,0,0.0
223,Luxembourg,2023,0,0,0.0
224,France,2017,0,0,0.023289730329106254
225,France,2018,0,0,0.025766203830839787
226,France,2019,0,0,0.0007429420505200594
227,France,2020,0,0,0.0
228,France,2021,0,0,0.0004952947003467063
229,France,2022,0,0,0.005819712729073799
230,France,2023,0,0,0.0030955918771669137
231,Switzerland,2017,0,0,0.0
232,Switzerland,2018,0,0,0.0
233,Switzerland,2019,0,0,0.0
234,Switzerland,2020,0,0,0.0
235,Switzerland,2021,0,0,0.0
236,Switzerland,2022,0,0,0.0
237,Switzerland,2023,0,0,0.0004952947003467063
238,Spain,2017,0,0,0.03264065264436734
239,Spain,2018,0,0,0.037814713353346324
240,Spain,2019,0,0,0.04426592682536218
241,Spain,2020,0,0,0.04460535955706831
242,Spain,2021,0,0,0.04460535955706831
243,Spain,2022,0,0,0.04362495891099159
244,Spain,2023,0,0,0.04000586049248753
245,Portugal,2017,0,0,0.001114413075780089
246,Portugal,2018,0,0,0.001114413075780089
247,Portugal,2019,0,0,0.001114413075780089
248,Portugal,2020,0,0,0.001114413075780089
249,Portugal,2021,0,0,0.0
250,Portugal,2022,0,0,0.0002971768202080238
251,Portugal,2023,0,0,0.0002971768202080238
252,Germany,2017,0,0,0.00043338286280336793
253,Germany,2018,0,0,0.00043338286280336793
254,Germany,2019,0,0,0.00043338286280336793
255,Germany,2020,0,0,0.0011763249133234274
256,Germany,2021,0,0,0.0009905894006934125
257,Germany,2022,0,0,0.005748956343309983
258,Germany,2023,0,0,0.015985141653789496
259,Poland,2017,0,0,0.020356612184249626
260,Poland,2018,0,0,0.018658481604246827
261,Poland,2019,0,0,0.019153776304593535
262,Poland,2020,0,0,0.031259014635686255
263,Poland,2021,0,0,0.015439066051993239
264,Poland,2022,0,0,0.01631821414510864
265,Poland,2023,0,0,0.010079247152055474
266,Austria,2017,0,0,0.0
267,Austria,2018,0,0,0.0
268,Austria,2019,0,0,0.0
269,Austria,2020,0,0,0.0021669143140168397
270,Austria,2021,0,0,0.0016716196136701336
271,Austria,2022,0,0,0.0
272,Austria,2023,0,0,0.0
273,Hungary,2017,0,0,0.0002971768202080238
274,Hungary,2018,0,0,0.0010401188707280832
275,Hungary,2019,0,0,0.0002971768202080238
276,Hungary,2020,0,0,0.0010401188707280832
277,Hungary,2021,0,0,0.0002971768202080238
278,Hungary,2022,0,0,0.0009905894006934125
279,Hungary,2023,0,0,0.0009905894006934125
280,Czechia,2017,0,0,0.0
281,Czechia,2018,0,0,0.0
282,Czechia,2019,0,0,0.0
283,Czechia,2020,0,0,0.0011429877700308607
284,Czechia,2021,0,0,0.0
285,Czechia,2022,0,0,0.0
286,Czechia,2023,0,0,0.0011429877700308607
287,Slovakia,2017,0,0,0.012480836812188967
288,Slovakia,2018,0,0,0.012480836812188967
289,Slovakia,2019,0,0,0.01390480907568575
290,Slovakia,2020,0,0,0.012976131512535672
291,Slovakia,2021,0,0,0.01623682162315149
292,Slovakia,2022,0,0,0.027877694371007896
293,Slovakia,2023,0,0,0.028125341721181252
294,Italy,2017,0,0,0.011810714875350833
295,Italy,2018,0,0,0.011810714875350833
296,Italy,2019,0,0,0.011810714875350833
297,Italy,2020,0,0,0.011810714875350833
298,Italy,2021,0,0,0.011810714875350833
299,Italy,2022,0,0,0.009810486277796827
300,Italy,2023,0,0,0.008324602176756709
301,Malta,2017,0,0,0.001300148588410104
302,Malta,2018,0,0,0.005943536404160475
303,Malta,2019,0,0,0.005943536404160475
304,Malta,2020,0,0,0.006108634637609377
305,Malta,2021,0,0,0.00709922403830279
306,Malta,2022,0,0,0.00709922403830279
307,Malta,2023,0,0,0.00709922403830279
308,Albania,2017,0,0,0.0007429420505200594
309,Albania,2018,0,0,0.0007429420505200594
310,Albania,2019,0,0,0.0007429420505200594
311,Albania,2020,0,0,0.0007429420505200594
312,Albania,2021,0,0,0.00021226915729144553
313,Albania,2022,0,0,0.00021226915729144553
314,Albania,2023,0,0,0.0022159613541485753
315,Serbia,2017,0,0,0.02605420829789329
316,Serbia,2018,0,0,0.014073441005090339
317,Serbia,2019,0,0,0.017547579546093664
318,Serbia,2020,0,0,0.028258327441091177
319,Serbia,2021,0,0,0.03921505273659803
320,Serbia,2022,0,0,0.0319697606145469
321,Serbia,2023,0,0,0.03419858676610707
322,Montenegro,2017,0,0,0.007720713329925814
323,Montenegro,2018,0,0,0.007412923051853216
324,Montenegro,2019,0,0,0.012028169123265703
325,Montenegro,2020,0,0,0.016116280120737774
326,Montenegro,2021,0,0,0.01882975283027726
327,Montenegro,2022,0,0,0.01809638370253701
328,Montenegro,2023,0,0,0.01638761698634087
329,North Macedonia,2017,0,0,0.009210873326772286
330,North Macedonia,2018,0,0,0.008359866977994764
331,North Macedonia,2019,0,0,0.011154744215665464
332,North Macedonia,2020,0,0,0.040369412657674165
333,North Macedonia,2021,0,0,0.03180081434167614
334,North Macedonia,2022,0,0,0.031016597732793867
335,North Macedonia,2023,0,0,0.03392822300697485
336,Croatia,2017,0,0,0.012102450958320202
337,Croatia,2018,0,0,0.018889918072681814
338,Croatia,2019,0,0,0.019943113000975073
339,Croatia,2020,0,0,0.021618134363960775
340,Croatia,2021,0,0,0.03226127609922733
341,Croatia,2022,0,0,0.04084048787308992
342,Croatia,2023,0,0,0.041608194658627314
343,Bosnia-Herzegovina,2017,0,0,0.04413229678049418
344,Bosnia-Herzegovina,2018,0,0,0.05011003210444049
345,Bosnia-Herzegovina,2019,0,0,0.05315207426238162
346,Bosnia-Herzegovina,2020,0,0,0.05322813737707771
347,Bosnia-Herzegovina,2021,0,0,0.05233660691645365
348,Bosnia-Herzegovina,2022,0,0,0.05233660691645365
349,Bosnia-Herzegovina,2023,0,0,0.051394260506053745
350,Slovenia,2017,0,0,0.025427486497323046
351,Slovenia,2018,0,0,0.028368218375647798
352,Slovenia,2019,0,0,0.013996792377178706
353,Slovenia,2020,0,0,0.011396495200358498
354,Slovenia,2021,0,0,0.011396495200358498
355,Slovenia,2022,0,0,0.01238708460105191
356,Slovenia,2023,0,0,0.01327861506167598
357,Greece,2017,0,0,0.0026930968981489036
358,Greece,2018,0,0,0.003436038948668963
359,Greece,2019,0,0,0.004921923049709082
360,Greece,2020,0,0,0.004426628349362376
361,Greece,2021,0,0,0.004178980999189023
362,Greece,2022,0,0,0.004178980999189023
363,Greece,2023,0,0,0.004178980999189023
364,Cyprus,2017,0,0,0.0003714710252600297
365,Cyprus,2018,0,0,0.0018573551263001485
366,Cyprus,2019,0,0,0.001114413075780089
367,Cyprus,2020,0,0,0.001114413075780089
368,Cyprus,2021,0,0,0.0020430906389301636
369,Cyprus,2022,0,0,0.001114413075780089
370,Cyprus,2023,0,0,0.0
371,Bulgaria,2017,0,0,0.00989538775571465
372,Bulgaria,2018,0,0,0.019906237068198437
373,Bulgaria,2019,0,0,0.021023008690170646
374,Bulgaria,2020,0,0,0.01976826211595899
375,Bulgaria,2021,0,0,0.027692977321506294
376,Bulgaria,2022,0,0,0.027381542017500413
377,Bulgaria,2023,0,0,0.028124484068020473
378,Moldova,2017,0,0,0.106805878649295
379,Moldova,2018,0,0,0.11377873903968883
380,Moldova,2019,0,0,0.11853356816301722
381,Moldova,2020,0,0,0.1210320850003156
382,Moldova,2021,0,0,0.09628029118331767
383,Moldova,2022,0,0,0.06329890901917179
384,Moldova,2023,0,0,0.0554420721133007
385,Romania,2017,0,0,0.09528544176739268
386,Romania,2018,0,0,0.10827631419362917
387,Romania,2019,0,0,0.12321011738894795
388,Romania,2020,0,0,0.12354708024448438
389,Romania,2021,0,0,0.11480269189385532
390,Romania,2022,0,0,0.10997533747511905
391,Romania,2023,0,0,0.11117900008294213
392,Russia (Soviet Union),2017,1,1,0.8451858145350848
393,Russia (Soviet Union),2018,1,1,0.8254101592839463
394,Russia (Soviet Union),2019,1,1,0.7923582763806519
395,Russia (Soviet Union),2020,1,1,0.8131323102501321
396,Russia (Soviet Union),2021,0,1,0.8380681656280379
397,Russia (Soviet Union),2022,0,1,0.8616951165209624
398,Russia (Soviet Union),2023,1,1,0.8554337948807405
399,Estonia,2017,0,0,0.0014505059081582111
400,Estonia,2018,0,0,0.005294754774695339
401,Estonia,2019,0,0,0.015178135386159159
402,Estonia,2020,0,0,0.031450091925574845
403,Estonia,2021,0,0,0.013741780755153712
404,Estonia,2022,0,0,0.001962129005219644
405,Estonia,2023,0,0,0.0014858841010401188
406,Latvia,2017,0,0,0.00415285556444546
407,Latvia,2018,0,0,0.009928184742449228
408,Latvia,2019,0,0,0.006569705678175219
409,Latvia,2020,0,0,0.006866882498383242
410,Latvia,2021,0,0,0.0022402560292604868
411,Latvia,2022,0,0,0.001981178801386825
412,Latvia,2023,0,0,0.001981178801386825
413,Lithuania,2017,0,0,0.0003549612019151395
414,Lithuania,2018,0,0,0.0003549612019151395
415,Lithuania,2019,0,0,0.0020046735499930153
416,Lithuania,2020,0,0,0.0007429420505200594
417,Lithuania,2021,0,0,0.0007429420505200594
418,Lithuania,2022,0,0,0.0034546805349182767
419,Lithuania,2023,0,0,0.0010896483407627539
420,Ukraine,2017,1,1,0.5814912139206342
421,Ukraine,2018,1,1,0.5800053298195942
422,Ukraine,2019,1,1,0.5773519653534511
423,Ukraine,2020,1,1,0.5793331441548378
424,Ukraine,2021,1,1,0.5438841722088378
425,Ukraine,2022,1,1,0.5781467830502005
426,Ukraine,2023,0,1,0.545830073838989
427,Belarus,2017,0,0,0.011811894754819321
428,Belarus,2018,0,0,0.012151525406485635
429,Belarus,2019,0,0,0.012151525406485635
430,Belarus,2020,0,0,0.012151525406485635
431,Belarus,2021,0,0,0.011408583355965576
432,Belarus,2022,0,0,0.008508624444731426
433,Belarus,2023,0,0,0.004444350432463359
434,Armenia,2017,0,0,0.06656185155442214
435,Armenia,2018,0,0,0.08204728241875342
436,Armenia,2019,0,0,0.08318646022955085
437,Armenia,2020,0,0,0.08775024711131693
438,Armenia,2021,0,0,0.09496739845922608
439,Armenia,2022,1,0,0.09496739845922608
440,Armenia,2023,0,0,0.08847196224610786
441,Georgia,2017,0,0,0.030551062335871352
442,Georgia,2018,0,0,0.030551062335871352
443,Georgia,2019,0,0,0.033713658366223705
444,Georgia,2020,0,0,0.033503158118576355
445,Georgia,2021,0,0,0.03510461098303071
446,Georgia,2022,0,0,0.03190074039431613
447,Georgia,2023,0,0,0.03508477775368782
448,Azerbaijan,2017,1,1,0.8599593410066712
449,Azerbaijan,2018,0,1,0.8469734330727692
450,Azerbaijan,2019,0,1,0.8077364235905892
451,Azerbaijan,2020,1,1,0.6314979398035953
452,Azerbaijan,2021,1,1,0.6251121017684259
453,Azerbaijan,2022,1,1,0.6053304672000593
454,Azerbaijan,2023,1,1,0.5767941756065612
455,Finland,2017,0,0,0.0
456,Finland,2018,0,0,0.0
457,Finland,2019,0,0,0.0
458,Finland,2020,0,0,0.0
459,Finland,2021,0,0,0.0
460,Finland,2022,0,0,0.0
461,Finland,2023,0,0,0.0
462,Sweden,2017,0,0,0.0
463,Sweden,2018,0,0,0.0
464,Sweden,2019,0,0,0.0
465,Sweden,2020,0,0,0.0
466,Sweden,2021,0,0,0.0
467,Sweden,2022,0,0,0.0
468,Sweden,2023,0,0,0.0
469,Norway,2017,0,0,0.0
470,Norway,2018,0,0,0.0
471,Norway,2019,0,0,0.0
472,Norway,2020,0,0,0.0
473,Norway,2021,0,0,0.0006603929337956083
474,Norway,2022,0,0,0.0
475,Norway,2023,0,0,0.0
476,Denmark,2017,0,0,0.0
477,Denmark,2018,0,0,0.0
478,Denmark,2019,0,0,0.0
479,Denmark,2020,0,0,0.0
480,Denmark,2021,0,0,0.0
481,Denmark,2022,0,0,0.0
482,Denmark,2023,0,0,0.0
483,Iceland,2017,0,0,0.0
484,Iceland,2018,0,0,0.0
485,Iceland,2019,0,0,0.006490352144141149
486,Iceland,2020,0,0,0.010489856849440801
487,Iceland,2021,0,0,0.009127796423487359
488,Iceland,2022,0,0,0.007540861812778603
489,Iceland,2023,0,0,0.009472511144130757
490,Cabo Verde,2017,0,0,0.0029717682020802376
491,Cabo Verde,2018,0,0,0.011991846687240447
492,Cabo Verde,2019,0,0,0.02117534520952054
493,Cabo Verde,2020,0,0,0.0203181043819974
494,Cabo Verde,2021,0,0,0.018337810035432618
495,Cabo Verde,2022,0,0,0.022360953805976094
496,Cabo Verde,2023,0,0,0.021246540730196002
497,Guinea-Bissau,2017,0,0,0.020076530700602023
498,Guinea-Bissau,2018,0,0,0.028399137184426933
499,Guinea-Bissau,2019,0,0,0.028504251238277985
500,Guinea-Bissau,2020,0,0,0.016000204187425583
501,Guinea-Bissau,2021,0,0,0.017126409994166307
502,Guinea-Bissau,2022,0,0,0.021113532331957292
503,Guinea-Bissau,2023,0,0,0.027745755977553896
504,Equatorial Guinea,2017,0,0,0.06671573359581401
505,Equatorial Guinea,2018,0,0,0.07924443817503865
506,Equatorial Guinea,2019,0,0,0.09241806082117243
507,Equatorial Guinea,2020,0,0,0.0869739812576977
508,Equatorial Guinea,2021,0,0,0.06739124339421516
509,Equatorial Guinea,2022,0,0,0.07135971242681187
510,Equatorial Guinea,2023,0,0,0.07675148096865468
511,Gambia,2017,0,0,0.09042621277565774
512,Gambia,2018,0,0,0.08759325176878163
513,Gambia,2019,0,0,0.10731112676154521
514,Gambia,2020,0,0,0.1116553014372031
515,Gambia,2021,0,0,0.08983782698883976
516,Gambia,2022,0,0,0.05242190531937931
517,Gambia,2023,0,0,0.056842410519973664
518,Mali,2017,1,1,0.863177056411914
519,Mali,2018,1,1,0.8387568835519194
520,Mali,2019,1,1,0.7895625008628683
521,Mali,2020,1,1,0.7019279391618717
522,Mali,2021,1,1,0.6276926515782383
523,Mali,2022,1,1,0.6053891166326703
524,Mali,2023,1,1,0.5917578782986088
525,Senegal,2017,0,0,0.03408451586386207
526,Senegal,2018,0,0,0.033377702452739605
527,Senegal,2019,0,0,0.06127607533625365
528,Senegal,2020,0,0,0.1094784796679299
529,Senegal,2021,0,0,0.20118673838956153
530,Senegal,2022,0,0,0.3714602798555251
531,Senegal,2023,0,0,0.39223607002210287
532,Benin,2017,0,0,0.013390646005802025
533,Benin,2018,0,0,0.022268412520575792
534,Benin,2019,0,0,0.0222722609238211
535,Benin,2020,0,0,0.018606865727965282
536,Benin,2021,0,0,0.020274947522347226
537,Benin,2022,1,0,0.019692386612891816
538,Benin,2023,1,0,0.02936087356592557
539,Mauritania,2017,0,0,0.08904244276152327
540,Mauritania,2018,0,0,0.09663460295398064
541,Mauritania,2019,0,0,0.1123922449516803
542,Mauritania,2020,0,0,0.10845634471191677
543,Mauritania,2021,0,0,0.12034624406466901
544,Mauritania,2022,0,0,0.12378236341832183
545,Mauritania,2023,0,0,0.14535381420315102
546,Niger,2017,1,1,0.7305509685906939
547,Niger,2018,1,1,0.6997666111336242
548,Niger,2019,1,1,0.7233491454888182
549,Niger,2020,1,1,0.7297591112041332
550,Niger,2021,1,1,0.7280786862139014
551,Niger,2022,1,1,0.7018553924200283
552,Niger,2023,1,1,0.6929253139134266
553,Ivory Coast,2017,0,0,0.04437016936884676
554,Ivory Coast,2018,0,0,0.060259740421865125
555,Ivory Coast,2019,0,0,0.07983626345306873
556,Ivory Coast,2020,0,0,0.10158178720453609
557,Ivory Coast,2021,0,0,0.09942177353001319
558,Ivory Coast,2022,0,0,0.10441009872636216
559,Ivory Coast,2023,0,0,0.10700493309398737
560,Guinea,2017,0,0,0.022629199263671775
561,Guinea,2018,0,0,0.017080460789489722
562,Guinea,2019,0,0,0.032347910468267085
563,Guinea,2020,0,0,0.08517965854518603
564,Guinea,2021,0,0,0.1154953392323377
565,Guinea,2022,0,0,0.09851338606910674
566,Guinea,2023,0,0,0.0886527538830659
567,Burkina Faso,2017,0,0,0.12478972132083747
568,Burkina Faso,2018,1,0,0.137465727830425
569,Burkina Faso,2019,1,0,0.1455730757408933
570,Burkina Faso,2020,1,0,0.1613378706290166
571,Burkina Faso,2021,1,0,0.25774394782348625
572,Burkina Faso,2022,1,0,0.30258822769748384
573,Burkina Faso,2023,1,0,0.3465580491627166
574,Liberia,2017,0,0,0.04822969873118462
575,Liberia,2018,0,0,0.06489591595460838
576,Liberia,2019,0,0,0.0812091656073825
577,Liberia,2020,0,0,0.060036024561634226
578,Liberia,2021,0,0,0.060961490048763896
579,Liberia,2022,0,0,0.06523112663637969
580,Liberia,2023,0,0,0.08775481394461379
581,Sierra Leone,2017,0,0,0.047847531781409935
582,Sierra Leone,2018,0,0,0.031665375238926506
583,Sierra Leone,2019,0,0,0.03583410563351128
584,Sierra Leone,2020,0,0,0.03990898898031142
585,Sierra Leone,2021,0,0,0.03617251577875649
586,Sierra Leone,2022,0,0,0.03652303202823262
587,Sierra Leone,2023,0,0,0.03488855951708849
588,Ghana,2017,0,0,0.012996179155168751
589,Ghana,2018,0,0,0.013739121205688815
590,Ghana,2019,0,0,0.027483549140309916
591,Ghana,2020,0,0,0.017689096440953796
592,Ghana,2021,0,0,0.014717328238873556
593,Ghana,2022,0,0,0.014717328238873556
594,Ghana,2023,0,0,0.015460270289393615
595,Togo,2017,0,0,0.06185366556837584
596,Togo,2018,0,0,0.04687367692568285
597,Togo,2019,0,0,0.0076786223517278495
598,Togo,2020,0,0,0.0076786223517278495
599,Togo,2021,0,0,0.015138998775700113
600,Togo,2022,1,0,0.02072682353142977
601,Togo,2023,1,0,0.01647179178754216
602,Cameroon,2017,1,1,0.6031675169213178
603,Cameroon,2018,1,1,0.5397823673177432
604,Cameroon,2019,1,0,0.49198955834365626
605,Cameroon,2020,1,0,0.46623577811365025
606,Cameroon,2021,1,0,0.4478511909326292
607,Cameroon,2022,1,0,0.43344741593537467
608,Cameroon,2023,1,0,0.40452498868456715
609,Nigeria,2017,1,1,0.8340274522866336
610,Nigeria,2018,1,1,0.8261709054693317
611,Nigeria,2019,1,1,0.8120778235762325
612,Nigeria,2020,1,1,0.7290479901935012
613,Nigeria,2021,1,1,0.6934218254308975
614,Nigeria,2022,1,1,0.6515220485866227
615,Nigeria,2023,1,1,0.5985688290745359
616,Gabon,2017,0,0,0.006256633411165357
617,Gabon,2018,0,0,0.0031610415339984434
618,Gabon,2019,0,0,0.007742109302287607
619,Gabon,2020,0,0,0.007356165379939525
620,Gabon,2021,0,0,0.025384047189396377
621,Gabon,2022,0,0,0.03508120985832724
622,Gabon,2023,0,0,0.0353270882988565
623,Central African Republic,2017,1,1,0.5947869725861162
624,Central African Republic,2018,1,1,0.5925565383348795
625,Central African Republic,2019,1,1,0.5938929681259899
626,Central African Republic,2020,1,1,0.5840655320410151
627,Central African Republic,2021,1,1,0.5886713220982516
628,Central African Republic,2022,1,1,0.5881631626004933
629,Central African Republic,2023,1,1,0.5868313839284471
630,Chad,2017,1,0,0.34657210208626155
631,Chad,2018,1,0,0.43673801591487993
632,Chad,2019,1,0,0.4409613433551465
633,Chad,2020,1,0,0.47044914752719996
634,Chad,2021,1,1,0.5669371293857787
635,Chad,2022,1,1,0.6619863100218839
636,Chad,2023,1,1,0.6717445666532286
637,Congo,2017,0,0,0.3982791337922238
638,Congo,2018,0,0,0.3904843530405337
639,Congo,2019,0,0,0.2951045928888774
640,Congo,2020,0,0,0.2208944893882837
641,Congo,2021,0,0,0.17897801098570268
642,Congo,2022,0,0,0.1671220198577948
643,Congo,2023,0,0,0.14455093484243037
644,DR Congo (Zaire),2017,1,1,0.968619268348313
645,DR Congo (Zaire),2018,1,1,0.958420619795281
646,DR Congo (Zaire),2019,1,1,0.9498880429120357
647,DR Congo (Zaire),2020,1,1,0.9323132720497462
648,DR Congo (Zaire),2021,1,1,0.8957720170747878
649,DR Congo (Zaire),2022,1,1,0.8897713312821259
650,DR Congo (Zaire),2023,1,1,0.8886734280296907
651,Uganda,2017,0,0,0.07928709635400487
652,Uganda,2018,0,0,0.08208551141096376
653,Uganda,2019,0,0,0.11395804699820956
654,Uganda,2020,0,0,0.15888369477544376
655,Uganda,2021,0,0,0.17636842366628822
656,Uganda,2022,0,0,0.1784375592137036
657,Uganda,2023,0,0,0.19255345817358474
658,Kenya,2017,1,1,0.5771059536322627
659,Kenya,2018,1,1,0.5029311872125002
660,Kenya,2019,1,0,0.47956249712761395
661,Kenya,2020,1,0,0.46841836636981304
662,Kenya,2021,1,0,0.4561350578012147
663,Kenya,2022,1,0,0.44013253630092214
664,Kenya,2023,1,0,0.393729908880464
665,Tanzania,2017,0,0,0.24883223718662054
666,Tanzania,2018,0,0,0.27857144300309233
667,Tanzania,2019,0,0,0.2985948569343814
668,Tanzania,2020,0,0,0.3221567416403969
669,Tanzania,2021,0,0,0.3361718127505646
670,Tanzania,2022,0,0,0.340419917295846
671,Tanzania,2023,0,0,0.3504265443158459
672,Burundi,2017,0,1,0.5131213715340974
673,Burundi,2018,0,0,0.4779831009389173
674,Burundi,2019,0,0,0.4806237036909615
675,Burundi,2020,1,0,0.4706425695379895
676,Burundi,2021,0,0,0.30645967009507175
677,Burundi,2022,0,0,0.20895095384759751
678,Burundi,2023,1,0,0.19103042821467792
679,Rwanda,2017,0,0,0.10730319067411197
680,Rwanda,2018,0,0,0.11638801578791179
681,Rwanda,2019,0,0,0.13909540168251908
682,Rwanda,2020,0,0,0.13830293016196435
683,Rwanda,2021,0,0,0.13600763024798923
684,Rwanda,2022,0,0,0.126117689414512
685,Rwanda,2023,0,0,0.13683486970821532
686,Somalia,2017,1,1,0.6987346998775195
687,Somalia,2018,1,1,0.6727014154304164
688,Somalia,2019,1,1,0.6441163798617255
689,Somalia,2020,1,1,0.6123164568875171
690,Somalia,2021,1,1,0.5577131670250715
691,Somalia,2022,1,0,0.4450164276720082
692,Somalia,2023,1,0,0.35784286293201606
693,Djibouti,2017,0,0,0.0009905894006934125
694,Djibouti,2018,0,0,0.0
695,Djibouti,2019,0,0,0.0
696,Djibouti,2020,0,0,0.0
697,Djibouti,2021,0,0,0.0020802377414561664
698,Djibouti,2022,0,0,0.004415198471662067
699,Djibouti,2023,0,0,0.004415198471662067
700,Ethiopia,2017,0,1,0.8695221141907578
701,Ethiopia,2018,0,1,0.8545692529526066
702,Ethiopia,2019,1,1,0.8449872981342214
703,Ethiopia,2020,1,1,0.6680473182159177
704,Ethiopia,2021,1,1,0.7732874780065973
705,Ethiopia,2022,1,1,0.770761475034829
706,Ethiopia,2023,1,1,0.7724571310089573
707,Eritrea,2017,0,0,0.05855365608665147
708,Eritrea,2018,0,0,0.08446875551586681
709,Eritrea,2019,0,0,0.0723256247292608
710,Eritrea,2020,0,0,0.0611788852360044
711,Eritrea,2021,0,0,0.044235147118417806
712,Eritrea,2022,0,0,0.04207442398815529
713,Eritrea,2023,0,0,0.05048735825547293
714,Angola,2017,0,0,0.005414182977333051
715,Angola,2018,0,0,0.007230263545270975
716,Angola,2019,0,0,0.01243536057800545
717,Angola,2020,0,0,0.01243536057800545
718,Angola,2021,0,0,0.01243536057800545
719,Angola,2022,0,0,0.019864781083206048
720,Angola,2023,0,0,0.014862304609704311
721,Mozambique,2017,0,0,0.3029551613591469
722,Mozambique,2018,1,0,0.22258732670082185
723,Mozambique,2019,1,0,0.2071947285444794
724,Mozambique,2020,1,0,0.2003174799881818
725,Mozambique,2021,1,0,0.19691072082362174
726,Mozambique,2022,1,0,0.19496315130547268
727,Mozambique,2023,1,0,0.190406440062283
728,Zambia,2017,0,0,0.07638079478718411
729,Zambia,2018,0,0,0.07110590622849167
730,Zambia,2019,0,0,0.08251006670397458
731,Zambia,2020,0,0,0.0938643101161675
732,Zambia,2021,0,0,0.11221898664320652
733,Zambia,2022,0,0,0.08122533113246339
734,Zambia,2023,0,0,0.09495500990671868
735,Zimbabwe,2017,0,0,0.05908692740700434
736,Zimbabwe,2018,0,0,0.09462172445740319
737,Zimbabwe,2019,0,0,0.06927488888855905
738,Zimbabwe,2020,0,0,0.0638146895204845
739,Zimbabwe,2021,0,0,0.04869166865823627
740,Zimbabwe,2022,0,0,0.04884941911316354
741,Zimbabwe,2023,0,0,0.06611647804069797
742,Malawi,2017,0,0,0.055780212780256494
743,Malawi,2018,0,0,0.08659338590397939
744,Malawi,2019,0,0,0.09921739767579292
745,Malawi,2020,0,0,0.10860402598886995
746,Malawi,2021,0,0,0.13379769479323714
747,Malawi,2022,0,0,0.10768631236684728
748,Malawi,2023,0,0,0.09000686040061968
749,South Africa,2017,0,0,0.03726167344295131
750,South Africa,2018,0,0,0.032697886561185226
751,South Africa,2019,0,0,0.026492551529698635
752,South Africa,2020,0,0,0.0319407932335124
753,South Africa,2021,0,0,0.04574890191532093
754,South Africa,2022,0,0,0.057623274859530435
755,South Africa,2023,0,0,0.06791832898816554
756,Namibia,2017,0,0,0.03650684588648927
757,Namibia,2018,0,0,0.04457727675213034
758,Namibia,2019,0,0,0.047108898613356265
759,Namibia,2020,0,0,0.056593037772165
760,Namibia,2021,0,0,0.07478863164405464
761,Namibia,2022,0,0,0.15542454888844143
762,Namibia,2023,0,0,0.14258284137929822
763,Lesotho,2017,0,0,0.023567022378315098
764,Lesotho,2018,0,0,0.016913744996954506
765,Lesotho,2019,0,0,0.017656687047474567
766,Lesotho,2020,0,0,0.015725037716122412
767,Lesotho,2021,0,0,0.016170802946434446
768,Lesotho,2022,0,0,0.013842917854804926
769,Lesotho,2023,0,0,0.014585859905324986
770,Botswana,2017,0,0,0.025847066504570224
771,Botswana,2018,0,0,0.039596961978091254
772,Botswana,2019,0,0,0.04485609115995446
773,Botswana,2020,0,0,0.04250344133330761
774,Botswana,2021,0,0,0.04893283825304629
775,Botswana,2022,0,0,0.045239354916175124
776,Botswana,2023,0,0,0.06727192858322131
777,eSwatini,2017,0,0,0.003431684709545036
778,eSwatini,2018,0,0,0.013778198027826555
779,eSwatini,2019,0,0,0.007493101252388027
780,eSwatini,2020,0,0,0.006934125804853887
781,eSwatini,2021,0,0,0.004705299653293709
782,eSwatini,2022,0,0,0.007578008915304605
783,eSwatini,2023,0,0,0.004228015669323248
784,Madagascar,2017,0,0,0.027294068186472682
785,Madagascar,2018,0,0,0.028770427389429205
786,Madagascar,2019,0,0,0.02797152347016868
787,Madagascar,2020,0,0,0.030481016618591993
788,Madagascar,2021,0,0,0.03692692336167556
789,Madagascar,2022,0,0,0.03885857269302771
790,Madagascar,2023,0,0,0.04139695803230458
791,Comoros,2017,0,0,0.0104475019779626
792,Comoros,2018,0,0,0.007542630722422698
793,Comoros,2019,0,0,0.016390957977139256
794,Comoros,2020,0,0,0.014910702224966715
795,Comoros,2021,0,0,0.017783974321864366
796,Comoros,2022,0,0,0.014193087744350746
797,Comoros,2023,0,0,0.01813068061210706
798,Mauritius,2017,0,0,0.03671630911601193
799,Mauritius,2018,0,0,0.043770131140116283
800,Mauritius,2019,0,0,0.04181371707374679
801,Mauritius,2020,0,0,0.049429157601520154
802,Mauritius,2021,0,0,0.050738150738150745
803,Mauritius,2022,0,0,0.06549793280848258
804,Mauritius,2023,0,0,0.06201309009629961
805,Morocco,2017,0,0,0.07538978274490905
806,Morocco,2018,0,0,0.09348498208082158
807,Morocco,2019,0,0,0.1391006261362873
808,Morocco,2020,0,0,0.14394625928801258
809,Morocco,2021,0,0,0.15438084286524106
810,Morocco,2022,0,0,0.15510255800003198
811,Morocco,2023,0,0,0.15551900221291007
812,Algeria,2017,1,1,0.8783291458619458
813,Algeria,2018,1,1,0.8606779263533715
814,Algeria,2019,0,1,0.8357359787516911
815,Algeria,2020,1,1,0.8529783597767399
816,Algeria,2021,0,1,0.8255861120561715
817,Algeria,2022,0,1,0.8146340749897212
818,Algeria,2023,0,1,0.8060563735682998
819,Tunisia,2017,0,1,0.7248240739975226
820,Tunisia,2018,0,1,0.6950068794700754
821,Tunisia,2019,0,1,0.6518992235466691
822,Tunisia,2020,0,1,0.6303916387589952
823,Tunisia,2021,0,1,0.6291566182074813
824,Tunisia,2022,0,1,0.6252942637879203
825,Tunisia,2023,0,1,0.5222917592951613
826,Libya,2017,1,1,0.6569690852177891
827,Libya,2018,1,1,0.5442100368723917
828,Libya,2019,1,1,0.5400225453149149
829,Libya,2020,1,1,0.5265534858948898
830,Libya,2021,0,1,0.5165227250097455
831,Libya,2022,0,1,0.5040084365711497
832,Libya,2023,0,0,0.4960176820722229
833,Sudan,2017,1,1,0.9456275316230739
834,Sudan,2018,1,1,0.9281199071689412
835,Sudan,2019,0,1,0.9336584333612565
836,Sudan,2020,1,1,0.9358491599204822
837,Sudan,2021,1,1,0.8047803455176067
838,Sudan,2022,1,1,0.8033274810632564
839,Sudan,2023,1,1,0.7936078586021776
840,South Sudan,2017,1,1,0.6275521292554332
841,South Sudan,2018,1,1,0.6147692789540095
842,South Sudan,2019,1,1,0.5473178795342506
843,South Sudan,2020,1,1,0.5416046724837478
844,South Sudan,2021,1,1,0.5099667462692985
845,South Sudan,2022,0,0,0.43780177142536203
846,South Sudan,2023,0,0,0.4245721044438378
847,Iran,2017,1,0,0.4327051948042245
848,Iran,2018,1,0,0.43547367446720636
849,Iran,2019,1,0,0.4420929343554111
850,Iran,2020,1,0,0.4394212603334113
851,Iran,2021,1,0,0.4316394618941091
852,Iran,2022,1,0,0.42360713801854605
853,Iran,2023,1,0,0.47940512284699144
854,Turkey,2017,1,1,0.7815573630312518
855,Turkey,2018,1,1,0.785718436397377
856,Turkey,2019,1,1,0.7231052891854414
857,Turkey,2020,1,1,0.7215068381070496
858,Turkey,2021,1,1,0.7143631645443568
859,Turkey,2022,1,1,0.7120810304183004
860,Turkey,2023,1,1,0.7087377911909601
861,Iraq,2017,1,1,0.9174838489550927
862,Iraq,2018,1,1,0.8949892146476796
863,Iraq,2019,1,1,0.8447000230246885
864,Iraq,2020,1,1,0.8166711672840944
865,Iraq,2021,1,1,0.8164294162994012
866,Iraq,2022,1,1,0.8038690053548894
867,Iraq,2023,1,1,0.7743190013183894
868,Egypt,2017,1,1,0.7975945547814266
869,Egypt,2018,1,1,0.7790669951691718
870,Egypt,2019,1,1,0.7235124107796955
871,Egypt,2020,1,1,0.7118378751452786
872,Egypt,2021,1,1,0.6028692090378134
873,Egypt,2022,1,1,0.5429992267102225
874,Egypt,2023,0,0,0.47782391168349597
875,Syria,2017,1,1,0.6599680418446262
876,Syria,2018,1,1,0.5780460159590043
877,Syria,2019,1,1,0.5182986558401732
878,Syria,2020,1,0,0.4506333804974659
879,Syria,2021,1,0,0.44605887295119007
880,Syria,2022,1,0,0.4528240039733792
881,Syria,2023,1,0,0.3448416651960924
882,Lebanon,2017,1,0,0.4124109878978683
883,Lebanon,2018,0,0,0.39699624647578474
884,Lebanon,2019,0,0,0.3910708692279707
885,Lebanon,2020,0,0,0.39417294710716594
886,Lebanon,2021,0,0,0.3814863271397138
887,Lebanon,2022,0,0,0.3806932659826111
888,Lebanon,2023,1,0,0.3805712112171685
889,Jordan,2017,0,0,0.35533842887002587
890,Jordan,2018,0,0,0.34948333794807007
891,Jordan,2019,0,0,0.35047392734876354
892,Jordan,2020,0,0,0.3502709315662729
893,Jordan,2021,0,0,0.35654536952718946
894,Jordan,2022,0,0,0.3541132795765259
895,Jordan,2023,0,0,0.3528945544350668
896,Israel,2017,0,0,0.27831258782880125
897,Israel,2018,1,0,0.281807635788931
898,Israel,2019,1,0,0.28310412285807773
899,Israel,2020,0,0,0.28533572376986394
900,Israel,2021,1,0,0.3154247160059588
901,Israel,2022,1,0,0.3188219873824277
902,Israel,2023,1,0,0.32548370110209096
903,Saudi Arabia,2017,1,1,0.662960497839902
904,Saudi Arabia,2018,0,1,0.636667276450098
905,Saudi Arabia,2019,0,1,0.636667276450098
906,Saudi Arabia,2020,0,1,0.6416202234535652
907,Saudi Arabia,2021,0,1,0.640667733645206
908,Saudi Arabia,2022,0,1,0.6320541085382675
909,Saudi Arabia,2023,0,1,0.6327318194685787
910,Yemen (North Yemen),2017,1,1,0.8297630949816186
911,Yemen (North Yemen),2018,1,1,0.8173510161942235
912,Yemen (North Yemen),2019,1,1,0.8013958532294021
913,Yemen (North Yemen),2020,1,1,0.7623428372731433
914,Yemen (North Yemen),2021,1,1,0.7231732813873913
915,Yemen (North Yemen),2022,1,1,0.6692014448495641
916,Yemen (North Yemen),2023,1,1,0.6491523817284356
917,Kuwait,2017,0,0,0.02256235592045399
918,Kuwait,2018,0,0,0.02423397553412412
919,Kuwait,2019,0,0,0.025083052163289907
920,Kuwait,2020,0,0,0.026942819439104728
921,Kuwait,2021,0,0,0.010087502063727917
922,Kuwait,2022,0,0,0.00884926531286115
923,Kuwait,2023,0,0,0.00884926531286115
924,Bahrain,2017,0,0,0.02852897473997028
925,Bahrain,2018,0,0,0.02852897473997028
926,Bahrain,2019,0,0,0.011812778603268945
927,Bahrain,2020,0,0,0.018623080733036153
928,Bahrain,2021,0,0,0.044275808391707354
929,Bahrain,2022,0,0,0.07275171584235475
930,Bahrain,2023,0,0,0.07275171584235475
931,Qatar,2017,0,0,0.0
932,Qatar,2018,0,0,0.0
933,Qatar,2019,0,0,0.0011887072808320952
934,Qatar,2020,0,0,0.0040118870728083214
935,Qatar,2021,0,0,0.0
936,Qatar,2022,0,0,0.0011887072808320952
937,Qatar,2023,0,0,0.0011887072808320952
938,United Arab Emirates,2017,0,0,0.0002971768202080238
939,United Arab Emirates,2018,0,0,0.0002971768202080238
940,United Arab Emirates,2019,0,0,0.0002971768202080238
941,United Arab Emirates,2020,0,0,0.0002971768202080238
942,United Arab Emirates,2021,0,0,0.0002971768202080238
943,United Arab Emirates,2022,0,0,0.0002971768202080238
944,United Arab Emirates,2023,0,0,0.0002971768202080238
945,Oman,2017,0,0,0.0
946,Oman,2018,0,0,0.0
947,Oman,2019,0,0,0.0
948,Oman,2020,0,0,0.0
949,Oman,2021,0,0,0.0
950,Oman,2022,0,0,0.0
951,Oman,2023,0,0,0.0
952,Afghanistan,2017,1,1,0.8817218985957688
953,Afghanistan,2018,1,1,0.8760000655336683
954,Afghanistan,2019,1,1,0.8796339941238943
955,Afghanistan,2020,1,1,0.880279522444014
956,Afghanistan,2021,1,1,0.8828600935981364
957,Afghanistan,2022,1,1,0.8725894825845832
958,Afghanistan,2023,1,1,0.8610344452494569
959,Turkmenistan,2017,0,0,0.09404558830636095
960,Turkmenistan,2018,0,0,0.18879380429880938
961,Turkmenistan,2019,0,0,0.271192324550227
962,Turkmenistan,2020,0,0,0.3144149368008963
963,Turkmenistan,2021,0,0,0.32866808088316385
964,Turkmenistan,2022,0,0,0.3506372686212966
965,Turkmenistan,2023,0,0,0.3618210328511232
966,Tajikistan,2017,0,0,0.05752799592389661
967,Tajikistan,2018,0,0,0.0766870109224362
968,Tajikistan,2019,0,0,0.12654498067267927
969,Tajikistan,2020,0,0,0.17608429213184046
970,Tajikistan,2021,0,0,0.2392225176662726
971,Tajikistan,2022,0,0,0.27997549338559724
972,Tajikistan,2023,0,0,0.25349540669005743
973,Kyrgyzstan,2017,0,0,0.11210755976729234
974,Kyrgyzstan,2018,0,0,0.17533345748036452
975,Kyrgyzstan,2019,0,0,0.20219173210981303
976,Kyrgyzstan,2020,0,0,0.24794325452421462
977,Kyrgyzstan,2021,0,0,0.27118107415876525
978,Kyrgyzstan,2022,0,0,0.29544502219685886
979,Kyrgyzstan,2023,0,0,0.26524015335802587
980,Uzbekistan,2017,0,0,0.0710820337609264
981,Uzbekistan,2018,0,0,0.08887629992072003
982,Uzbekistan,2019,0,0,0.11868368916347334
983,Uzbekistan,2020,0,0,0.1326068656237969
984,Uzbekistan,2021,0,0,0.13346886890036183
985,Uzbekistan,2022,0,0,0.12709855976943646
986,Uzbekistan,2023,0,0,0.13276936246847096
987,Kazakhstan,2017,0,0,0.10231340176493578
988,Kazakhstan,2018,0,0,0.10157378942668696
989,Kazakhstan,2019,0,0,0.059904199317275114
990,Kazakhstan,2020,0,0,0.06904152888551106
991,Kazakhstan,2021,0,0,0.08143215130585116
992,Kazakhstan,2022,0,0,0.06127590834128725
993,Kazakhstan,2023,0,0,0.06242034752435942
994,China,2017,0,0,0.04053742669357561
995,China,2018,0,0,0.03676594227573161
996,China,2019,0,0,0.047696356586532256
997,China,2020,0,0,0.0926201013245416
998,China,2021,0,0,0.0926201013245416
999,China,2022,0,0,0.09283237048183306
1000,China,2023,0,0,0.09283237048183306
1001,Mongolia,2017,0,0,0.191132170818686
1002,Mongolia,2018,0,0,0.20034059488595102
1003,Mongolia,2019,0,0,0.2469271557057174
1004,Mongolia,2020,0,0,0.2888450813980074
1005,Mongolia,2021,0,0,0.3494417678246383
1006,Mongolia,2022,0,0,0.36294093169527325
1007,Mongolia,2023,0,0,0.3333783578009103
1008,South Korea,2017,0,0,0.0
1009,South Korea,2018,0,0,0.0
1010,South Korea,2019,0,0,0.0
1011,South Korea,2020,0,0,0.0028479445269935615
1012,South Korea,2021,0,0,0.0022907379891035167
1013,South Korea,2022,0,0,0.0022907379891035167
1014,South Korea,2023,0,0,0.0022907379891035167
1015,Japan,2017,0,0,0.00788963183093941
1016,Japan,2018,0,0,0.00788963183093941
1017,Japan,2019,0,0,0.009870810632326234
1018,Japan,2020,0,0,0.0259384065661926
1019,Japan,2021,0,0,0.04884786049347711
1020,Japan,2022,0,0,0.04884786049347711
1021,Japan,2023,0,0,0.04884786049347711
1022,India,2017,1,1,0.9177466770815257
1023,India,2018,1,1,0.9175980886714218
1024,India,2019,1,1,0.9045789136908797
1025,India,2020,1,1,0.9009283605516454
1026,India,2021,1,1,0.8700452392153293
1027,India,2022,1,1,0.8620173376138766
1028,India,2023,1,1,0.838555695244359
1029,Bhutan,2017,0,0,0.00720102911781961
1030,Bhutan,2018,0,0,0.023391966296869713
1031,Bhutan,2019,0,0,0.03340775123836045
1032,Bhutan,2020,0,0,0.014539076574737795
1033,Bhutan,2021,0,0,0.014539076574737795
1034,Bhutan,2022,0,0,0.015653489650517886
1035,Bhutan,2023,0,0,0.017139373751558
1036,Pakistan,2017,1,1,0.9710256744246343
1037,Pakistan,2018,1,1,0.9684996714528661
1038,Pakistan,2019,1,1,0.9541108120045713
1039,Pakistan,2020,1,1,0.9302031137098002
1040,Pakistan,2021,1,1,0.9154783469790899
1041,Pakistan,2022,1,1,0.9144877575783964
1042,Pakistan,2023,1,1,0.9085442211742358
1043,Bangladesh,2017,1,0,0.37937746612400114
1044,Bangladesh,2018,0,0,0.32116961816875345
1045,Bangladesh,2019,0,0,0.33919775562482557
1046,Bangladesh,2020,0,0,0.3459549038752874
1047,Bangladesh,2021,0,0,0.33491308536690123
1048,Bangladesh,2022,0,0,0.34592985463032727
1049,Bangladesh,2023,0,0,0.34251446533083685
1050,Myanmar (Burma),2017,1,1,0.9219946147531147
1051,Myanmar (Burma),2018,1,1,0.9098011659697699
1052,Myanmar (Burma),2019,1,1,0.9058686637198129
1053,Myanmar (Burma),2020,1,1,0.9051009569342755
1054,Myanmar (Burma),2021,1,1,0.8996336654342947
1055,Myanmar (Burma),2022,1,1,0.8907780213260504
1056,Myanmar (Burma),2023,1,1,0.8917345932335881
1057,Sri Lanka,2017,0,0,0.12019014536823296
1058,Sri Lanka,2018,0,0,0.0996085950875742
1059,Sri Lanka,2019,0,0,0.09987864862657277
1060,Sri Lanka,2020,0,0,0.09361686856879586
1061,Sri Lanka,2021,0,0,0.09138804241723568
1062,Sri Lanka,2022,0,0,0.09552375316513066
1063,Sri Lanka,2023,0,0,0.09371946532815338
1064,Maldives,2017,0,0,0.0005060153648563752
1065,Maldives,2018,0,0,0.002533664123560112
1066,Maldives,2019,0,0,0.003648077199340201
1067,Maldives,2020,0,0,0.01261291127561558
1068,Maldives,2021,0,0,0.04895928736939138
1069,Maldives,2022,0,0,0.04224095617111961
1070,Maldives,2023,0,0,0.016486806902854454
1071,Nepal,2017,0,0,0.14169818759050026
1072,Nepal,2018,0,0,0.15335952031424005
1073,Nepal,2019,0,0,0.16600588830979074
1074,Nepal,2020,0,0,0.17237809873103532
1075,Nepal,2021,0,0,0.21858441186550154
1076,Nepal,2022,0,0,0.2315610649795989
1077,Nepal,2023,0,0,0.23197376520656363
1078,Thailand,2017,1,1,0.7880413443841261
1079,Thailand,2018,1,1,0.7855563731792002
1080,Thailand,2019,1,1,0.768547717314675
1081,Thailand,2020,1,1,0.7179547134592814
1082,Thailand,2021,1,1,0.7053174621518965
1083,Thailand,2022,1,1,0.7002324365616703
1084,Thailand,2023,1,1,0.6791695469995237
1085,Cambodia (Kampuchea),2017,0,0,0.08662274451650383
1086,Cambodia (Kampuchea),2018,0,0,0.13797663043576858
1087,Cambodia (Kampuchea),2019,0,0,0.1768787057420044
1088,Cambodia (Kampuchea),2020,0,1,0.6063676941594084
1089,Cambodia (Kampuchea),2021,0,1,0.5583043203530924
1090,Cambodia (Kampuchea),2022,0,1,0.5190566458713911
1091,Cambodia (Kampuchea),2023,0,0,0.3365726493009948
1092,Laos,2017,0,0,0.01281057971251136
1093,Laos,2018,0,0,0.020145658370026867
1094,Laos,2019,0,0,0.02103209020873561
1095,Laos,2020,0,0,0.024715195117694898
1096,Laos,2021,0,0,0.028165748196776957
1097,Laos,2022,0,0,0.031819672281607425
1098,Laos,2023,0,0,0.04883079389896976
1099,Vietnam,2017,0,0,0.02780018396660299
1100,Vietnam,2018,0,0,0.030771952168683222
1101,Vietnam,2019,0,0,0.031069128988891245
1102,Vietnam,2020,0,0,0.03218354206467134
1103,Vietnam,2021,0,0,0.03218354206467134
1104,Vietnam,2022,0,0,0.03328843024236784
1105,Vietnam,2023,0,0,0.0368816918594036
1106,Malaysia,2017,0,0,0.1312846709807203
1107,Malaysia,2018,0,0,0.13521175759725715
1108,Malaysia,2019,0,0,0.130294188786672
1109,Malaysia,2020,0,0,0.12349846676063797
1110,Malaysia,2021,0,0,0.12294126022274793
1111,Malaysia,2022,0,0,0.12439112289103557
1112,Malaysia,2023,0,0,0.12280617984992609
1113,Singapore,2017,0,0,0.00112752381784809
1114,Singapore,2018,0,0,0.00112752381784809
1115,Singapore,2019,0,0,0.00112752381784809
1116,Singapore,2020,0,0,0.0008915304606240713
1117,Singapore,2021,0,0,0.001077265973254086
1118,Singapore,2022,0,0,0.0008915304606240713
1119,Singapore,2023,0,0,0.0008915304606240713
1120,Philippines,2017,1,1,0.9849614806524168
1121,Philippines,2018,1,1,0.9676223561810485
1122,Philippines,2019,1,1,0.9589209288317759
1123,Philippines,2020,1,1,0.9570741871633401
1124,Philippines,2021,1,1,0.9550682436269361
1125,Philippines,2022,1,1,0.9520964754248559
1126,Philippines,2023,1,1,0.9457814679954354
1127,Indonesia,2017,0,0,0.07448556127321097
1128,Indonesia,2018,0,0,0.08273221803398363
1129,Indonesia,2019,0,0,0.09961152908119962
1130,Indonesia,2020,0,0,0.15499272127517044
1131,Indonesia,2021,1,0,0.15643336611237152
1132,Indonesia,2022,1,0,0.15702771975278756
1133,Indonesia,2023,1,0,0.15504654095140075
1134,East Timor,2017,0,0,0.0
1135,East Timor,2018,0,0,0.0
1136,East Timor,2019,0,0,0.0012382367508667657
1137,East Timor,2020,0,0,0.0012382367508667657
1138,East Timor,2021,0,0,0.0
1139,East Timor,2022,0,0,0.0
1140,East Timor,2023,0,0,0.0
1141,Australia,2017,0,0,0.0
1142,Australia,2018,0,0,0.0
1143,Australia,2019,0,0,0.0
1144,Australia,2020,0,0,0.0
1145,Australia,2021,0,0,0.0
1146,Australia,2022,0,0,0.0020307082714214955
1147,Australia,2023,0,0,0.010415339984433595
1148,Papua New Guinea,2017,0,0,0.062273660206705744
1149,Papua New Guinea,2018,0,0,0.06954667185916527
1150,Papua New Guinea,2019,0,0,0.08575099520102257
1151,Papua New Guinea,2020,0,0,0.08702461014477124
1152,Papua New Guinea,2021,0,0,0.09807730188096966
1153,Papua New Guinea,2022,0,0,0.1080668170710792
1154,Papua New Guinea,2023,0,0,0.11521529310339404
1155,New Zealand,2017,0,0,0.0
1156,New Zealand,2018,0,0,0.0
1157,New Zealand,2019,0,0,0.006934125804853887
1158,New Zealand,2020,0,0,0.006934125804853887
1159,New Zealand,2021,0,0,0.006934125804853887
1160,New Zealand,2022,0,0,0.006934125804853887
1161,New Zealand,2023,0,0,0.006934125804853887
1162,Solomon Islands,2017,0,0,0.0023019410835161203
1163,Solomon Islands,2018,0,0,0.005415222057123989
1164,Solomon Islands,2019,0,0,0.005993065874195146
1165,Solomon Islands,2020,0,0,0.0014858841010401188
1166,Solomon Islands,2021,0,0,0.0012052171041769854
1167,Solomon Islands,2022,0,0,0.002266562890634213
1168,Solomon Islands,2023,0,0,0.004075567819995755
1169,Fiji,2017,0,0,0.00835971405086867
1170,Fiji,2018,0,0,0.016817516724648967
1171,Fiji,2019,0,0,0.014588690573088786
1172,Fiji,2020,0,0,0.014588690573088786
1173,Fiji,2021,0,0,0.004451085896108184
1174,Fiji,2022,0,0,0.009309449836938693
1175,Fiji,2023,0,0,0.005039141146124801
