,country,year,d_osv,preds,preds_proba
0,United States of America,2017,1,0,0.20783993538418313
1,United States of America,2018,1,0,0.22327047338109282
2,United States of America,2019,0,0,0.22451186964461303
3,United States of America,2020,0,0,0.2458192864166316
4,United States of America,2021,0,0,0.2855000702345835
5,United States of America,2022,0,0,0.2829189492906308
6,United States of America,2023,0,0,0.30526408203399363
7,Canada,2017,0,0,0.04738200589970501
8,Canada,2018,0,0,0.08038348082595871
9,Canada,2019,0,0,0.17164454277286137
10,Canada,2020,0,0,0.09310471976401179
11,Canada,2021,0,0,0.3348872734934682
12,Canada,2022,0,0,0.3681047197640117
13,Canada,2023,0,0,0.3830383480825958
14,Cuba,2017,0,0,0.018805309734513276
15,Cuba,2018,0,0,0.009550147492625368
16,Cuba,2019,0,0,0.02724926253687316
17,Cuba,2020,0,0,0.025258112094395276
18,Cuba,2021,0,0,0.06069321533923303
19,Cuba,2022,0,0,0.022898230088495574
20,Cuba,2023,0,0,0.020317109144542773
21,Haiti,2017,1,0,0.09716076696165193
22,Haiti,2018,1,0,0.11869469026548672
23,Haiti,2019,1,0,0.15261799410029497
24,Haiti,2020,1,0,0.1608881163084703
25,Haiti,2021,1,0,0.22967762326169405
26,Haiti,2022,1,0,0.31860514117151295
27,Haiti,2023,1,0,0.338406026127265
28,Dominican Republic,2017,0,0,0.11390117994100296
29,Dominican Republic,2018,0,0,0.1615781710914454
30,Dominican Republic,2019,0,0,0.19491150442477875
31,Dominican Republic,2020,0,0,0.16179941002949855
32,Dominican Republic,2021,0,0,0.23130530973451324
33,Dominican Republic,2022,0,0,0.2439896755162242
34,Dominican Republic,2023,0,0,0.25814896755162237
35,Jamaica,2017,0,0,0.013458702064896754
36,Jamaica,2018,0,0,0.017625368731563423
37,Jamaica,2019,0,0,0.008849557522123894
38,Jamaica,2020,0,0,0.0036873156342182886
39,Jamaica,2021,0,0,0.0198377581120944
40,Jamaica,2022,0,0,0.11017699115044245
41,Jamaica,2023,0,0,0.12429941002949849
42,Trinidad and Tobago,2017,0,0,0.1120575221238938
43,Trinidad and Tobago,2018,0,0,0.10822271386430678
44,Trinidad and Tobago,2019,0,0,0.09786135693215339
45,Trinidad and Tobago,2020,0,0,0.2754740834386852
46,Trinidad and Tobago,2021,0,0,0.18003055204382643
47,Trinidad and Tobago,2022,0,0,0.21852612726506535
48,Trinidad and Tobago,2023,0,0,0.21241045090602617
49,Barbados,2017,0,0,0.08720501474926254
50,Barbados,2018,0,0,0.09421091445427728
51,Barbados,2019,0,0,0.09513274336283185
52,Barbados,2020,0,0,0.11010324483775813
53,Barbados,2021,0,0,0.18443952802359884
54,Barbados,2022,0,0,0.2780973451327434
55,Barbados,2023,0,0,0.2830383480825959
56,Mexico,2017,1,0,0.36989306784660775
57,Mexico,2018,1,0,0.27079646017699116
58,Mexico,2019,1,0,0.3636246312684365
59,Mexico,2020,1,0,0.27479719764011806
60,Mexico,2021,1,0,0.2273598820058997
61,Mexico,2022,1,0,0.1929203539823009
62,Mexico,2023,1,0,0.4242388327012221
63,Guatemala,2017,0,0,0.10184365781710918
64,Guatemala,2018,0,0,0.22197640117994105
65,Guatemala,2019,0,0,0.29882005899705016
66,Guatemala,2020,0,0,0.27960914454277286
67,Guatemala,2021,0,0,0.2782132321955331
68,Guatemala,2022,0,0,0.28134218289085544
69,Guatemala,2023,0,0,0.2956173619890434
70,Honduras,2017,0,0,0.3551359039190897
71,Honduras,2018,0,0,0.1588600927096503
72,Honduras,2019,1,0,0.17475242309313113
73,Honduras,2020,0,0,0.21199431099873586
74,Honduras,2021,1,0,0.19605457227138648
75,Honduras,2022,1,0,0.27916666666666673
76,Honduras,2023,1,0,0.27856089338390233
77,El Salvador,2017,0,0,0.009513274336283186
78,El Salvador,2018,0,0,0.015486725663716814
79,El Salvador,2019,1,0,0.004424778761061947
80,El Salvador,2020,0,0,0.03303834808259586
81,El Salvador,2021,1,0,0.005346607669616519
82,El Salvador,2022,1,0,0.059697640117994104
83,El Salvador,2023,0,0,0.07942477876106196
84,Nicaragua,2017,0,0,0.13156342182890854
85,Nicaragua,2018,0,0,0.15184365781710912
86,Nicaragua,2019,0,0,0.15737463126843657
87,Nicaragua,2020,0,0,0.1706489675516224
88,Nicaragua,2021,0,0,0.1471238938053097
89,Nicaragua,2022,0,0,0.1445427728613569
90,Nicaragua,2023,0,0,0.12573746312684364
91,Costa Rica,2017,0,0,0.17222924568057313
92,Costa Rica,2018,0,0,0.22012747576906874
93,Costa Rica,2019,0,0,0.21404340497260851
94,Costa Rica,2020,0,0,0.15199115044247788
95,Costa Rica,2021,0,0,0.30034502739148755
96,Costa Rica,2022,0,0,0.10966076696165193
97,Costa Rica,2023,0,0,0.2827196586599242
98,Panama,2017,0,0,0.015486725663716814
99,Panama,2018,0,0,0.03274336283185841
100,Panama,2019,0,0,0.03908554572271387
101,Panama,2020,0,0,0.29083438685208596
102,Panama,2021,0,0,0.08974926253687315
103,Panama,2022,0,0,0.12511061946902652
104,Panama,2023,0,0,0.12252949852507371
105,Colombia,2017,1,1,0.6227691740412978
106,Colombia,2018,1,1,0.6287979351032448
107,Colombia,2019,1,1,0.6259955752212389
108,Colombia,2020,1,0,0.3704646017699114
109,Colombia,2021,1,1,0.6597345132743363
110,Colombia,2022,1,1,0.5710229667088074
111,Colombia,2023,1,1,0.5934418457648546
112,Venezuela,2017,1,1,0.7352138643067848
113,Venezuela,2018,1,1,0.7674778761061948
114,Venezuela,2019,1,1,0.6897545301306364
115,Venezuela,2020,1,1,0.7073430257058576
116,Venezuela,2021,1,1,0.6982722292456806
117,Venezuela,2022,1,1,0.6731405394016011
118,Venezuela,2023,1,1,0.6620548883270121
119,Guyana,2017,0,0,0.007005899705014749
120,Guyana,2018,0,0,0.019542772861356934
121,Guyana,2019,0,0,0.014011799410029498
122,Guyana,2020,0,0,0.028318584070796456
123,Guyana,2021,0,0,0.015302359882005899
124,Guyana,2022,0,0,0.09598082595870205
125,Guyana,2023,0,0,0.09819321533923302
126,Suriname,2017,0,0,0.016113569321533922
127,Suriname,2018,0,0,0.02636430678466077
128,Suriname,2019,0,0,0.02562684365781711
129,Suriname,2020,0,0,0.0640434049726085
130,Suriname,2021,0,0,0.043694690265486724
131,Suriname,2022,0,0,0.16224188790560468
132,Suriname,2023,0,0,0.1706489675516224
133,Ecuador,2017,0,0,0.11231563421828909
134,Ecuador,2018,0,0,0.17503687315634217
135,Ecuador,2019,0,0,0.20222819216182047
136,Ecuador,2020,0,0,0.21959544879898865
137,Ecuador,2021,0,0,0.2128845343447113
138,Ecuador,2022,1,0,0.24566477033291192
139,Ecuador,2023,0,0,0.21067214496418035
140,Peru,2017,0,0,0.49376843657817115
141,Peru,2018,0,0,0.33307522123893807
142,Peru,2019,1,0,0.17735988200589975
143,Peru,2020,1,0,0.1672197640117994
144,Peru,2021,0,0,0.23362831858407085
145,Peru,2022,1,0,0.2517330383480826
146,Peru,2023,0,0,0.3309734513274336
147,Brazil,2017,1,0,0.49952064896755166
148,Brazil,2018,1,1,0.57297197640118
149,Brazil,2019,1,0,0.4487831858407078
150,Brazil,2020,1,0,0.4368415507796036
151,Brazil,2021,1,0,0.4503423935946061
152,Brazil,2022,1,0,0.46258428150021075
153,Brazil,2023,1,0,0.43216392751790983
154,Bolivia,2017,0,0,0.1187684365781711
155,Bolivia,2018,0,0,0.13200589970501475
156,Bolivia,2019,0,0,0.1456489675516224
157,Bolivia,2020,0,0,0.21709070796460178
158,Bolivia,2021,0,0,0.256452802359882
159,Bolivia,2022,0,0,0.3559734513274335
160,Bolivia,2023,0,0,0.30855457227138644
161,Paraguay,2017,0,0,0.22398598820059004
162,Paraguay,2018,1,0,0.2182706489675516
163,Paraguay,2019,0,0,0.22040929203539827
164,Paraguay,2020,1,0,0.29634955752212394
165,Paraguay,2021,1,0,0.24638643067846613
166,Paraguay,2022,0,0,0.18574852507374628
167,Paraguay,2023,0,0,0.05921828908554573
168,Chile,2017,0,0,0.12168141592920353
169,Chile,2018,0,0,0.18803729456384322
170,Chile,2019,0,0,0.14144542772861354
171,Chile,2020,0,0,0.1407079646017699
172,Chile,2021,0,0,0.2847292456805732
173,Chile,2022,0,0,0.34486936367467336
174,Chile,2023,0,0,0.33429203539823
175,Argentina,2017,0,0,0.09144542772861355
176,Argentina,2018,0,0,0.05283923303834809
177,Argentina,2019,0,0,0.04885693215339233
178,Argentina,2020,0,0,0.06047197640117994
179,Argentina,2021,0,0,0.09155604719764011
180,Argentina,2022,0,0,0.08289085545722714
181,Argentina,2023,0,0,0.09188790560471977
182,Uruguay,2017,0,0,0.2532448377581121
183,Uruguay,2018,0,0,0.2560103244837758
184,Uruguay,2019,0,0,0.2608038348082596
185,Uruguay,2020,0,0,0.26854719764011803
186,Uruguay,2021,0,0,0.2975663716814159
187,Uruguay,2022,0,0,0.29185103244837757
188,Uruguay,2023,0,0,0.2960176991150443
189,United Kingdom,2017,0,0,0.14410029498525073
190,United Kingdom,2018,0,0,0.15892330383480824
191,United Kingdom,2019,1,0,0.27029603876949015
192,United Kingdom,2020,0,0,0.24736093552465238
193,United Kingdom,2021,0,0,0.24791403286978506
194,United Kingdom,2022,0,0,0.338437631689844
195,United Kingdom,2023,0,0,0.34374736620311835
196,Ireland,2017,0,0,0.054883059418457655
197,Ireland,2018,0,0,0.15530446691951122
198,Ireland,2019,0,0,0.1133902233459755
199,Ireland,2020,0,0,0.001769911504424779
200,Ireland,2021,0,0,0.10966603455541504
201,Ireland,2022,0,0,0.14639169827222925
202,Ireland,2023,0,0,0.23090497260851253
203,Netherlands,2017,0,0,0.0036873156342182886
204,Netherlands,2018,0,0,0.0014749262536873156
205,Netherlands,2019,0,0,0.013458702064896754
206,Netherlands,2020,0,0,0.096976401179941
207,Netherlands,2021,0,0,0.10151179941002947
208,Netherlands,2022,0,0,0.1457964601769911
209,Netherlands,2023,0,0,0.1558997050147492
210,Belgium,2017,0,0,0.18514011799410046
211,Belgium,2018,1,0,0.06613990729034977
212,Belgium,2019,0,0,0.09357880320269699
213,Belgium,2020,0,0,0.06320058997050147
214,Belgium,2021,0,0,0.07426253687315633
215,Belgium,2022,0,0,0.11596607669616518
216,Belgium,2023,1,0,0.12809734513274335
217,Luxembourg,2017,0,0,0.0055309734513274336
218,Luxembourg,2018,0,0,0.012536873156342183
219,Luxembourg,2019,0,0,0.005162241887905604
220,Luxembourg,2020,0,0,0.009033923303834807
221,Luxembourg,2021,0,0,0.0861725663716814
222,Luxembourg,2022,0,0,0.1710914454277286
223,Luxembourg,2023,0,0,0.16736725663716812
224,France,2017,0,0,0.2653785005554918
225,France,2018,1,0,0.22428336781212893
226,France,2019,0,0,0.2472553442133089
227,France,2020,0,0,0.2131760078662734
228,France,2021,0,0,0.37427722228607174
229,France,2022,0,0,0.16109355246523388
230,France,2023,1,0,0.3626422250316054
231,Switzerland,2017,0,0,0.005088495575221239
232,Switzerland,2018,0,0,0.006194690265486726
233,Switzerland,2019,0,0,0.008683628318584071
234,Switzerland,2020,0,0,0.00612094395280236
235,Switzerland,2021,0,0,0.013329646017699114
236,Switzerland,2022,0,0,0.009070796460176991
237,Switzerland,2023,0,0,0.0144358407079646
238,Spain,2017,1,0,0.05693718155001341
239,Spain,2018,0,0,0.0644961786001609
240,Spain,2019,0,0,0.09322036739072136
241,Spain,2020,0,0,0.05353982300884955
242,Spain,2021,0,0,0.11844160632877446
243,Spain,2022,0,0,0.17611936367467343
244,Spain,2023,0,0,0.32894016013485033
245,Portugal,2017,0,0,0.0
246,Portugal,2018,0,0,0.0
247,Portugal,2019,0,0,0.006084070796460177
248,Portugal,2020,0,0,0.01364306784660767
249,Portugal,2021,0,0,0.015117994100294987
250,Portugal,2022,0,0,0.09258849557522122
251,Portugal,2023,0,0,0.16301622418879053
252,Germany,2017,0,0,0.19064475347661186
253,Germany,2018,0,0,0.1216919511167299
254,Germany,2019,0,0,0.15745891276864732
255,Germany,2020,0,0,0.2926964812473661
256,Germany,2021,0,0,0.1979535398230088
257,Germany,2022,0,0,0.24695796460176994
258,Germany,2023,0,0,0.24323377581120947
259,Poland,2017,0,0,0.00331858407079646
260,Poland,2018,0,0,0.027249262536873157
261,Poland,2019,0,0,0.023561946902654868
262,Poland,2020,0,0,0.09918879056047196
263,Poland,2021,0,0,0.11795722713864304
264,Poland,2022,0,0,0.13270648967551618
265,Poland,2023,0,0,0.14376843657817107
266,Austria,2017,0,0,0.0
267,Austria,2018,0,0,0.0
268,Austria,2019,0,0,0.07629056047197641
269,Austria,2020,1,0,0.062131268436578166
270,Austria,2021,0,0,0.07946165191740415
271,Austria,2022,0,0,0.08628318584070797
272,Austria,2023,0,0,0.1017330383480826
273,Hungary,2017,0,0,0.0
274,Hungary,2018,0,0,0.03174778761061947
275,Hungary,2019,0,0,0.05357669616519174
276,Hungary,2020,0,0,0.10199115044247786
277,Hungary,2021,0,0,0.08204277286135694
278,Hungary,2022,0,0,0.10357669616519175
279,Hungary,2023,0,0,0.11611356932153392
280,Czechia,2017,0,0,0.0
281,Czechia,2018,0,0,0.0
282,Czechia,2019,0,0,0.0
283,Czechia,2020,0,0,0.040376106194690266
284,Czechia,2021,0,0,0.10272861356932154
285,Czechia,2022,0,0,0.0806047197640118
286,Czechia,2023,0,0,0.10763274336283185
287,Slovakia,2017,0,0,0.0
288,Slovakia,2018,0,0,0.008849557522123894
289,Slovakia,2019,0,0,0.0
290,Slovakia,2020,0,0,0.011430678466076694
291,Slovakia,2021,0,0,0.020280235988200588
292,Slovakia,2022,0,0,0.07636430678466076
293,Slovakia,2023,0,0,0.08222713864306785
294,Italy,2017,0,0,0.031563421828908554
295,Italy,2018,0,0,0.04819321533923304
296,Italy,2019,0,0,0.05446165191740413
297,Italy,2020,0,0,0.04520648967551622
298,Italy,2021,0,0,0.05549410029498525
299,Italy,2022,0,0,0.2072587442056469
300,Italy,2023,0,0,0.25907055702409687
301,Malta,2017,0,0,0.008960176991150441
302,Malta,2018,0,0,0.02518436578171092
303,Malta,2019,0,0,0.028502949852507377
304,Malta,2020,0,0,0.05173303834808259
305,Malta,2021,0,0,0.07452064896755162
306,Malta,2022,0,0,0.13737357774968392
307,Malta,2023,0,0,0.1447850821744627
308,Albania,2017,0,0,0.01032448377581121
309,Albania,2018,0,0,0.07883480825958702
310,Albania,2019,0,0,0.11562895069532238
311,Albania,2020,0,0,0.09974188790560473
312,Albania,2021,0,0,0.19922039612305098
313,Albania,2022,0,0,0.059918879056047196
314,Albania,2023,0,0,0.0637905604719764
315,Serbia,2017,0,0,0.016571849978929624
316,Serbia,2018,0,0,0.043657817109144556
317,Serbia,2019,0,0,0.032374631268436586
318,Serbia,2020,0,0,0.0887905604719764
319,Serbia,2021,0,0,0.02474188790560472
320,Serbia,2022,0,0,0.07179203539823008
321,Serbia,2023,0,0,0.027876106194690265
322,Montenegro,2017,0,0,0.0
323,Montenegro,2018,0,0,0.0011061946902654867
324,Montenegro,2019,0,0,0.00331858407079646
325,Montenegro,2020,0,0,0.05384183171793791
326,Montenegro,2021,0,0,0.013569321533923304
327,Montenegro,2022,0,0,0.05624209860935524
328,Montenegro,2023,0,0,0.0645385587863464
329,North Macedonia,2017,0,0,0.0029498525073746312
330,North Macedonia,2018,0,0,0.010471976401179939
331,North Macedonia,2019,0,0,0.0011061946902654867
332,North Macedonia,2020,0,0,0.0011061946902654867
333,North Macedonia,2021,0,0,0.012721238938053098
334,North Macedonia,2022,0,0,0.004424778761061947
335,North Macedonia,2023,0,0,0.010508849557522125
336,Croatia,2017,0,0,0.0
337,Croatia,2018,0,0,0.0
338,Croatia,2019,0,0,0.0011061946902654867
339,Croatia,2020,0,0,0.0014749262536873156
340,Croatia,2021,0,0,0.0
341,Croatia,2022,0,0,0.12555309734513273
342,Croatia,2023,0,0,0.10619469026548672
343,Bosnia-Herzegovina,2017,0,0,0.0
344,Bosnia-Herzegovina,2018,0,0,0.0018436578171091443
345,Bosnia-Herzegovina,2019,0,0,0.0
346,Bosnia-Herzegovina,2020,0,0,0.024309945217024866
347,Bosnia-Herzegovina,2021,0,0,0.0055309734513274336
348,Bosnia-Herzegovina,2022,0,0,0.06980088495575222
349,Bosnia-Herzegovina,2023,0,0,0.10280235988200585
350,Slovenia,2017,0,0,0.0
351,Slovenia,2018,0,0,0.0
352,Slovenia,2019,0,0,0.0
353,Slovenia,2020,0,0,0.0
354,Slovenia,2021,0,0,0.0
355,Slovenia,2022,0,0,0.06286873156342183
356,Slovenia,2023,0,0,0.10387694900969238
357,Greece,2017,0,0,0.06777812895069532
358,Greece,2018,0,0,0.0918931731984829
359,Greece,2019,0,0,0.12031184155077959
360,Greece,2020,0,0,0.1463179519595449
361,Greece,2021,0,0,0.14023388116308466
362,Greece,2022,0,0,0.1282026970080067
363,Greece,2023,0,0,0.12967762326169402
364,Cyprus,2017,0,0,0.006084070796460177
365,Cyprus,2018,0,0,0.0
366,Cyprus,2019,0,0,0.0
367,Cyprus,2020,0,0,0.0
368,Cyprus,2021,0,0,0.0
369,Cyprus,2022,0,0,0.007743362831858407
370,Cyprus,2023,0,0,0.021755162241887907
371,Bulgaria,2017,0,0,0.0
372,Bulgaria,2018,0,0,0.0011061946902654867
373,Bulgaria,2019,0,0,0.0011061946902654867
374,Bulgaria,2020,0,0,0.00331858407079646
375,Bulgaria,2021,0,0,0.06814159292035399
376,Bulgaria,2022,0,0,0.07149705014749262
377,Bulgaria,2023,0,0,0.08989675516224188
378,Moldova,2017,0,0,0.12013274336283182
379,Moldova,2018,0,0,0.14269911504424776
380,Moldova,2019,0,0,0.12861356932153387
381,Moldova,2020,0,0,0.09063421828908556
382,Moldova,2021,0,0,0.12481563421828906
383,Moldova,2022,0,0,0.10294985250737464
384,Moldova,2023,0,0,0.3759218289085547
385,Romania,2017,0,0,0.02488938053097345
386,Romania,2018,0,0,0.12890855457227138
387,Romania,2019,0,0,0.1662979351032448
388,Romania,2020,0,0,0.17977507374631269
389,Romania,2021,0,0,0.11342182890855457
390,Romania,2022,0,0,0.09524336283185841
391,Romania,2023,0,0,0.12039085545722712
392,Russia (Soviet Union),2017,0,1,0.8161741466498104
393,Russia (Soviet Union),2018,1,1,0.748364412136536
394,Russia (Soviet Union),2019,0,1,0.7149994732406236
395,Russia (Soviet Union),2020,1,1,0.6888010956595028
396,Russia (Soviet Union),2021,0,1,0.6862752844500631
397,Russia (Soviet Union),2022,0,1,0.6147413611462282
398,Russia (Soviet Union),2023,0,1,0.6070717446270543
399,Estonia,2017,0,0,0.00752212389380531
400,Estonia,2018,0,0,0.050700589970501475
401,Estonia,2019,0,0,0.05328171091445428
402,Estonia,2020,0,0,0.05833333333333334
403,Estonia,2021,0,0,0.08794247787610619
404,Estonia,2022,0,0,0.10685840707964603
405,Estonia,2023,0,0,0.10918141592920352
406,Latvia,2017,0,0,0.0011061946902654867
407,Latvia,2018,0,0,0.0
408,Latvia,2019,0,0,0.0075589970501474925
409,Latvia,2020,0,0,0.019284660766961653
410,Latvia,2021,0,0,0.021386430678466076
411,Latvia,2022,0,0,0.043879056047197634
412,Latvia,2023,0,0,0.0456858407079646
413,Lithuania,2017,0,0,0.0022123893805309734
414,Lithuania,2018,0,0,0.0022123893805309734
415,Lithuania,2019,0,0,0.048856932153392325
416,Lithuania,2020,0,0,0.048266961651917406
417,Lithuania,2021,0,0,0.0830014749262537
418,Lithuania,2022,0,0,0.07728613569321535
419,Lithuania,2023,0,0,0.09421091445427729
420,Ukraine,2017,0,0,0.004424778761061947
421,Ukraine,2018,0,0,0.03974926253687316
422,Ukraine,2019,0,0,0.08805309734513272
423,Ukraine,2020,0,0,0.056895280235988194
424,Ukraine,2021,0,0,0.14273598820058994
425,Ukraine,2022,1,1,0.7394174041297933
426,Ukraine,2023,1,1,0.690523598820059
427,Belarus,2017,0,0,0.016592920353982302
428,Belarus,2018,0,0,0.027101769911504425
429,Belarus,2019,0,0,0.027101769911504425
430,Belarus,2020,0,0,0.04944690265486726
431,Belarus,2021,0,0,0.0640117994100295
432,Belarus,2022,0,0,0.06438053097345132
433,Belarus,2023,0,0,0.06714601769911505
434,Armenia,2017,0,0,0.08089970501474927
435,Armenia,2018,0,0,0.07168141592920355
436,Armenia,2019,0,0,0.06452802359882007
437,Armenia,2020,0,0,0.25612094395280227
438,Armenia,2021,0,0,0.09539085545722716
439,Armenia,2022,0,0,0.06382743362831858
440,Armenia,2023,0,0,0.06862094395280237
441,Georgia,2017,0,0,0.05955014749262537
442,Georgia,2018,0,0,0.04498525073746312
443,Georgia,2019,0,0,0.06707227138643068
444,Georgia,2020,0,0,0.20453539823008857
445,Georgia,2021,0,0,0.143952802359882
446,Georgia,2022,0,0,0.14321533923303836
447,Georgia,2023,1,0,0.13989675516224184
448,Azerbaijan,2017,0,0,0.10682153392330383
449,Azerbaijan,2018,0,0,0.16345870206489674
450,Azerbaijan,2019,0,0,0.16622418879056047
451,Azerbaijan,2020,0,0,0.29279129793510333
452,Azerbaijan,2021,0,0,0.2063237463126844
453,Azerbaijan,2022,0,0,0.20833333333333337
454,Azerbaijan,2023,0,0,0.201401179941003
455,Finland,2017,0,0,0.012168141592920354
456,Finland,2018,0,0,0.040044247787610614
457,Finland,2019,0,0,0.02267699115044248
458,Finland,2020,0,0,0.02912979351032448
459,Finland,2021,0,0,0.022123893805309734
460,Finland,2022,0,0,0.11449115044247786
461,Finland,2023,0,0,0.12570058997050146
462,Sweden,2017,1,0,0.0011061946902654867
463,Sweden,2018,0,0,0.0022123893805309734
464,Sweden,2019,0,0,0.014380530973451327
465,Sweden,2020,0,0,0.017699115044247787
466,Sweden,2021,0,0,0.05140644753476612
467,Sweden,2022,0,0,0.17725453013063633
468,Sweden,2023,0,0,0.1779551201011378
469,Norway,2017,0,0,0.03193215339233038
470,Norway,2018,0,0,0.1364306784660767
471,Norway,2019,0,0,0.24601243152128108
472,Norway,2020,0,0,0.20357142857142854
473,Norway,2021,0,0,0.328036767804467
474,Norway,2022,0,0,0.151622418879056
475,Norway,2023,0,0,0.16095132743362828
476,Denmark,2017,0,0,0.0
477,Denmark,2018,0,0,0.0
478,Denmark,2019,0,0,0.02247155499367889
479,Denmark,2020,0,0,0.017699115044247787
480,Denmark,2021,0,0,0.021681415929203543
481,Denmark,2022,0,0,0.09705014749262536
482,Denmark,2023,0,0,0.14332595870206488
483,Iceland,2017,0,0,0.08195322376738307
484,Iceland,2018,0,0,0.10809629161399069
485,Iceland,2019,0,0,0.0940844922039612
486,Iceland,2020,0,0,0.23904867256637177
487,Iceland,2021,0,0,0.2523967551622419
488,Iceland,2022,0,0,0.09773493468183732
489,Iceland,2023,0,0,0.10971871049304675
490,Cabo Verde,2017,0,0,0.04056047197640118
491,Cabo Verde,2018,0,0,0.059734513274336286
492,Cabo Verde,2019,0,1,0.6811209439528022
493,Cabo Verde,2020,0,1,0.5615044247787611
494,Cabo Verde,2021,0,1,0.5539454277286137
495,Cabo Verde,2022,0,1,0.5718289085545724
496,Cabo Verde,2023,0,1,0.5720870206489675
497,Guinea-Bissau,2017,0,0,0.12282448377581119
498,Guinea-Bissau,2018,0,0,0.16862094395280233
499,Guinea-Bissau,2019,0,0,0.2129793510324484
500,Guinea-Bissau,2020,0,0,0.2821428571428572
501,Guinea-Bissau,2021,0,0,0.30644226717235573
502,Guinea-Bissau,2022,0,0,0.323377581120944
503,Guinea-Bissau,2023,0,0,0.327617994100295
504,Equatorial Guinea,2017,0,0,0.007190265486725664
505,Equatorial Guinea,2018,0,0,0.016039823008849558
506,Equatorial Guinea,2019,0,0,0.038532448377581116
507,Equatorial Guinea,2020,0,0,0.10766961651917406
508,Equatorial Guinea,2021,0,0,0.10792772861356935
509,Equatorial Guinea,2022,0,0,0.03355457227138643
510,Equatorial Guinea,2023,0,0,0.24834070796460178
511,Gambia,2017,0,0,0.1450221238938053
512,Gambia,2018,0,0,0.14719764011799413
513,Gambia,2019,0,0,0.16143067846607673
514,Gambia,2020,0,0,0.17617994100294987
515,Gambia,2021,0,0,0.23679941002949859
516,Gambia,2022,0,0,0.23882743362831865
517,Gambia,2023,0,0,0.23514011799410037
518,Mali,2017,1,1,0.7953171091445427
519,Mali,2018,1,1,0.773414454277286
520,Mali,2019,1,1,0.7187631689844078
521,Mali,2020,1,1,0.6838811630847029
522,Mali,2021,1,1,0.6563000421407501
523,Mali,2022,1,1,0.6036083017277709
524,Mali,2023,1,1,0.6301938474504846
525,Senegal,2017,0,0,0.20833333333333326
526,Senegal,2018,1,0,0.23691002949852508
527,Senegal,2019,0,0,0.2501106194690265
528,Senegal,2020,0,0,0.2678834808259587
529,Senegal,2021,0,0,0.16232090181205233
530,Senegal,2022,0,0,0.18724188790560473
531,Senegal,2023,0,0,0.23608038348082602
532,Benin,2017,0,0,0.09752949852507375
533,Benin,2018,0,0,0.18008849557522122
534,Benin,2019,1,0,0.25683470290771176
535,Benin,2020,0,0,0.2721238938053097
536,Benin,2021,0,0,0.23886430678466075
537,Benin,2022,0,0,0.23801622418879048
538,Benin,2023,1,0,0.2479719764011799
539,Mauritania,2017,0,0,0.21120943952802357
540,Mauritania,2018,0,0,0.16289506953223765
541,Mauritania,2019,0,0,0.038753687315634215
542,Mauritania,2020,0,0,0.2467077538980194
543,Mauritania,2021,0,0,0.29405288664138224
544,Mauritania,2022,0,0,0.2921354825115888
545,Mauritania,2023,0,0,0.3089865149599664
546,Niger,2017,1,1,0.6400073746312682
547,Niger,2018,1,1,0.6255530973451326
548,Niger,2019,1,1,0.6909766118836912
549,Niger,2020,1,1,0.6960651074589126
550,Niger,2021,1,1,0.6559471133586177
551,Niger,2022,1,0,0.49403708386009265
552,Niger,2023,1,1,0.5137273493468183
553,Ivory Coast,2017,0,0,0.40353982300884955
554,Ivory Coast,2018,0,0,0.4246312684365781
555,Ivory Coast,2019,0,0,0.3983038348082596
556,Ivory Coast,2020,1,0,0.43654129793510316
557,Ivory Coast,2021,0,0,0.3988569321533924
558,Ivory Coast,2022,0,0,0.4008849557522125
559,Ivory Coast,2023,0,0,0.44454277286135696
560,Guinea,2017,0,0,0.27920353982300883
561,Guinea,2018,0,0,0.22901390644753478
562,Guinea,2019,1,0,0.2660529919932575
563,Guinea,2020,0,0,0.24394753476611883
564,Guinea,2021,0,0,0.19469026548672563
565,Guinea,2022,0,0,0.19398440792246102
566,Guinea,2023,0,0,0.1920301306363253
567,Burkina Faso,2017,1,0,0.3788716814159292
568,Burkina Faso,2018,1,0,0.4266224188790561
569,Burkina Faso,2019,1,0,0.4556837336704594
570,Burkina Faso,2020,1,0,0.47975663716814165
571,Burkina Faso,2021,1,0,0.4650811209439528
572,Burkina Faso,2022,1,0,0.48591445427728613
573,Burkina Faso,2023,1,0,0.47186578171091453
574,Liberia,2017,0,0,0.13001474926253687
575,Liberia,2018,0,0,0.2047197640117994
576,Liberia,2019,1,0,0.21865781710914456
577,Liberia,2020,1,0,0.23038348082595872
578,Liberia,2021,0,0,0.14498525073746313
579,Liberia,2022,0,0,0.17758112094395276
580,Liberia,2023,0,0,0.19550147492625367
581,Sierra Leone,2017,0,0,0.13639380530973452
582,Sierra Leone,2018,0,0,0.15722713864306784
583,Sierra Leone,2019,0,0,0.19568584070796463
584,Sierra Leone,2020,0,0,0.17665929203539824
585,Sierra Leone,2021,1,0,0.28086283185840705
586,Sierra Leone,2022,0,0,0.22665929203539822
587,Sierra Leone,2023,0,0,0.2080383480825959
588,Ghana,2017,0,0,0.18466866835229656
589,Ghana,2018,0,0,0.22647492625368737
590,Ghana,2019,0,0,0.21458333333333338
591,Ghana,2020,0,0,0.22901917404129798
592,Ghana,2021,0,0,0.3464233038348083
593,Ghana,2022,0,0,0.24760324483775814
594,Ghana,2023,0,0,0.28211651917404135
595,Togo,2017,0,0,0.1799410029498525
596,Togo,2018,0,0,0.24741887905604718
597,Togo,2019,1,0,0.310877581120944
598,Togo,2020,0,0,0.29008112094395283
599,Togo,2021,0,0,0.29188790560471983
600,Togo,2022,1,0,0.21526021913190052
601,Togo,2023,1,0,0.3049778761061947
602,Cameroon,2017,1,1,0.5575221238938054
603,Cameroon,2018,1,0,0.47831858407079647
604,Cameroon,2019,1,0,0.4617256637168141
605,Cameroon,2020,1,1,0.528834808259587
606,Cameroon,2021,1,1,0.5076327433628318
607,Cameroon,2022,1,1,0.5611356932153392
608,Cameroon,2023,1,1,0.5686946902654866
609,Nigeria,2017,1,1,0.737426253687316
610,Nigeria,2018,1,1,0.6886061946902656
611,Nigeria,2019,1,1,0.6634587020648968
612,Nigeria,2020,1,1,0.6773598820058996
613,Nigeria,2021,1,1,0.6279867256637166
614,Nigeria,2022,1,1,0.6260693215339233
615,Nigeria,2023,1,1,0.6102876106194688
616,Gabon,2017,0,0,0.07827644332069114
617,Gabon,2018,0,0,0.09550147492625369
618,Gabon,2019,0,0,0.19911504424778764
619,Gabon,2020,0,0,0.21736725663716816
620,Gabon,2021,0,0,0.11657184997892964
621,Gabon,2022,0,0,0.11681415929203541
622,Gabon,2023,0,0,0.11109882005899704
623,Central African Republic,2017,1,1,0.8306784660766963
624,Central African Republic,2018,1,1,0.6389433206911084
625,Central African Republic,2019,1,1,0.7821533923303835
626,Central African Republic,2020,1,1,0.7406710914454278
627,Central African Republic,2021,1,1,0.767957227138643
628,Central African Republic,2022,1,1,0.7712758112094394
629,Central African Republic,2023,1,1,0.5890170670037926
630,Chad,2017,1,0,0.46018225874420576
631,Chad,2018,1,0,0.36330594184576487
632,Chad,2019,1,0,0.3938895912347241
633,Chad,2020,1,1,0.6231563421828908
634,Chad,2021,1,1,0.5965286557100715
635,Chad,2022,1,1,0.5343605141171512
636,Chad,2023,1,1,0.5302307206068269
637,Congo,2017,0,0,0.023414454277286136
638,Congo,2018,0,0,0.058812684365781714
639,Congo,2019,0,0,0.06028761061946904
640,Congo,2020,0,0,0.18947885939036382
641,Congo,2021,0,0,0.13998630425621578
642,Congo,2022,0,0,0.12087020648967552
643,Congo,2023,0,0,0.1206858407079646
644,DR Congo (Zaire),2017,1,1,0.5291982722292454
645,DR Congo (Zaire),2018,1,0,0.4542404129793509
646,DR Congo (Zaire),2019,1,1,0.6797566371681415
647,DR Congo (Zaire),2020,1,1,0.6626843657817107
648,DR Congo (Zaire),2021,1,0,0.392957227138643
649,DR Congo (Zaire),2022,1,0,0.3861040876527601
650,DR Congo (Zaire),2023,1,0,0.37858196375895486
651,Uganda,2017,0,0,0.35479351032448375
652,Uganda,2018,1,0,0.3881637168141593
653,Uganda,2019,1,0,0.45766961651917404
654,Uganda,2020,0,0,0.4591445427728614
655,Uganda,2021,1,0,0.45564159292035394
656,Uganda,2022,0,0,0.44845132743362837
657,Uganda,2023,1,0,0.410656342182891
658,Kenya,2017,1,0,0.44391592920353984
659,Kenya,2018,1,1,0.5933997050147494
660,Kenya,2019,1,1,0.5868731563421828
661,Kenya,2020,1,0,0.485287610619469
662,Kenya,2021,1,0,0.4747787610619469
663,Kenya,2022,1,0,0.4558628318584071
664,Kenya,2023,1,0,0.4490412979351032
665,Tanzania,2017,1,0,0.2569321533923304
666,Tanzania,2018,1,0,0.3109565950273915
667,Tanzania,2019,1,0,0.4103666245259166
668,Tanzania,2020,1,0,0.4488621997471555
669,Tanzania,2021,1,0,0.44273598820059007
670,Tanzania,2022,1,0,0.4161925832279815
671,Tanzania,2023,0,0,0.397940370838601
672,Burundi,2017,1,1,0.5415191740412978
673,Burundi,2018,1,1,0.5267699115044246
674,Burundi,2019,1,1,0.516519174041298
675,Burundi,2020,1,1,0.514712389380531
676,Burundi,2021,1,1,0.5241150442477877
677,Burundi,2022,1,1,0.5042035398230088
678,Burundi,2023,1,0,0.4812315634218289
679,Rwanda,2017,1,0,0.4770280235988201
680,Rwanda,2018,1,0,0.40129056047197637
681,Rwanda,2019,0,0,0.32879793510324484
682,Rwanda,2020,0,0,0.39192477876106196
683,Rwanda,2021,0,0,0.35966076696165195
684,Rwanda,2022,1,0,0.3668510324483776
685,Rwanda,2023,0,0,0.30254951538137376
686,Somalia,2017,1,1,0.9038716814159292
687,Somalia,2018,1,1,0.6241887905604719
688,Somalia,2019,1,1,0.6240781710914455
689,Somalia,2020,1,1,0.6416666666666667
690,Somalia,2021,1,1,0.6322271386430678
691,Somalia,2022,1,1,0.6025337126000841
692,Somalia,2023,1,1,0.5739675516224187
693,Djibouti,2017,0,0,0.392388327012221
694,Djibouti,2018,0,0,0.3829487989886221
695,Djibouti,2019,0,0,0.3801464391066162
696,Djibouti,2020,0,0,0.35644226717235566
697,Djibouti,2021,0,0,0.35847029077117576
698,Djibouti,2022,0,0,0.37063843236409616
699,Djibouti,2023,0,0,0.37838179519595455
700,Ethiopia,2017,1,0,0.37558997050147497
701,Ethiopia,2018,1,0,0.34904129793510336
702,Ethiopia,2019,1,0,0.3454646017699115
703,Ethiopia,2020,1,0,0.37702802359882004
704,Ethiopia,2021,1,0,0.37857669616519174
705,Ethiopia,2022,1,0,0.3696902654867257
706,Ethiopia,2023,1,0,0.3663716814159292
707,Eritrea,2017,0,0,0.1878160556257901
708,Eritrea,2018,0,0,0.17111251580278128
709,Eritrea,2019,0,0,0.17074378423935946
710,Eritrea,2020,0,0,0.1714812473662031
711,Eritrea,2021,0,0,0.17116519174041292
712,Eritrea,2022,0,0,0.1704277286135693
713,Eritrea,2023,0,0,0.0732669616519174
714,Angola,2017,1,1,0.6241887905604719
715,Angola,2018,1,0,0.4106563421828908
716,Angola,2019,1,1,0.6664454277286136
717,Angola,2020,1,0,0.4169247787610617
718,Angola,2021,1,0,0.28786873156342185
719,Angola,2022,1,0,0.3643436578171091
720,Angola,2023,0,0,0.41467551622418874
721,Mozambique,2017,1,0,0.49181415929203554
722,Mozambique,2018,1,0,0.47643805309734516
723,Mozambique,2019,1,0,0.367957227138643
724,Mozambique,2020,1,0,0.2811946902654867
725,Mozambique,2021,1,0,0.346570796460177
726,Mozambique,2022,1,0,0.3282079646017699
727,Mozambique,2023,1,0,0.295759587020649
728,Zambia,2017,0,0,0.1995575221238938
729,Zambia,2018,0,0,0.1819321533923304
730,Zambia,2019,0,0,0.2113938053097345
731,Zambia,2020,0,0,0.20084808259587023
732,Zambia,2021,0,0,0.1554203539823009
733,Zambia,2022,0,0,0.2702433628318584
734,Zambia,2023,0,0,0.16924778761061948
735,Zimbabwe,2017,0,0,0.12824483775811207
736,Zimbabwe,2018,1,0,0.19834070796460176
737,Zimbabwe,2019,1,0,0.3109513274336283
738,Zimbabwe,2020,1,0,0.33858775811209435
739,Zimbabwe,2021,0,0,0.32016961651917397
740,Zimbabwe,2022,0,0,0.22481563421828904
741,Zimbabwe,2023,0,0,0.34786135693215336
742,Malawi,2017,0,0,0.18971238938053095
743,Malawi,2018,0,0,0.19760324483775807
744,Malawi,2019,0,0,0.2078539823008849
745,Malawi,2020,0,0,0.21165191740412978
746,Malawi,2021,0,0,0.23082595870206482
747,Malawi,2022,0,0,0.23008849557522118
748,Malawi,2023,0,0,0.2319321533923303
749,South Africa,2017,0,0,0.2223082595870207
750,South Africa,2018,1,0,0.288089970501475
751,South Africa,2019,1,0,0.34387905604719765
752,South Africa,2020,1,0,0.3123156342182891
753,South Africa,2021,0,0,0.3532079646017699
754,South Africa,2022,0,0,0.33617256637168147
755,South Africa,2023,1,0,0.3255530973451328
756,Namibia,2017,0,0,0.05893910661609778
757,Namibia,2018,0,0,0.05696902654867257
758,Namibia,2019,0,0,0.04660766961651917
759,Namibia,2020,0,0,0.07485250737463127
760,Namibia,2021,0,0,0.055494100294985256
761,Namibia,2022,0,0,0.04922566371681416
762,Namibia,2023,0,0,0.0471976401179941
763,Lesotho,2017,0,0,0.11574483775811208
764,Lesotho,2018,0,0,0.0474188790560472
765,Lesotho,2019,0,0,0.02463126843657817
766,Lesotho,2020,0,0,0.01762536873156342
767,Lesotho,2021,0,0,0.008407079646017699
768,Lesotho,2022,0,0,0.01467551622418879
769,Lesotho,2023,0,0,0.03753687315634218
770,Botswana,2017,0,0,0.012536873156342183
771,Botswana,2018,0,0,0.01733038348082596
772,Botswana,2019,0,0,0.07676991150442478
773,Botswana,2020,0,0,0.10276548672566371
774,Botswana,2021,0,0,0.09100294985250736
775,Botswana,2022,0,0,0.08820058997050148
776,Botswana,2023,0,0,0.16238938053097346
777,eSwatini,2017,0,0,0.03023598820058997
778,eSwatini,2018,0,0,0.03347555836493889
779,eSwatini,2019,1,0,0.04654445849136114
780,eSwatini,2020,1,0,0.10251790981879477
781,eSwatini,2021,1,0,0.11534976822587441
782,eSwatini,2022,1,0,0.13351243152128103
783,eSwatini,2023,1,0,0.144390012642225
784,Madagascar,2017,1,0,0.11803624104509063
785,Madagascar,2018,0,0,0.12470501474926256
786,Madagascar,2019,1,0,0.20261799410029493
787,Madagascar,2020,1,0,0.3630162241887906
788,Madagascar,2021,0,0,0.321386430678466
789,Madagascar,2022,0,0,0.18842182890855455
790,Madagascar,2023,0,0,0.29528023598820047
791,Comoros,2017,0,0,0.09734513274336283
792,Comoros,2018,0,0,0.16777286135693215
793,Comoros,2019,0,0,0.17938790560471976
794,Comoros,2020,0,0,0.21016645596291617
795,Comoros,2021,0,0,0.18584070796460178
796,Comoros,2022,0,0,0.19162979351032447
797,Comoros,2023,0,0,0.21375368731563424
798,Mauritius,2017,0,0,0.0676991150442478
799,Mauritius,2018,0,0,0.05092182890855456
800,Mauritius,2019,0,0,0.06382743362831858
801,Mauritius,2020,0,0,0.11887378845343445
802,Mauritius,2021,0,0,0.07500000000000001
803,Mauritius,2022,0,0,0.06567109144542772
804,Mauritius,2023,0,0,0.0728613569321534
805,Morocco,2017,0,0,0.05530973451327434
806,Morocco,2018,0,0,0.07735988200589972
807,Morocco,2019,0,0,0.07632743362831858
808,Morocco,2020,0,0,0.1021755162241888
809,Morocco,2021,0,0,0.08584070796460176
810,Morocco,2022,0,0,0.06714601769911505
811,Morocco,2023,0,0,0.07359882005899705
812,Algeria,2017,0,0,0.18419985250737458
813,Algeria,2018,1,0,0.2860619469026549
814,Algeria,2019,1,0,0.3525442477876106
815,Algeria,2020,0,0,0.37444690265486724
816,Algeria,2021,0,0,0.3683259587020649
817,Algeria,2022,0,0,0.3859513274336283
818,Algeria,2023,0,0,0.36515486725663715
819,Tunisia,2017,0,0,0.09457964601769914
820,Tunisia,2018,1,0,0.18694690265486727
821,Tunisia,2019,0,0,0.08543510324483776
822,Tunisia,2020,0,0,0.26441740412979353
823,Tunisia,2021,0,0,0.055862831858407076
824,Tunisia,2022,0,0,0.13314896755162242
825,Tunisia,2023,0,0,0.1567477876106195
826,Libya,2017,1,1,0.7812684365781712
827,Libya,2018,1,1,0.6841076696165194
828,Libya,2019,1,0,0.17692267172355666
829,Libya,2020,1,1,0.7472345132743363
830,Libya,2021,0,0,0.35951854193004634
831,Libya,2022,0,0,0.3925937631689844
832,Libya,2023,0,0,0.3474926253687316
833,Sudan,2017,1,1,0.9395648967551624
834,Sudan,2018,1,1,0.9610988200589969
835,Sudan,2019,1,1,0.8164190897597977
836,Sudan,2020,1,1,0.7895754319426884
837,Sudan,2021,1,1,0.787131268436578
838,Sudan,2022,1,1,0.7618731563421828
839,Sudan,2023,1,1,0.7578276443320692
840,South Sudan,2017,1,1,0.8705014749262537
841,South Sudan,2018,1,1,0.6506637168141592
842,South Sudan,2019,1,1,0.6126843657817109
843,South Sudan,2020,1,0,0.46787294563843224
844,South Sudan,2021,1,0,0.47801306363253254
845,South Sudan,2022,1,0,0.4860145385587861
846,South Sudan,2023,1,0,0.4431047197640117
847,Iran,2017,0,0,0.1389064475347661
848,Iran,2018,1,0,0.3377317741255794
849,Iran,2019,1,0,0.27120733249051837
850,Iran,2020,1,0,0.3191424357353561
851,Iran,2021,1,0,0.3187737041719343
852,Iran,2022,1,0,0.30395069532237684
853,Iran,2023,1,0,0.3122471554993679
854,Turkey,2017,1,0,0.42610619469026556
855,Turkey,2018,0,0,0.3773230088495574
856,Turkey,2019,1,0,0.38502949852507373
857,Turkey,2020,1,0,0.38303834808259585
858,Turkey,2021,0,0,0.4777602191319006
859,Turkey,2022,1,0,0.3490729034976822
860,Turkey,2023,1,0,0.4352560050568899
861,Iraq,2017,1,1,0.5378687315634217
862,Iraq,2018,1,1,0.6424252001685629
863,Iraq,2019,1,1,0.7361198904340497
864,Iraq,2020,1,1,0.5473240623683101
865,Iraq,2021,1,1,0.6154498525073745
866,Iraq,2022,1,1,0.692146017699115
867,Iraq,2023,1,1,0.7128687315634219
868,Egypt,2017,1,1,0.5916482300884957
869,Egypt,2018,1,1,0.5772123893805309
870,Egypt,2019,1,1,0.5422197640117994
871,Egypt,2020,1,1,0.525202802359882
872,Egypt,2021,1,1,0.5672013274336283
873,Egypt,2022,1,1,0.5257190265486725
874,Egypt,2023,1,1,0.5002765486725663
875,Syria,2017,1,1,0.6765697429414242
876,Syria,2018,1,1,0.5853929624947323
877,Syria,2019,1,1,0.5790929203539823
878,Syria,2020,1,1,0.7166666666666666
879,Syria,2021,1,1,0.6872787610619469
880,Syria,2022,1,1,0.6966076696165192
881,Syria,2023,1,1,0.6746681415929204
882,Lebanon,2017,0,1,0.5732195533080487
883,Lebanon,2018,0,1,0.6913242730720606
884,Lebanon,2019,0,0,0.4486514959966287
885,Lebanon,2020,0,0,0.4306205225453012
886,Lebanon,2021,0,0,0.437486831015592
887,Lebanon,2022,0,0,0.3365781710914455
888,Lebanon,2023,0,0,0.28148967551622417
889,Jordan,2017,0,0,0.05449852507374632
890,Jordan,2018,0,0,0.2530604719764012
891,Jordan,2019,0,0,0.27769174041297934
892,Jordan,2020,0,0,0.44380530973451315
893,Jordan,2021,0,0,0.3334439528023599
894,Jordan,2022,0,0,0.3093657817109144
895,Jordan,2023,0,0,0.30837020648967545
896,Israel,2017,1,1,0.8182890855457228
897,Israel,2018,1,1,0.8149072903497684
898,Israel,2019,1,1,0.7957964601769912
899,Israel,2020,1,1,0.7415929203539823
900,Israel,2021,1,1,0.6209808259587021
901,Israel,2022,1,1,0.6602612726506533
902,Israel,2023,1,1,0.6493362831858408
903,Saudi Arabia,2017,0,1,0.5287189211967972
904,Saudi Arabia,2018,0,1,0.5084018120522544
905,Saudi Arabia,2019,1,0,0.48088916982722296
906,Saudi Arabia,2020,0,0,0.4557890855457227
907,Saudi Arabia,2021,0,0,0.43535082174462697
908,Saudi Arabia,2022,0,0,0.39760324483775816
909,Saudi Arabia,2023,0,0,0.45047935103244835
910,Yemen (North Yemen),2017,1,0,0.47219764011799403
911,Yemen (North Yemen),2018,1,0,0.37013274336283186
912,Yemen (North Yemen),2019,1,0,0.3559365781710915
913,Yemen (North Yemen),2020,1,0,0.3666297935103245
914,Yemen (North Yemen),2021,1,0,0.38359144542772866
915,Yemen (North Yemen),2022,1,0,0.365523598820059
916,Yemen (North Yemen),2023,1,0,0.34727138643067845
917,Kuwait,2017,0,0,0.2414085545722715
918,Kuwait,2018,0,0,0.24155604719764026
919,Kuwait,2019,0,0,0.24561209439528034
920,Kuwait,2020,0,0,0.19188790560471983
921,Kuwait,2021,0,0,0.2635324483775812
922,Kuwait,2022,0,0,0.29712389380530985
923,Kuwait,2023,0,0,0.33252739148756844
924,Bahrain,2017,0,0,0.038421828908554584
925,Bahrain,2018,0,0,0.07643805309734512
926,Bahrain,2019,0,0,0.14906236831015587
927,Bahrain,2020,0,0,0.05866519174041298
928,Bahrain,2021,0,0,0.053613569321533924
929,Bahrain,2022,0,0,0.15651074589127684
930,Bahrain,2023,0,0,0.17609039190897607
931,Qatar,2017,0,0,0.08601980615254952
932,Qatar,2018,0,0,0.08023598820058998
933,Qatar,2019,0,0,0.09394753476611883
934,Qatar,2020,0,0,0.08417614833544038
935,Qatar,2021,0,1,0.6569321533923302
936,Qatar,2022,0,0,0.0859882005899705
937,Qatar,2023,0,0,0.17684365781710912
938,United Arab Emirates,2017,0,0,0.03665191740412979
939,United Arab Emirates,2018,0,0,0.06430678466076697
940,United Arab Emirates,2019,0,0,0.05457227138643068
941,United Arab Emirates,2020,0,0,0.08716814159292037
942,United Arab Emirates,2021,0,0,0.053797935103244834
943,United Arab Emirates,2022,0,0,0.20079540665823858
944,United Arab Emirates,2023,0,0,0.16815212810788033
945,Oman,2017,0,0,0.03890117994100296
946,Oman,2018,0,0,0.046792035398230104
947,Oman,2019,0,0,0.048856932153392346
948,Oman,2020,0,0,0.05648967551622419
949,Oman,2021,0,0,0.05575221238938054
950,Oman,2022,0,0,0.1464812473662031
951,Oman,2023,0,0,0.15319216182048037
952,Afghanistan,2017,1,1,0.9520648967551621
953,Afghanistan,2018,1,1,0.9647861356932155
954,Afghanistan,2019,1,1,0.9732669616519173
955,Afghanistan,2020,1,1,0.5327433628318584
956,Afghanistan,2021,1,1,0.624594395280236
957,Afghanistan,2022,1,1,0.5047197640117993
958,Afghanistan,2023,1,0,0.4864675516224188
959,Turkmenistan,2017,0,0,0.1805467762326169
960,Turkmenistan,2018,0,0,0.17538453434471132
961,Turkmenistan,2019,0,0,0.23797935103244838
962,Turkmenistan,2020,0,0,0.23938053097345136
963,Turkmenistan,2021,0,0,0.2363200589970502
964,Turkmenistan,2022,0,0,0.2379793510324484
965,Turkmenistan,2023,0,0,0.24738200589970508
966,Tajikistan,2017,0,0,0.1913716814159292
967,Tajikistan,2018,1,0,0.24443215339233038
968,Tajikistan,2019,0,0,0.2394542772861357
969,Tajikistan,2020,0,0,0.24575958702064898
970,Tajikistan,2021,0,0,0.18543510324483783
971,Tajikistan,2022,0,0,0.2535398230088496
972,Tajikistan,2023,0,0,0.27953539823008855
973,Kyrgyzstan,2017,0,0,0.0465339233038348
974,Kyrgyzstan,2018,0,0,0.06766224188790561
975,Kyrgyzstan,2019,0,0,0.11751474926253687
976,Kyrgyzstan,2020,0,0,0.1994837758112095
977,Kyrgyzstan,2021,0,0,0.08908554572271386
978,Kyrgyzstan,2022,1,0,0.15398230088495574
979,Kyrgyzstan,2023,0,0,0.19004424778761067
980,Uzbekistan,2017,0,0,0.11692477876106197
981,Uzbekistan,2018,0,0,0.21420670037926676
982,Uzbekistan,2019,0,0,0.2222345132743363
983,Uzbekistan,2020,0,0,0.19623893805309733
984,Uzbekistan,2021,0,0,0.22053834808259587
985,Uzbekistan,2022,0,0,0.2527839233038348
986,Uzbekistan,2023,0,0,0.30110619469026545
987,Kazakhstan,2017,0,0,0.20573640960809098
988,Kazakhstan,2018,0,0,0.22117045933417614
989,Kazakhstan,2019,0,0,0.2330225453013064
990,Kazakhstan,2020,0,0,0.346539190897598
991,Kazakhstan,2021,0,0,0.3777338811630846
992,Kazakhstan,2022,0,0,0.26143331226295835
993,Kazakhstan,2023,0,0,0.35690054782975134
994,China,2017,0,0,0.08230088495575222
995,China,2018,0,0,0.10958702064896757
996,China,2019,0,0,0.15530973451327432
997,China,2020,0,0,0.17079646017699113
998,China,2021,0,0,0.18517699115044245
999,China,2022,0,0,0.18112094395280234
1000,China,2023,0,0,0.19321533923303832
1001,Mongolia,2017,0,0,0.033185840707964605
1002,Mongolia,2018,0,0,0.10630530973451326
1003,Mongolia,2019,0,0,0.10571533923303833
1004,Mongolia,2020,0,0,0.1029867256637168
1005,Mongolia,2021,0,0,0.13215339233038345
1006,Mongolia,2022,0,0,0.12404129793510323
1007,Mongolia,2023,0,0,0.126622418879056
1008,South Korea,2017,0,0,0.05335545722713866
1009,South Korea,2018,0,0,0.014859882005899706
1010,South Korea,2019,0,0,0.06875
1011,South Korea,2020,0,0,0.11141224188790559
1012,South Korea,2021,0,0,0.05130899705014749
1013,South Korea,2022,0,0,0.07308259587020649
1014,South Korea,2023,0,0,0.09829066582385168
1015,Japan,2017,0,0,0.02257866273352999
1016,Japan,2018,0,0,0.04119960668633235
1017,Japan,2019,0,0,0.028957718780727632
1018,Japan,2020,0,0,0.03596361848574238
1019,Japan,2021,0,0,0.03891347099311701
1020,Japan,2022,0,0,0.12482792527040314
1021,Japan,2023,0,0,0.13876597836774826
1022,India,2017,1,1,0.7987463126843659
1023,India,2018,1,1,0.5029867256637168
1024,India,2019,1,0,0.49159292035398233
1025,India,2020,1,0,0.40495680573114184
1026,India,2021,1,0,0.3721396965865992
1027,India,2022,1,0,0.42545828065739555
1028,India,2023,1,0,0.4286662452591656
1029,Bhutan,2017,0,0,0.13799778761061943
1030,Bhutan,2018,0,0,0.06839970501474928
1031,Bhutan,2019,0,0,0.11793879056047195
1032,Bhutan,2020,0,0,0.25484882005899717
1033,Bhutan,2021,0,0,0.12192109144542772
1034,Bhutan,2022,0,0,0.09988938053097345
1035,Bhutan,2023,0,0,0.10294985250737464
1036,Pakistan,2017,1,1,0.9823008849557522
1037,Pakistan,2018,1,1,0.9072218710493049
1038,Pakistan,2019,1,1,0.9275442477876106
1039,Pakistan,2020,1,1,0.970575221238938
1040,Pakistan,2021,1,1,0.9709439528023598
1041,Pakistan,2022,1,1,0.8677359882005898
1042,Pakistan,2023,1,1,0.872603244837758
1043,Bangladesh,2017,1,1,0.7348398651495996
1044,Bangladesh,2018,1,1,0.6549041297935105
1045,Bangladesh,2019,0,1,0.6042957227138644
1046,Bangladesh,2020,1,1,0.575018436578171
1047,Bangladesh,2021,1,1,0.6043325958702066
1048,Bangladesh,2022,1,1,0.626788348082596
1049,Bangladesh,2023,1,1,0.6483038348082599
1050,Myanmar (Burma),2017,1,1,0.8510324483775813
1051,Myanmar (Burma),2018,1,1,0.8666772018541932
1052,Myanmar (Burma),2019,1,1,0.8387642225031605
1053,Myanmar (Burma),2020,1,1,0.7688527180783817
1054,Myanmar (Burma),2021,1,1,0.7532817109144542
1055,Myanmar (Burma),2022,1,1,0.6793141592920355
1056,Myanmar (Burma),2023,1,1,0.6456120943952803
1057,Sri Lanka,2017,1,0,0.16460176991150444
1058,Sri Lanka,2018,0,0,0.17713864306784666
1059,Sri Lanka,2019,1,0,0.2124631268436579
1060,Sri Lanka,2020,0,0,0.22223451327433633
1061,Sri Lanka,2021,0,0,0.22463126843657819
1062,Sri Lanka,2022,0,0,0.24233038348082597
1063,Sri Lanka,2023,0,0,0.23289085545722718
1064,Maldives,2017,0,0,0.03934365781710914
1065,Maldives,2018,0,0,0.03897492625368731
1066,Maldives,2019,0,0,0.057227138643067846
1067,Maldives,2020,0,0,0.16682469447956172
1068,Maldives,2021,0,0,0.03672566371681416
1069,Maldives,2022,0,0,0.04981563421828909
1070,Maldives,2023,0,0,0.06043510324483776
1071,Nepal,2017,0,0,0.1626474926253687
1072,Nepal,2018,0,0,0.25040560471976403
1073,Nepal,2019,0,0,0.28436578171091453
1074,Nepal,2020,0,0,0.3326696165191739
1075,Nepal,2021,0,0,0.34115044247787596
1076,Nepal,2022,1,0,0.2877212389380532
1077,Nepal,2023,0,0,0.29509587020648964
1078,Thailand,2017,1,0,0.22820796460176992
1079,Thailand,2018,1,0,0.15833333333333335
1080,Thailand,2019,1,0,0.15353982300884958
1081,Thailand,2020,1,0,0.1210914454277286
1082,Thailand,2021,1,0,0.1260324483775811
1083,Thailand,2022,1,0,0.1439159292035398
1084,Thailand,2023,1,0,0.20453539823008854
1085,Cambodia (Kampuchea),2017,0,0,0.06906342182890855
1086,Cambodia (Kampuchea),2018,0,0,0.03849557522123894
1087,Cambodia (Kampuchea),2019,0,0,0.02765486725663717
1088,Cambodia (Kampuchea),2020,0,0,0.08122629582806574
1089,Cambodia (Kampuchea),2021,0,0,0.042072271386430674
1090,Cambodia (Kampuchea),2022,0,0,0.04362094395280235
1091,Cambodia (Kampuchea),2023,0,0,0.04693952802359882
1092,Laos,2017,0,0,0.11344026548672566
1093,Laos,2018,0,0,0.11491519174041295
1094,Laos,2019,0,0,0.12295353982300883
1095,Laos,2020,0,0,0.1301438053097345
1096,Laos,2021,0,0,0.1504240412979351
1097,Laos,2022,0,0,0.17264011799410026
1098,Laos,2023,0,0,0.18241150442477874
1099,Vietnam,2017,0,0,0.0055309734513274336
1100,Vietnam,2018,0,0,0.06415929203539823
1101,Vietnam,2019,0,0,0.031157817109144545
1102,Vietnam,2020,0,0,0.06980088495575221
1103,Vietnam,2021,0,0,0.15700589970501475
1104,Vietnam,2022,0,0,0.20269174041297935
1105,Vietnam,2023,0,0,0.1801991150442478
1106,Malaysia,2017,0,0,0.0506637168141593
1107,Malaysia,2018,0,0,0.03698377581120944
1108,Malaysia,2019,0,0,0.03366519174041298
1109,Malaysia,2020,0,0,0.04786135693215339
1110,Malaysia,2021,0,0,0.05955014749262537
1111,Malaysia,2022,0,0,0.07647492625368732
1112,Malaysia,2023,0,0,0.06946902654867257
1113,Singapore,2017,0,0,0.016887905604719766
1114,Singapore,2018,0,0,0.049299410029498524
1115,Singapore,2019,0,0,0.04286504424778761
1116,Singapore,2020,0,0,0.030696902654867256
1117,Singapore,2021,0,0,0.4875737463126846
1118,Singapore,2022,0,0,0.15474083438685204
1119,Singapore,2023,0,0,0.21657711757269288
1120,Philippines,2017,1,0,0.2809734513274336
1121,Philippines,2018,1,0,0.2013089970501475
1122,Philippines,2019,1,0,0.26581858407079645
1123,Philippines,2020,1,0,0.1469395280235988
1124,Philippines,2021,1,0,0.215929203539823
1125,Philippines,2022,1,0,0.1740966076696165
1126,Philippines,2023,1,0,0.21404867256637172
1127,Indonesia,2017,0,0,0.36734882005899694
1128,Indonesia,2018,1,0,0.3207042772861357
1129,Indonesia,2019,0,0,0.40094026548672557
1130,Indonesia,2020,1,0,0.3928097345132742
1131,Indonesia,2021,1,0,0.37981194690265474
1132,Indonesia,2022,1,0,0.400645280235988
1133,Indonesia,2023,1,0,0.4042272439949429
1134,East Timor,2017,0,0,0.19317846607669623
1135,East Timor,2018,0,0,0.12511061946902652
1136,East Timor,2019,0,0,0.1450589970501475
1137,East Timor,2020,0,0,0.07649950835791543
1138,East Timor,2021,0,0,0.20527286135693212
1139,East Timor,2022,0,0,0.26144121365360307
1140,East Timor,2023,0,0,0.26103560893383904
1141,Australia,2017,0,0,0.055604719764011795
1142,Australia,2018,1,0,0.09789823008849557
1143,Australia,2019,0,0,0.08657817109144544
1144,Australia,2020,0,0,0.08362831858407078
1145,Australia,2021,0,0,0.20125368731563423
1146,Australia,2022,0,0,0.20549410029498527
1147,Australia,2023,0,0,0.221444374209861
1148,Papua New Guinea,2017,0,0,0.09512747576906867
1149,Papua New Guinea,2018,0,0,0.09457964601769911
1150,Papua New Guinea,2019,0,0,0.08609882005899705
1151,Papua New Guinea,2020,0,0,0.05317109144542773
1152,Papua New Guinea,2021,0,0,0.056120943952802364
1153,Papua New Guinea,2022,1,0,0.05317109144542774
1154,Papua New Guinea,2023,1,0,0.05224926253687317
1155,New Zealand,2017,0,0,0.047750737463126844
1156,New Zealand,2018,0,0,0.05322903497682259
1157,New Zealand,2019,0,0,0.03650442477876106
1158,New Zealand,2020,0,0,0.08586177833965444
1159,New Zealand,2021,0,0,0.09587020648967551
1160,New Zealand,2022,0,0,0.1767330383480826
1161,New Zealand,2023,0,0,0.20031605562579016
1162,Solomon Islands,2017,0,0,0.03078908554572271
1163,Solomon Islands,2018,0,0,0.026917404129793508
1164,Solomon Islands,2019,0,0,0.03938053097345132
1165,Solomon Islands,2020,0,0,0.15376106194690264
1166,Solomon Islands,2021,0,0,0.07983038348082597
1167,Solomon Islands,2022,0,0,0.06552359882005901
1168,Solomon Islands,2023,0,0,0.07061209439528025
1169,Fiji,2017,0,0,0.11294247787610617
1170,Fiji,2018,0,0,0.09579646017699113
1171,Fiji,2019,0,0,0.0980088495575221
1172,Fiji,2020,0,0,0.2558865360303414
1173,Fiji,2021,0,0,0.15523598820058995
1174,Fiji,2022,0,0,0.10988200589970501
1175,Fiji,2023,0,0,0.09561209439528022
