,country,year,d_riot,preds_proba
0,Afghanistan,2017,0,0.47730711321439045
1,Afghanistan,2018,0,0.4811831649385085
2,Afghanistan,2019,0,0.48137358575337275
3,Afghanistan,2020,0,0.4786170995185395
4,Afghanistan,2021,0,0.5234213726045619
5,Afghanistan,2022,1,0.5192545119428099
6,Afghanistan,2023,1,0.532383496740179
7,Albania,2018,0,0.4550624002410403
8,Albania,2019,1,0.4726926290074172
9,Albania,2020,0,0.4830488132963587
10,Albania,2021,0,0.40265606979357743
11,Albania,2022,0,0.3839116222023589
12,Albania,2023,0,0.3155381006909726
13,Algeria,2017,1,0.9460504680859918
14,Algeria,2018,1,0.8910418507380349
15,Algeria,2019,0,0.8627431768151529
16,Algeria,2020,1,0.7145533786701751
17,Algeria,2021,1,0.8896879187770041
18,Algeria,2022,0,0.8657984726298963
19,Algeria,2023,0,0.6476655639552092
20,Angola,2017,0,0.08297772530374148
21,Angola,2018,0,0.12091000299501839
22,Angola,2019,0,0.12790138271830742
23,Angola,2020,1,0.1235384862104904
24,Angola,2021,1,0.23661903174043972
25,Angola,2022,1,0.24249764557196732
26,Angola,2023,1,0.28535226019152704
27,Argentina,2018,1,0.6712073782029657
28,Argentina,2019,1,0.663459348066714
29,Argentina,2020,1,0.6657334802797733
30,Argentina,2021,1,0.7077692252963739
31,Argentina,2022,1,0.6998932121908291
32,Argentina,2023,1,0.6926303268836181
33,Armenia,2018,1,0.4584614830451771
34,Armenia,2019,0,0.6274756298378709
35,Armenia,2020,0,0.44768805016509544
36,Armenia,2021,0,0.43035685093443565
37,Armenia,2022,0,0.43279859671057624
38,Armenia,2023,0,0.42080057825746187
39,Australia,2021,1,0.3499498095997836
40,Australia,2022,0,0.5389984572006892
41,Australia,2023,0,0.35949084035254486
42,Austria,2020,0,0.42093823169911193
43,Austria,2021,0,0.43860724877719415
44,Austria,2022,0,0.4370058914007733
45,Austria,2023,0,0.43236486395293316
46,Azerbaijan,2018,0,0.297288892944438
47,Azerbaijan,2019,0,0.3092309963807182
48,Azerbaijan,2020,0,0.3526421145897478
49,Azerbaijan,2021,0,0.39407047165799003
50,Azerbaijan,2022,0,0.3452301116867754
51,Azerbaijan,2023,0,0.3422596831025388
52,Bahrain,2017,1,0.6496828067539149
53,Bahrain,2018,1,0.6522789584166488
54,Bahrain,2019,1,0.7081335023230435
55,Bahrain,2020,1,0.7109271687606806
56,Bahrain,2021,1,0.7070246798321922
57,Bahrain,2022,0,0.6909961749128629
58,Bahrain,2023,1,0.5493771739586885
59,Bangladesh,2017,1,0.7719670564816901
60,Bangladesh,2018,1,0.776387128547945
61,Bangladesh,2019,1,0.8173327782828306
62,Bangladesh,2020,1,0.7919947429658756
63,Bangladesh,2021,1,0.7973279467578086
64,Bangladesh,2022,1,0.7766309568064036
65,Bangladesh,2023,1,0.7484562724781707
66,Barbados,2018,0,0.4702992877098088
67,Barbados,2019,0,0.46861783636940396
68,Barbados,2020,0,0.46405253299912336
69,Barbados,2021,0,0.4733821249045873
70,Barbados,2022,0,0.4541893058763203
71,Barbados,2023,0,0.4506930268027386
72,Belarus,2018,0,0.223383946452548
73,Belarus,2019,0,0.22345343229052947
74,Belarus,2020,0,0.22182225139495632
75,Belarus,2021,0,0.22121486344659783
76,Belarus,2022,0,0.2587740329099731
77,Belarus,2023,0,0.2559286382523208
78,Belgium,2020,0,0.584147018951295
79,Belgium,2021,0,0.5965780428505384
80,Belgium,2022,0,0.5971854307988967
81,Belgium,2023,0,0.5905477151246081
82,Benin,2017,0,0.0507213437727896
83,Benin,2018,0,0.0749700581925144
84,Benin,2019,1,0.06587064697637737
85,Benin,2020,1,0.3235981189329909
86,Benin,2021,1,0.314619065034802
87,Benin,2022,1,0.29465161405492457
88,Benin,2023,1,0.26928224496647607
89,Bhutan,2020,0,0.2679474788102596
90,Bhutan,2021,0,0.26789707475261504
91,Bhutan,2022,0,0.2617720391326319
92,Bhutan,2023,0,0.3833687576953609
93,Bolivia,2018,1,0.3499625372661282
94,Bolivia,2019,1,0.3389289451264604
95,Bolivia,2020,1,0.3424757034354945
96,Bolivia,2021,1,0.3467161540401009
97,Bolivia,2022,1,0.3405617806863626
98,Bolivia,2023,1,0.38080744118416165
99,Bosnia-Herzegovina,2018,0,0.2678429412779693
100,Bosnia-Herzegovina,2019,0,0.27991349901458606
101,Bosnia-Herzegovina,2020,0,0.27974085988428554
102,Bosnia-Herzegovina,2021,0,0.27803799011581926
103,Bosnia-Herzegovina,2022,0,0.2755556554033319
104,Bosnia-Herzegovina,2023,0,0.27232311713133783
105,Botswana,2017,0,0.052087098466671596
106,Botswana,2018,0,0.060824888054068264
107,Botswana,2019,0,0.07462383830078519
108,Botswana,2020,0,0.03602989548171292
109,Botswana,2021,0,0.020334907388589445
110,Botswana,2022,0,0.021545425840384907
111,Botswana,2023,0,0.05576512832454632
112,Brazil,2018,1,0.6758591837998617
113,Brazil,2019,1,0.6672259141235114
114,Brazil,2020,1,0.6645720718185693
115,Brazil,2021,1,0.6645731737060235
116,Brazil,2022,1,0.6127027381122676
117,Brazil,2023,1,0.6052849953593199
118,Bulgaria,2018,0,0.26632625055930526
119,Bulgaria,2019,0,0.33388832403759366
120,Bulgaria,2020,1,0.33344783536956046
121,Bulgaria,2021,0,0.39590783264794077
122,Bulgaria,2022,0,0.32049722340725895
123,Bulgaria,2023,0,0.29704606398426225
124,Burkina Faso,2017,1,0.8310816557160651
125,Burkina Faso,2018,1,0.8575857240127881
126,Burkina Faso,2019,1,0.7808231092544594
127,Burkina Faso,2020,0,0.7251488513242489
128,Burkina Faso,2021,1,0.5612171900170008
129,Burkina Faso,2022,1,0.615623353632395
130,Burkina Faso,2023,0,0.5771839493367521
131,Burundi,2017,1,0.828296842131372
132,Burundi,2018,1,0.5835234880757049
133,Burundi,2019,1,0.6152328104052429
134,Burundi,2020,1,0.6499524302181364
135,Burundi,2021,1,0.727618675742749
136,Burundi,2022,1,0.6666808372321671
137,Burundi,2023,1,0.6976004718986926
138,Cambodia (Kampuchea),2017,0,0.23152484560331762
139,Cambodia (Kampuchea),2018,0,0.3272141649518357
140,Cambodia (Kampuchea),2019,0,0.3297520798487698
141,Cambodia (Kampuchea),2020,0,0.2820791279063103
142,Cambodia (Kampuchea),2021,0,0.2973063374143265
143,Cambodia (Kampuchea),2022,0,0.2776353038061997
144,Cambodia (Kampuchea),2023,0,0.26039093583917217
145,Cameroon,2017,1,0.08769316197157177
146,Cameroon,2018,0,0.4550771372287982
147,Cameroon,2019,0,0.30654768417360617
148,Cameroon,2020,1,0.2991630423385636
149,Cameroon,2021,1,0.4886695769706668
150,Cameroon,2022,1,0.482603671290867
151,Cameroon,2023,1,0.45529134829595314
152,Canada,2021,1,0.36844001073890803
153,Canada,2022,0,0.42470139954962294
154,Canada,2023,0,0.35159094567774984
155,Cabo Verde,2020,0,0.2230041955446223
156,Cabo Verde,2021,0,0.25711180109259385
157,Cabo Verde,2022,0,0.25340183071471417
158,Cabo Verde,2023,0,0.24942880723294736
159,Central African Republic,2017,0,0.36547077833694547
160,Central African Republic,2018,0,0.31503086597244767
161,Central African Republic,2019,0,0.31497547164784995
162,Central African Republic,2020,1,0.30026744710588954
163,Central African Republic,2021,0,0.4853153923081226
164,Central African Republic,2022,0,0.2920541290405831
165,Central African Republic,2023,0,0.27767280922483273
166,Chad,2017,0,0.04134492354823146
167,Chad,2018,0,0.061671487493338124
168,Chad,2019,0,0.05242201436286159
169,Chad,2020,0,0.05194200408594515
170,Chad,2021,1,0.09628841324131486
171,Chad,2022,1,0.33158655820395566
172,Chad,2023,0,0.3497283132633662
173,Chile,2018,1,0.5494958534573401
174,Chile,2019,1,0.5406466016510053
175,Chile,2020,1,0.49684259997765856
176,Chile,2021,1,0.45424707221641547
177,Chile,2022,1,0.44864989563083785
178,Chile,2023,1,0.443452940037258
179,China,2018,1,0.5588585235102996
180,China,2019,1,0.5430364568361521
181,China,2020,1,0.5366608508496208
182,China,2021,0,0.5352854776571918
183,China,2022,1,0.49639148744492934
184,China,2023,0,0.5245520280594064
185,Colombia,2018,1,0.52295520890476
186,Colombia,2019,1,0.6431259370572381
187,Colombia,2020,1,0.686316810932251
188,Colombia,2021,1,0.6861917770056666
189,Colombia,2022,1,0.6782821421742458
190,Colombia,2023,1,0.6747075473995625
191,Comoros,2020,0,0.1741942212271979
192,Comoros,2021,0,0.2095223425218617
193,Comoros,2022,0,0.2048178405812817
194,Comoros,2023,0,0.16023779032903457
195,Costa Rica,2018,0,0.4967960315173588
196,Costa Rica,2019,1,0.47152969205946127
197,Costa Rica,2020,1,0.5364890054237885
198,Costa Rica,2021,0,0.5396917201766304
199,Costa Rica,2022,0,0.39243920686796496
200,Costa Rica,2023,0,0.4434312913531227
201,Croatia,2018,0,0.3161826034082082
202,Croatia,2019,0,0.3294914585760809
203,Croatia,2020,0,0.32903318822348393
204,Croatia,2021,0,0.24411628422334375
205,Croatia,2022,0,0.2400681555035631
206,Croatia,2023,0,0.23718089549217006
207,Cuba,2018,0,0.4381659180125273
208,Cuba,2019,0,0.4392211023815375
209,Cuba,2020,0,0.438716485986638
210,Cuba,2021,0,0.43238197549857815
211,Cuba,2022,0,0.41407051522756083
212,Cuba,2023,0,0.4032921445265105
213,Cyprus,2018,0,0.3616383499351888
214,Cyprus,2019,0,0.35580780316519073
215,Cyprus,2020,0,0.35824001420180807
216,Cyprus,2021,0,0.3599132907368194
217,Cyprus,2022,1,0.39082415692517775
218,Cyprus,2023,0,0.5686193942171228
219,Czechia,2020,0,0.3819572402836067
220,Czechia,2021,0,0.3695988482897819
221,Czechia,2022,0,0.3656459299774334
222,Czechia,2023,0,0.36423499341587684
223,DR Congo (Zaire),2017,1,0.829072869242963
224,DR Congo (Zaire),2018,1,0.8542784140064024
225,DR Congo (Zaire),2019,1,0.8646793912389931
226,DR Congo (Zaire),2020,1,0.906404723780379
227,DR Congo (Zaire),2021,1,0.9000628620404141
228,DR Congo (Zaire),2022,1,0.8576794231953571
229,DR Congo (Zaire),2023,1,0.813708580467172
230,Denmark,2020,1,0.5171726394828531
231,Denmark,2021,0,0.5074659318749909
232,Denmark,2022,0,0.4674885016772091
233,Denmark,2023,0,0.48492482543995635
234,Djibouti,2017,0,0.029930679710882074
235,Djibouti,2018,0,0.02719945502972099
236,Djibouti,2019,0,0.030988735993591955
237,Djibouti,2020,0,0.027933145284659896
238,Djibouti,2021,0,0.030119890744048403
239,Djibouti,2022,0,0.050414044820960034
240,Djibouti,2023,0,0.027084210179590965
241,Dominican Republic,2018,1,0.45319273047417613
242,Dominican Republic,2019,0,0.5452485006092719
243,Dominican Republic,2020,0,0.514144970304124
244,Dominican Republic,2021,0,0.5261202066296017
245,Dominican Republic,2022,1,0.5325912416893015
246,Dominican Republic,2023,0,0.49539702242567435
247,East Timor,2020,0,0.12060050259213108
248,East Timor,2021,0,0.11956811413824481
249,East Timor,2022,0,0.12095397563192577
250,East Timor,2023,0,0.16072023199299035
251,Ecuador,2018,0,0.36533760513399205
252,Ecuador,2019,1,0.381953833514189
253,Ecuador,2020,1,0.40193109440551916
254,Ecuador,2021,1,0.3992818604127065
255,Ecuador,2022,1,0.39278654291904047
256,Ecuador,2023,1,0.431542144459931
257,Egypt,2017,1,0.8202370984810303
258,Egypt,2018,0,0.785435620504195
259,Egypt,2019,0,0.7136713606569542
260,Egypt,2020,0,0.7256172328550125
261,Egypt,2021,0,0.7653399339154645
262,Egypt,2022,0,0.716870872410403
263,Egypt,2023,0,0.6888093761392308
264,El Salvador,2018,0,0.2742134702105304
265,El Salvador,2019,0,0.2924058541653784
266,El Salvador,2020,0,0.29783933714284777
267,El Salvador,2021,0,0.3054266568690173
268,El Salvador,2022,0,0.30153072461720015
269,El Salvador,2023,0,0.29951870209189835
270,Equatorial Guinea,2017,0,0.03785587960399275
271,Equatorial Guinea,2018,0,0.027637566355648686
272,Equatorial Guinea,2019,0,0.07876742411976152
273,Equatorial Guinea,2020,0,0.08258548712111353
274,Equatorial Guinea,2021,0,0.11399942129082541
275,Equatorial Guinea,2022,0,0.11757199726491353
276,Equatorial Guinea,2023,0,0.10354320177028806
277,Eritrea,2017,0,0.007730269700561412
278,Eritrea,2018,0,0.022591645471732966
279,Eritrea,2019,0,0.017097664485915695
280,Eritrea,2020,0,0.02711665381971309
281,Eritrea,2021,0,0.02716425902342917
282,Eritrea,2022,0,0.027741823452635348
283,Eritrea,2023,0,0.028492027012142058
284,Estonia,2020,0,0.2842231752874862
285,Estonia,2021,0,0.32712211595558954
286,Estonia,2022,0,0.32449696563195396
287,Estonia,2023,0,0.318923943212476
288,Ethiopia,2017,1,0.5965187395409108
289,Ethiopia,2018,1,0.5451128762843652
290,Ethiopia,2019,1,0.546800432350331
291,Ethiopia,2020,1,0.5399780357111534
292,Ethiopia,2021,0,0.4964063202064117
293,Ethiopia,2022,1,0.4867221380481759
294,Ethiopia,2023,1,0.5534103481005045
295,Fiji,2021,0,0.28780222348983553
296,Fiji,2022,0,0.240029180135115
297,Fiji,2023,0,0.23883582266645953
298,Finland,2020,0,0.38541643621094257
299,Finland,2021,0,0.40163265137372745
300,Finland,2022,0,0.38191604840121585
301,Finland,2023,0,0.37598667093269306
302,France,2020,1,0.5420459838614456
303,France,2021,1,0.5302853883745409
304,France,2022,1,0.5265767980653859
305,France,2023,1,0.5219453650664237
306,Gabon,2017,0,0.08077883831956216
307,Gabon,2018,0,0.1055660735249824
308,Gabon,2019,0,0.08493319391303567
309,Gabon,2020,0,0.08737744678424147
310,Gabon,2021,0,0.09970100642906331
311,Gabon,2022,0,0.1494726280195692
312,Gabon,2023,0,0.11784275505340466
313,Gambia,2017,0,0.04229280129124139
314,Gambia,2018,0,0.04245703533045106
315,Gambia,2019,0,0.041172437570518486
316,Gambia,2020,0,0.05178219226097925
317,Gambia,2021,0,0.024944863392704207
318,Gambia,2022,0,0.0547826385964345
319,Gambia,2023,0,0.07437104081662295
320,Georgia,2018,1,0.3749992017869991
321,Georgia,2019,1,0.5432613241935214
322,Georgia,2020,1,0.5028986254262346
323,Georgia,2021,1,0.5014756470300896
324,Georgia,2022,0,0.4968143905119751
325,Georgia,2023,0,0.354161560819292
326,Germany,2020,1,0.5777729018302336
327,Germany,2021,1,0.645698373508671
328,Germany,2022,1,0.6399739201981441
329,Germany,2023,1,0.6337315610024774
330,Ghana,2017,1,0.7336424625575516
331,Ghana,2018,1,0.7216117674597077
332,Ghana,2019,1,0.6723441151847945
333,Ghana,2020,1,0.6058273887252708
334,Ghana,2021,1,0.5456336195791112
335,Ghana,2022,1,0.48721620381534747
336,Ghana,2023,1,0.46593054582361476
337,Greece,2018,1,0.4991113830091835
338,Greece,2019,1,0.487495004361868
339,Greece,2020,1,0.4890785800537251
340,Greece,2021,1,0.4885010156245189
341,Greece,2022,1,0.48199407372679
342,Greece,2023,1,0.4795638493635852
343,Guatemala,2018,1,0.3716777090558872
344,Guatemala,2019,1,0.37698375848419674
345,Guatemala,2020,1,0.4191864027811226
346,Guatemala,2021,1,0.4193705216113738
347,Guatemala,2022,1,0.4183763263937391
348,Guatemala,2023,1,0.41594168119082037
349,Guinea,2017,1,0.8065113686252978
350,Guinea,2018,1,0.8021941306494053
351,Guinea,2019,1,0.7487131353667031
352,Guinea,2020,1,0.6427164612005921
353,Guinea,2021,1,0.6575838126342678
354,Guinea,2022,1,0.5422360815316536
355,Guinea,2023,1,0.5136820958900025
356,Guinea-Bissau,2017,0,0.028481999995554435
357,Guinea-Bissau,2018,0,0.031371343810733573
358,Guinea-Bissau,2019,0,0.02899694829367927
359,Guinea-Bissau,2020,0,0.026868766852966398
360,Guinea-Bissau,2021,0,0.03155525900031981
361,Guinea-Bissau,2022,0,0.031099400686460842
362,Guinea-Bissau,2023,0,0.03415472392731263
363,Guyana,2018,0,0.16550059098361053
364,Guyana,2019,0,0.20397494781108053
365,Guyana,2020,1,0.20977405079451183
366,Guyana,2021,0,0.48236872917454354
367,Guyana,2022,0,0.2934931644781724
368,Guyana,2023,0,0.2917616448641056
369,Haiti,2018,1,0.3637152414393492
370,Haiti,2019,1,0.4637399535329184
371,Haiti,2020,1,0.6011464159862365
372,Haiti,2021,1,0.6010036003750883
373,Haiti,2022,1,0.5523479213687627
374,Haiti,2023,1,0.4575845918804038
375,Honduras,2018,1,0.29842229769452316
376,Honduras,2019,1,0.30938987505362275
377,Honduras,2020,1,0.305889487243896
378,Honduras,2021,1,0.2636334978932787
379,Honduras,2022,1,0.2641246378433677
380,Honduras,2023,1,0.26807764046156873
381,Hungary,2020,0,0.4243841854235434
382,Hungary,2021,0,0.423068459269419
383,Hungary,2022,0,0.4174964018960858
384,Hungary,2023,0,0.39483289187387655
385,Iceland,2020,0,0.41137478412910244
386,Iceland,2021,0,0.36838671910988174
387,Iceland,2022,0,0.3154523872674876
388,Iceland,2023,0,0.3526711621096798
389,India,2017,1,0.7994077985345478
390,India,2018,1,0.7955585382902403
391,India,2019,1,0.796058673996578
392,India,2020,1,0.7968113390646279
393,India,2021,1,0.7946584118078447
394,India,2022,1,0.7863092182287618
395,India,2023,1,0.7775560023384054
396,Indonesia,2017,1,0.9417182153153751
397,Indonesia,2018,1,0.8955054671763393
398,Indonesia,2019,1,0.8961132304274213
399,Indonesia,2020,1,0.8949701434035975
400,Indonesia,2021,1,0.8932196684314152
401,Indonesia,2022,1,0.793372567375619
402,Indonesia,2023,1,0.7856175062086512
403,Iran,2017,1,0.7814929980539531
404,Iran,2018,1,0.7761939679336901
405,Iran,2019,1,0.7346583586234273
406,Iran,2020,1,0.7359683449275765
407,Iran,2021,1,0.7345929717351475
408,Iran,2022,1,0.7656750228199459
409,Iran,2023,1,0.7520067080070515
410,Iraq,2017,0,0.2770012646781076
411,Iraq,2018,1,0.27460965994530634
412,Iraq,2019,1,0.33382871236682615
413,Iraq,2020,1,0.3305669127103177
414,Iraq,2021,1,0.3334782563908877
415,Iraq,2022,1,0.33271668914455915
416,Iraq,2023,1,0.3331875951338512
417,Ireland,2020,0,0.5117070844449065
418,Ireland,2021,0,0.48566731025707405
419,Ireland,2022,0,0.4797023694194237
420,Ireland,2023,0,0.4736422181743412
421,Israel,2017,1,0.7889123749553427
422,Israel,2018,1,0.7825126852996345
423,Israel,2019,1,0.7429855043406939
424,Israel,2020,1,0.7438664816767604
425,Israel,2021,1,0.7430831762566691
426,Israel,2022,1,0.7223982150194243
427,Israel,2023,1,0.7201034328354485
428,Italy,2020,1,0.5334705233924169
429,Italy,2021,1,0.5245673643977528
430,Italy,2022,1,0.5222100636118499
431,Italy,2023,1,0.5186741124329955
432,Ivory Coast,2017,1,0.8483838760067166
433,Ivory Coast,2018,1,0.8480514503839884
434,Ivory Coast,2019,1,0.8104506005639672
435,Ivory Coast,2020,1,0.8063358252375273
436,Ivory Coast,2021,1,0.7996068198832207
437,Ivory Coast,2022,1,0.7120361952362779
438,Ivory Coast,2023,1,0.6684252189210613
439,Jamaica,2018,0,0.17901326931210754
440,Jamaica,2019,0,0.18694099635751332
441,Jamaica,2020,1,0.3198241170333318
442,Jamaica,2021,0,0.5603988518212213
443,Jamaica,2022,1,0.42550927419414714
444,Jamaica,2023,1,0.5536252414715547
445,Japan,2018,0,0.5877667976526622
446,Japan,2019,0,0.5877667976526622
447,Japan,2020,0,0.5878918315792466
448,Japan,2021,0,0.588016865505831
449,Japan,2022,0,0.5854748837550391
450,Japan,2023,0,0.5822721690021972
451,Jordan,2017,0,0.2537912136370671
452,Jordan,2018,1,0.30106928273167305
453,Jordan,2019,1,0.3311276568868031
454,Jordan,2020,1,0.4214825776480462
455,Jordan,2021,1,0.41962828413210373
456,Jordan,2022,1,0.41519104649926064
457,Jordan,2023,0,0.36455175828999214
458,Kazakhstan,2018,0,0.425680212933942
459,Kazakhstan,2019,0,0.4314645717564049
460,Kazakhstan,2020,1,0.43178632848246684
461,Kazakhstan,2021,0,0.5882154205213943
462,Kazakhstan,2022,0,0.4027476749833583
463,Kazakhstan,2023,0,0.4209075168110635
464,Kenya,2017,1,0.8272694676168169
465,Kenya,2018,1,0.8180174702114383
466,Kenya,2019,1,0.8115280182432719
467,Kenya,2020,1,0.8202109493545588
468,Kenya,2021,1,0.8459114690380839
469,Kenya,2022,1,0.8259737681995218
470,Kenya,2023,1,0.7960572981923666
471,Kuwait,2017,0,0.14833699268375503
472,Kuwait,2018,0,0.15416322664640214
473,Kuwait,2019,0,0.18090913932343283
474,Kuwait,2020,0,0.17054640268828472
475,Kuwait,2021,0,0.16944696262842132
476,Kuwait,2022,0,0.16865586227175608
477,Kuwait,2023,0,0.21833227345482986
478,Kyrgyzstan,2018,0,0.3338285664842863
479,Kyrgyzstan,2019,1,0.33085593486513815
480,Kyrgyzstan,2020,1,0.5341494898537438
481,Kyrgyzstan,2021,1,0.5770363886872585
482,Kyrgyzstan,2022,0,0.5996821196288629
483,Kyrgyzstan,2023,0,0.38574318547579045
484,Laos,2017,0,0.1396095635576603
485,Laos,2018,0,0.14748855804429256
486,Laos,2019,0,0.19874392992700088
487,Laos,2020,0,0.21864032906191228
488,Laos,2021,0,0.2195793781332772
489,Laos,2022,0,0.22139801841853526
490,Laos,2023,0,0.177428575231572
491,Latvia,2020,0,0.2689236795790185
492,Latvia,2021,0,0.31190004896999024
493,Latvia,2022,0,0.31003084205583664
494,Latvia,2023,0,0.2651366955008505
495,Lebanon,2017,1,0.6703519616349738
496,Lebanon,2018,1,0.6671930231155399
497,Lebanon,2019,1,0.6679283165541052
498,Lebanon,2020,1,0.5799076827598103
499,Lebanon,2021,1,0.5713098794171176
500,Lebanon,2022,1,0.5626440173949311
501,Lebanon,2023,1,0.558363443712592
502,Lesotho,2017,0,0.09306866488226737
503,Lesotho,2018,0,0.10194353023083697
504,Lesotho,2019,0,0.11748035148050985
505,Lesotho,2020,0,0.07477863290335235
506,Lesotho,2021,0,0.06259033460456882
507,Lesotho,2022,0,0.10303250663441561
508,Lesotho,2023,0,0.13385851141623303
509,Liberia,2017,0,0.44894726916200905
510,Liberia,2018,0,0.4036773150606596
511,Liberia,2019,1,0.44564730584702084
512,Liberia,2020,1,0.42199595323519695
513,Liberia,2021,0,0.41289368453298464
514,Liberia,2022,0,0.27622453033758093
515,Liberia,2023,1,0.3252104022581689
516,Libya,2017,0,0.2134520805623484
517,Libya,2018,0,0.23427228375654843
518,Libya,2019,0,0.28012811175997554
519,Libya,2020,1,0.1820136363967909
520,Libya,2021,0,0.28104166714073686
521,Libya,2022,0,0.2081029360995384
522,Libya,2023,0,0.2793590700676033
523,Lithuania,2020,0,0.23305533804952103
524,Lithuania,2021,0,0.23349582671755428
525,Lithuania,2022,0,0.21907780699471155
526,Lithuania,2023,0,0.21554759566583248
527,Luxembourg,2020,0,0.31671045808558373
528,Luxembourg,2021,0,0.34031705204984686
529,Luxembourg,2022,0,0.34002008381989923
530,Luxembourg,2023,0,0.3372965257965671
531,Madagascar,2017,1,0.3975260258131568
532,Madagascar,2018,1,0.46475921890986693
533,Madagascar,2019,1,0.5273159780016642
534,Madagascar,2020,1,0.417511516430205
535,Madagascar,2021,1,0.5270252258805496
536,Madagascar,2022,1,0.4378966648885734
537,Madagascar,2023,1,0.49974318538529267
538,Malawi,2017,1,0.5597392022119229
539,Malawi,2018,1,0.555575872392701
540,Malawi,2019,1,0.4971267821881172
541,Malawi,2020,1,0.5642361332008622
542,Malawi,2021,1,0.5649300591146087
543,Malawi,2022,1,0.5807513131339636
544,Malawi,2023,1,0.5732087214515263
545,Malaysia,2018,0,0.3815167056437941
546,Malaysia,2019,0,0.4338004854659397
547,Malaysia,2020,0,0.4454698524176494
548,Malaysia,2021,0,0.5342310888610302
549,Malaysia,2022,0,0.5570479398536552
550,Malaysia,2023,0,0.5716040056492007
551,Maldives,2020,0,0.3819519770221051
552,Maldives,2021,0,0.36899768821919643
553,Maldives,2022,0,0.3741155839760776
554,Maldives,2023,0,0.3782600172938454
555,Mali,2017,0,0.04795281570336786
556,Mali,2018,0,0.06578500310139868
557,Mali,2019,1,0.056737992620374954
558,Mali,2020,1,0.31413796800095123
559,Mali,2021,1,0.3112609307015856
560,Mali,2022,1,0.3352418034594192
561,Mali,2023,1,0.309329488992314
562,Malta,2020,0,0.44992667267249825
563,Malta,2021,0,0.43827448912105066
564,Malta,2022,0,0.440001974614611
565,Malta,2023,0,0.4341416043254607
566,Mauritania,2017,0,0.04811397513371778
567,Mauritania,2018,0,0.07042330021961188
568,Mauritania,2019,0,0.061673962795473145
569,Mauritania,2020,0,0.058573979910258527
570,Mauritania,2021,0,0.0600868352858048
571,Mauritania,2022,0,0.11250195101914802
572,Mauritania,2023,0,0.12179567336575316
573,Mauritius,2020,0,0.38133496063597716
574,Mauritius,2021,0,0.3369329476077449
575,Mauritius,2022,0,0.3268431920678472
576,Mauritius,2023,0,0.37707174395070114
577,Mexico,2018,1,0.5611444040726212
578,Mexico,2019,1,0.5510010116985534
579,Mexico,2020,1,0.5327860964816326
580,Mexico,2021,1,0.5506447934908182
581,Mexico,2022,1,0.5414650960657375
582,Mexico,2023,1,0.5321248013449449
583,Moldova,2018,0,0.29101788795734385
584,Moldova,2019,0,0.29508215746141464
585,Moldova,2020,0,0.3372905416083158
586,Moldova,2021,0,0.33671297717910964
587,Moldova,2022,0,0.3321767545875796
588,Moldova,2023,0,0.3827185206315572
589,Mongolia,2018,0,0.47644097924433004
590,Mongolia,2019,0,0.5370433499944673
591,Mongolia,2020,0,0.5797518698477063
592,Mongolia,2021,0,0.5798769037742908
593,Mongolia,2022,0,0.5159811973486791
594,Mongolia,2023,0,0.52889948735119
595,Montenegro,2018,0,0.16215314030334838
596,Montenegro,2019,0,0.16154972085375555
597,Montenegro,2020,0,0.16191964875328455
598,Montenegro,2021,0,0.20302966911416137
599,Montenegro,2022,0,0.20299431082088842
600,Montenegro,2023,0,0.21300533513508474
601,Morocco,2017,1,0.18879569912470323
602,Morocco,2018,0,0.43139803261365783
603,Morocco,2019,0,0.25686475554151683
604,Morocco,2020,1,0.21442909963431644
605,Morocco,2021,1,0.32872082130627905
606,Morocco,2022,1,0.32671643409580453
607,Morocco,2023,1,0.3323424410073556
608,Mozambique,2017,1,0.12013493940589884
609,Mozambique,2018,0,0.24472440803555712
610,Mozambique,2019,1,0.11416986012374819
611,Mozambique,2020,0,0.2928778501584727
612,Mozambique,2021,0,0.15549055588576005
613,Mozambique,2022,1,0.16312919933744824
614,Mozambique,2023,1,0.3476339962333689
615,Myanmar (Burma),2017,0,0.17844639992382544
616,Myanmar (Burma),2018,0,0.1926864444287151
617,Myanmar (Burma),2019,0,0.2458731527489638
618,Myanmar (Burma),2020,0,0.25349625951201993
619,Myanmar (Burma),2021,1,0.26471392863414894
620,Myanmar (Burma),2022,0,0.379818756770785
621,Myanmar (Burma),2023,0,0.29453819767684436
622,Namibia,2017,0,0.02873005303072247
623,Namibia,2018,0,0.028855086957306923
624,Namibia,2019,0,0.03158040981035747
625,Namibia,2020,0,0.030165073261456014
626,Namibia,2021,0,0.07232585220464112
627,Namibia,2022,0,0.07331408178272823
628,Namibia,2023,0,0.11945434289001762
629,Nepal,2017,1,0.8434183685588807
630,Nepal,2018,1,0.8420906005701678
631,Nepal,2019,1,0.7992570467903444
632,Nepal,2020,1,0.7555247339898908
633,Nepal,2021,1,0.669077599351585
634,Nepal,2022,1,0.6588322436255488
635,Nepal,2023,1,0.6992608914157532
636,Netherlands,2020,1,0.6614558561986543
637,Netherlands,2021,1,0.6523743182237144
638,Netherlands,2022,0,0.6485229123034112
639,Netherlands,2023,0,0.6092119549576546
640,New Zealand,2021,0,0.3210149695417759
641,New Zealand,2022,0,0.3176652616171358
642,New Zealand,2023,0,0.3135663418105067
643,Nicaragua,2018,1,0.2975051948546913
644,Nicaragua,2019,0,0.30834773828720635
645,Nicaragua,2020,0,0.27087109403726245
646,Nicaragua,2021,0,0.2941839054061523
647,Nicaragua,2022,0,0.3051650697728907
648,Nicaragua,2023,0,0.2561595485391304
649,Niger,2017,0,0.0420176983848698
650,Niger,2018,0,0.06217162319967593
651,Niger,2019,0,0.05472597009507311
652,Niger,2020,1,0.053144176013435705
653,Niger,2021,0,0.35064170187539834
654,Niger,2022,0,0.16017822806179505
655,Niger,2023,0,0.19433574114149796
656,Nigeria,2017,1,0.8589165872171269
657,Nigeria,2018,1,0.856189429665839
658,Nigeria,2019,1,0.7892027043538508
659,Nigeria,2020,1,0.8952238478577665
660,Nigeria,2021,1,0.8910729497580172
661,Nigeria,2022,1,0.8493361309942867
662,Nigeria,2023,1,0.8466000309872832
663,North Macedonia,2018,0,0.24391956142386625
664,North Macedonia,2019,0,0.23359727562452026
665,North Macedonia,2020,0,0.2337045278665409
666,North Macedonia,2021,0,0.23271629828845378
667,North Macedonia,2022,0,0.23144243748807017
668,North Macedonia,2023,0,0.22719184611883667
669,Norway,2020,0,0.38070403913818635
670,Norway,2021,0,0.39466956869380826
671,Norway,2022,0,0.3769043602910853
672,Norway,2023,0,0.3742626874442996
673,Oman,2017,0,0.2316472690102733
674,Oman,2018,0,0.2589116147763849
675,Oman,2019,0,0.27502856370015066
676,Oman,2020,0,0.2758561959825257
677,Oman,2021,0,0.2749511349772823
678,Oman,2022,0,0.2730343228594126
679,Oman,2023,0,0.27230246311910755
680,Pakistan,2017,1,0.8680483134366322
681,Pakistan,2018,1,0.8678422566131999
682,Pakistan,2019,1,0.8672767340185822
683,Pakistan,2020,1,0.8661538901878653
684,Pakistan,2021,1,0.8648228553634819
685,Pakistan,2022,1,0.8516099426168316
686,Pakistan,2023,1,0.8354034206044
687,Panama,2018,1,0.4016655361858737
688,Panama,2019,0,0.4930267928930917
689,Panama,2020,0,0.4029676176549713
690,Panama,2021,0,0.3947013393571085
691,Panama,2022,1,0.4058504066212521
692,Panama,2023,1,0.4857565700582001
693,Papua New Guinea,2021,1,0.18772486762802384
694,Papua New Guinea,2022,1,0.39305428495029154
695,Papua New Guinea,2023,1,0.4366491686779897
696,Paraguay,2018,1,0.29161360763357314
697,Paraguay,2019,1,0.32227577990200545
698,Paraguay,2020,1,0.3227989150498529
699,Paraguay,2021,1,0.3251515602134478
700,Paraguay,2022,1,0.36320998271366944
701,Paraguay,2023,1,0.44408771960191623
702,Peru,2018,1,0.5619302075846824
703,Peru,2019,1,0.5113665718772032
704,Peru,2020,1,0.5105173043425492
705,Peru,2021,1,0.5106198050333709
706,Peru,2022,1,0.5048903825637091
707,Peru,2023,1,0.500807792362255
708,Philippines,2017,0,0.23592147333161104
709,Philippines,2018,0,0.2890539801817891
710,Philippines,2019,0,0.32037445360265615
711,Philippines,2020,0,0.355936156953669
712,Philippines,2021,0,0.3116176048944621
713,Philippines,2022,0,0.30873513461167396
714,Philippines,2023,0,0.26469345312608616
715,Poland,2020,0,0.49754384687868336
716,Poland,2021,1,0.4545554356531233
717,Poland,2022,1,0.510982546567526
718,Poland,2023,1,0.5049337474672425
719,Portugal,2020,0,0.5169594027795388
720,Portugal,2021,0,0.5329272341075433
721,Portugal,2022,0,0.5271469742347819
722,Portugal,2023,0,0.5230512403112851
723,Qatar,2017,0,0.1150971202513279
724,Qatar,2018,0,0.11993593781563125
725,Qatar,2019,0,0.16180876205166533
726,Qatar,2020,0,0.15904479312024408
727,Qatar,2021,0,0.16595167193799726
728,Qatar,2022,0,0.15874822490178728
729,Qatar,2023,0,0.16035180272838465
730,Congo,2017,0,0.044018241210221035
731,Congo,2018,0,0.06346382781926121
732,Congo,2019,0,0.09789332243554699
733,Congo,2020,0,0.05749684190935242
734,Congo,2021,0,0.05822967020623969
735,Congo,2022,0,0.10875723520622764
736,Congo,2023,0,0.16202759835648012
737,Romania,2018,0,0.36554932304957494
738,Romania,2019,0,0.3913733245681477
739,Romania,2020,0,0.38952189933855796
740,Romania,2021,0,0.39176620803246487
741,Romania,2022,0,0.38275864022939077
742,Romania,2023,0,0.3541729221343034
743,Russia (Soviet Union),2018,1,0.534152751205975
744,Russia (Soviet Union),2019,0,0.48281522388041775
745,Russia (Soviet Union),2020,0,0.4480703126453434
746,Russia (Soviet Union),2021,0,0.46953068145869437
747,Russia (Soviet Union),2022,0,0.4742890164990956
748,Russia (Soviet Union),2023,0,0.4644524766368922
749,Rwanda,2017,0,0.06325162974125656
750,Rwanda,2018,0,0.06212206695707503
751,Rwanda,2019,0,0.09663944249812141
752,Rwanda,2020,0,0.16162172406812692
753,Rwanda,2021,0,0.14835338360238415
754,Rwanda,2022,0,0.14775407924885853
755,Rwanda,2023,0,0.14959443120044208
756,Saudi Arabia,2017,0,0.15903894682882683
757,Saudi Arabia,2018,0,0.13414288010663597
758,Saudi Arabia,2019,0,0.1594559185853256
759,Saudi Arabia,2020,0,0.1678135389267217
760,Saudi Arabia,2021,0,0.16831223773746737
761,Saudi Arabia,2022,0,0.16485057482124743
762,Saudi Arabia,2023,0,0.16360046151450988
763,Senegal,2017,0,0.1455620092253514
764,Senegal,2018,0,0.2167870821738348
765,Senegal,2019,0,0.21215001282592957
766,Senegal,2020,1,0.2004177613211293
767,Senegal,2021,1,0.362036388873593
768,Senegal,2022,1,0.3520665439284969
769,Senegal,2023,1,0.3173029674549316
770,Serbia,2018,0,0.18745940358463392
771,Serbia,2019,0,0.18668334500474057
772,Serbia,2020,0,0.18363605366738642
773,Serbia,2021,0,0.2728029789254715
774,Serbia,2022,0,0.26655660207136456
775,Serbia,2023,0,0.27968087058094576
776,Sierra Leone,2017,0,0.02070913353930117
777,Sierra Leone,2018,1,0.04760630367794706
778,Sierra Leone,2019,1,0.3167744389810021
779,Sierra Leone,2020,1,0.31953111021293024
780,Sierra Leone,2021,0,0.35865481396521953
781,Sierra Leone,2022,0,0.16890641153271316
782,Sierra Leone,2023,1,0.15381069124831967
783,Singapore,2020,0,0.4445856857327986
784,Singapore,2021,0,0.4327865257883023
785,Singapore,2022,0,0.43459445455032103
786,Singapore,2023,0,0.43086287476254415
787,Slovakia,2020,0,0.27456162249019006
788,Slovakia,2021,0,0.35850807859680695
789,Slovakia,2022,0,0.35675816575926245
790,Slovakia,2023,0,0.39628175254422343
791,Slovenia,2020,0,0.29175391013242985
792,Slovenia,2021,0,0.28055638684699274
793,Slovenia,2022,0,0.27743110081701927
794,Slovenia,2023,0,0.23193053135981948
795,Solomon Islands,2021,0,0.17444340126391236
796,Solomon Islands,2022,0,0.1750264205350542
797,Solomon Islands,2023,0,0.2601279105438504
798,Somalia,2017,1,0.900041074897158
799,Somalia,2018,1,0.9392625920309656
800,Somalia,2019,0,0.8496707744420678
801,Somalia,2020,0,0.6140259863623607
802,Somalia,2021,0,0.6535981683018636
803,Somalia,2022,0,0.6234134320384266
804,Somalia,2023,0,0.5526713890646204
805,South Africa,2017,1,0.7006253825094783
806,South Africa,2018,1,0.7413276196873907
807,South Africa,2019,1,0.7862328430308206
808,South Africa,2020,1,0.7269116635245508
809,South Africa,2021,1,0.6875784975544542
810,South Africa,2022,1,0.708497067057226
811,South Africa,2023,1,0.6915365669340329
812,South Korea,2018,1,0.6701777602486161
813,South Korea,2019,1,0.8296965492348644
814,South Korea,2020,1,0.8299764406071856
815,South Korea,2021,1,0.8289012019801847
816,South Korea,2022,1,0.8242403207647939
817,South Korea,2023,1,0.8196685348041364
818,South Sudan,2017,0,0.06580417256437196
819,South Sudan,2018,0,0.04781874994518533
820,South Sudan,2019,0,0.046011542195370424
821,South Sudan,2020,0,0.04803203215549134
822,South Sudan,2021,1,0.045310610240777385
823,South Sudan,2022,0,0.22868231652809223
824,South Sudan,2023,0,0.13225882752533538
825,Spain,2020,1,0.533914805262481
826,Spain,2021,1,0.5258214968656282
827,Spain,2022,1,0.5191837811913395
828,Spain,2023,1,0.5133260925957098
829,Sri Lanka,2017,1,0.9354887646335424
830,Sri Lanka,2018,1,0.9178478365987975
831,Sri Lanka,2019,1,0.8912759358331017
832,Sri Lanka,2020,1,0.8928595115249588
833,Sri Lanka,2021,1,0.8664005808938041
834,Sri Lanka,2022,1,0.8605490074508734
835,Sri Lanka,2023,1,0.8494404560733345
836,Sudan,2017,1,0.8803991471985363
837,Sudan,2018,1,0.8564791600902506
838,Sudan,2019,1,0.8677509133067673
839,Sudan,2020,1,0.7435033761513937
840,Sudan,2021,1,0.753873075521127
841,Sudan,2022,1,0.5956570012117289
842,Sudan,2023,1,0.5363230899265629
843,Suriname,2018,0,0.18605909597849135
844,Suriname,2019,0,0.17196178894356254
845,Suriname,2020,0,0.170795867338612
846,Suriname,2021,0,0.11977603351641707
847,Suriname,2022,0,0.12217061176614745
848,Suriname,2023,0,0.11785443076931036
849,Sweden,2020,1,0.4460097544299053
850,Sweden,2021,0,0.5194686985026831
851,Sweden,2022,0,0.40822104965616324
852,Sweden,2023,0,0.3926825498235233
853,Switzerland,2020,0,0.4596945831466365
854,Switzerland,2021,0,0.4727155074249432
855,Switzerland,2022,0,0.4683817474828661
856,Switzerland,2023,0,0.46453608141253827
857,Syria,2017,0,0.4282009926443507
858,Syria,2018,0,0.43025208166946477
859,Syria,2019,1,0.472920362951618
860,Syria,2020,1,0.5022001183943767
861,Syria,2021,1,0.45876835021443063
862,Syria,2022,1,0.5349027769397
863,Syria,2023,1,0.5179706901388657
864,Tajikistan,2018,0,0.21116837419051981
865,Tajikistan,2019,0,0.29766091099763015
866,Tajikistan,2020,0,0.38260763851692264
867,Tajikistan,2021,0,0.3804998434495508
868,Tajikistan,2022,0,0.37553843767752826
869,Tajikistan,2023,0,0.37263339598157147
870,Tanzania,2017,0,0.1756610952698104
871,Tanzania,2018,0,0.21824616259500967
872,Tanzania,2019,0,0.29845103410018375
873,Tanzania,2020,0,0.25543257935523567
874,Tanzania,2021,0,0.17645802824317663
875,Tanzania,2022,0,0.15362540988017906
876,Tanzania,2023,0,0.15520593806166424
877,Thailand,2017,0,0.2151541933324882
878,Thailand,2018,0,0.18540152726175024
879,Thailand,2019,0,0.17018761022213735
880,Thailand,2020,0,0.1918499161368959
881,Thailand,2021,1,0.23574169369383716
882,Thailand,2022,0,0.29863955869626346
883,Thailand,2023,0,0.27316527908061006
884,Togo,2017,0,0.04658430663018995
885,Togo,2018,0,0.06186821029281564
886,Togo,2019,0,0.05516702089774422
887,Togo,2020,0,0.09801439812237583
888,Togo,2021,0,0.10098579526319476
889,Togo,2022,0,0.15146001520949132
890,Togo,2023,0,0.20560561584583495
891,Trinidad and Tobago,2018,0,0.28383127850052525
892,Trinidad and Tobago,2019,0,0.2889073089036656
893,Trinidad and Tobago,2020,1,0.29342684400118674
894,Trinidad and Tobago,2021,0,0.4531328035087167
895,Trinidad and Tobago,2022,1,0.35938021187761304
896,Trinidad and Tobago,2023,1,0.48253724958002114
897,Tunisia,2017,1,0.9132993594696043
898,Tunisia,2018,1,0.8994406092571035
899,Tunisia,2019,1,0.7831460235239078
900,Tunisia,2020,1,0.7416720663102199
901,Tunisia,2021,1,0.6607866412478365
902,Tunisia,2022,1,0.6299255790445235
903,Tunisia,2023,1,0.6857323990419419
904,Turkey,2017,0,0.7385407123321586
905,Turkey,2018,1,0.7043372400225248
906,Turkey,2019,1,0.738159308567792
907,Turkey,2020,1,0.6957008565677218
908,Turkey,2021,1,0.6942778781715768
909,Turkey,2022,1,0.6849611049853233
910,Turkey,2023,1,0.6802700249480564
911,Turkmenistan,2018,0,0.3789567447687473
912,Turkmenistan,2019,0,0.3803082142183904
913,Turkmenistan,2020,0,0.42354669329711936
914,Turkmenistan,2021,0,0.4246301332826387
915,Turkmenistan,2022,0,0.375396889847107
916,Turkmenistan,2023,0,0.3663898315523269
917,Uganda,2017,1,0.871653119266311
918,Uganda,2018,1,0.8386572588123993
919,Uganda,2019,1,0.8718429045917736
920,Uganda,2020,1,0.9276257660820596
921,Uganda,2021,1,0.8958768650076927
922,Uganda,2022,1,0.8362581318832142
923,Uganda,2023,1,0.8157300379394531
924,Ukraine,2018,1,0.3342671410899344
925,Ukraine,2019,1,0.44912285741455976
926,Ukraine,2020,1,0.4804093230528272
927,Ukraine,2021,1,0.48153462839208727
928,Ukraine,2022,0,0.4429078487237405
929,Ukraine,2023,0,0.29733219565053676
930,United Arab Emirates,2017,0,0.1904768632197466
931,United Arab Emirates,2018,0,0.1893920431655025
932,United Arab Emirates,2019,0,0.18883623892061877
933,United Arab Emirates,2020,0,0.1879655605725281
934,United Arab Emirates,2021,0,0.1893233414168493
935,United Arab Emirates,2022,0,0.1799174510404732
936,United Arab Emirates,2023,0,0.17399603387210222
937,United Kingdom,2020,1,0.4970398102606084
938,United Kingdom,2021,1,0.5723920449167167
939,United Kingdom,2022,1,0.5651145289172486
940,United Kingdom,2023,0,0.5586672340578243
941,United States of America,2020,1,0.6171204635635711
942,United States of America,2021,1,0.594529907438575
943,United States of America,2022,1,0.5883269405823442
944,United States of America,2023,1,0.5806115247725115
945,Uruguay,2018,0,0.5271163154023627
946,Uruguay,2019,0,0.5443038062271526
947,Uruguay,2020,0,0.5456074905466886
948,Uruguay,2021,0,0.5063574931494356
949,Uruguay,2022,0,0.4922842530376354
950,Uruguay,2023,0,0.48882573058164935
951,Uzbekistan,2018,0,0.5270276578317853
952,Uzbekistan,2019,0,0.5395983512747398
953,Uzbekistan,2020,0,0.4881929866677526
954,Uzbekistan,2021,0,0.5270971436697667
955,Uzbekistan,2022,0,0.47423847849792383
956,Uzbekistan,2023,0,0.46182624280084905
957,Venezuela,2018,1,0.46227960121686507
958,Venezuela,2019,1,0.4505857938466812
959,Venezuela,2020,1,0.4509228284794175
960,Venezuela,2021,1,0.40891690698196914
961,Venezuela,2022,1,0.40213257748980846
962,Venezuela,2023,1,0.39539965140808764
963,Vietnam,2017,0,0.09521021577054355
964,Vietnam,2018,0,0.10832172921988324
965,Vietnam,2019,0,0.20652417049047558
966,Vietnam,2020,0,0.26950419125837927
967,Vietnam,2021,0,0.2730093057497131
968,Vietnam,2022,0,0.23380878543073308
969,Vietnam,2023,0,0.22993566015820066
970,Yemen (North Yemen),2017,0,0.8472303586078693
971,Yemen (North Yemen),2018,1,0.6886635249121874
972,Yemen (North Yemen),2019,1,0.7683864193354275
973,Yemen (North Yemen),2020,1,0.7261944956196328
974,Yemen (North Yemen),2021,1,0.7257196350614773
975,Yemen (North Yemen),2022,1,0.7122875675246029
976,Yemen (North Yemen),2023,1,0.6907929414622864
977,Zambia,2017,0,0.7378127143931927
978,Zambia,2018,0,0.5431174296384184
979,Zambia,2019,0,0.5380951303205694
980,Zambia,2020,1,0.5535147042515605
981,Zambia,2021,1,0.6879419006492314
982,Zambia,2022,1,0.6938825013611352
983,Zambia,2023,1,0.6763911914664793
984,Zimbabwe,2017,1,0.6273557903181933
985,Zimbabwe,2018,1,0.6377748133414172
986,Zimbabwe,2019,1,0.6268817232204824
987,Zimbabwe,2020,1,0.5072696257802118
988,Zimbabwe,2021,1,0.48620447988241144
989,Zimbabwe,2022,1,0.47706735440744014
990,Zimbabwe,2023,1,0.547004806710819
991,eSwatini,2017,0,0.06934342650092072
992,eSwatini,2018,0,0.07070229250323658
993,eSwatini,2019,0,0.09293215125573229
994,eSwatini,2020,0,0.10066392958047803
995,eSwatini,2021,1,0.11215262211037026
996,eSwatini,2022,1,0.3571375404586626
997,eSwatini,2023,1,0.43850578610898133
