,country,year,d_ns,preds_proba
0,United States of America,2017,0,0.059601557345158436
1,United States of America,2018,0,0.06141192108296466
2,United States of America,2019,1,0.07186876503074849
3,United States of America,2020,0,0.17784619312996025
4,United States of America,2021,0,0.05633391795838667
5,United States of America,2022,1,0.0726497572247333
6,United States of America,2023,0,0.3177296019493774
7,Canada,2017,0,0.01874732502771193
8,Canada,2018,0,0.0484067593723198
9,Canada,2019,0,0.02237285164072937
10,Canada,2020,0,0.06950986179219758
11,Canada,2021,0,0.10536538255915515
12,Canada,2022,0,0.12916312762996787
13,Canada,2023,0,0.19802161296470772
14,Cuba,2017,0,0.016310842999969898
15,Cuba,2018,0,0.016310842999969898
16,Cuba,2019,0,0.017511987674696552
17,Cuba,2020,0,0.01761056250765712
18,Cuba,2021,0,0.03242527186770461
19,Cuba,2022,0,0.033462351817621826
20,Cuba,2023,0,0.03596677338678727
21,Haiti,2017,0,0.04958406111059696
22,Haiti,2018,0,0.043782754088164094
23,Haiti,2019,0,0.06461707008815779
24,Haiti,2020,0,0.09401019752940934
25,Haiti,2021,1,0.12062005029194406
26,Haiti,2022,1,0.25879380032448507
27,Haiti,2023,1,0.2676534219189337
28,Dominican Republic,2017,0,0.01871346657208526
29,Dominican Republic,2018,0,0.023658787843111533
30,Dominican Republic,2019,0,0.024132894570767144
31,Dominican Republic,2020,0,0.03687647733266311
32,Dominican Republic,2021,0,0.034131307765664524
33,Dominican Republic,2022,0,0.05378484224867339
34,Dominican Republic,2023,0,0.059832776057279366
35,Jamaica,2017,0,0.019959688776892796
36,Jamaica,2018,0,0.018025012643120085
37,Jamaica,2019,0,0.04517917097787913
38,Jamaica,2020,0,0.07267938568752641
39,Jamaica,2021,0,0.011858732819389373
40,Jamaica,2022,0,0.013225392358463171
41,Jamaica,2023,0,0.01755830982450529
42,Trinidad and Tobago,2017,0,0.005300253709212559
43,Trinidad and Tobago,2018,0,0.004202898894089737
44,Trinidad and Tobago,2019,0,0.013481629741065366
45,Trinidad and Tobago,2020,0,0.019016922808079734
46,Trinidad and Tobago,2021,0,0.015044368661165607
47,Trinidad and Tobago,2022,0,0.01396057924770236
48,Trinidad and Tobago,2023,0,0.014139531385569223
49,Barbados,2017,0,0.0026854143705818964
50,Barbados,2018,0,0.003629909730987325
51,Barbados,2019,0,0.0048545859391481185
52,Barbados,2020,0,0.00434348615156645
53,Barbados,2021,0,0.001237837335292436
54,Barbados,2022,0,0.0011251803833375023
55,Barbados,2023,0,0.006435692187618412
56,Mexico,2017,1,0.8505307396493426
57,Mexico,2018,1,0.800832663727062
58,Mexico,2019,1,0.7696154960357812
59,Mexico,2020,1,0.6773569686026126
60,Mexico,2021,1,0.7297002422547398
61,Mexico,2022,1,0.7355648853685613
62,Mexico,2023,1,0.6360219592892092
63,Guatemala,2017,0,0.25457091131145293
64,Guatemala,2018,0,0.20714005156260426
65,Guatemala,2019,0,0.2609340845020293
66,Guatemala,2020,0,0.19556638031015308
67,Guatemala,2021,0,0.2161411163276027
68,Guatemala,2022,1,0.20008921745743435
69,Guatemala,2023,0,0.33940203538595737
70,Honduras,2017,0,0.7014102662035586
71,Honduras,2018,1,0.639741310038268
72,Honduras,2019,1,0.6650140087424466
73,Honduras,2020,1,0.6578089852702196
74,Honduras,2021,1,0.6173783991551696
75,Honduras,2022,1,0.5720608695407841
76,Honduras,2023,1,0.6046475764601797
77,El Salvador,2017,0,0.05829175710546318
78,El Salvador,2018,0,0.07058273464802257
79,El Salvador,2019,0,0.049593523057322245
80,El Salvador,2020,0,0.049668218424654534
81,El Salvador,2021,0,0.053863252875582246
82,El Salvador,2022,0,0.11382651434848073
83,El Salvador,2023,0,0.0634993003526649
84,Nicaragua,2017,0,0.07042385911242795
85,Nicaragua,2018,0,0.1294247321926661
86,Nicaragua,2019,0,0.15686217367292377
87,Nicaragua,2020,0,0.10617766237432225
88,Nicaragua,2021,0,0.07397962821786697
89,Nicaragua,2022,0,0.07405091849437136
90,Nicaragua,2023,0,0.07764152939819628
91,Costa Rica,2017,0,0.019446425346386666
92,Costa Rica,2018,0,0.02775127346846632
93,Costa Rica,2019,0,0.025812904912466506
94,Costa Rica,2020,0,0.025253102628799217
95,Costa Rica,2021,0,0.028423150641683666
96,Costa Rica,2022,0,0.04426296096598395
97,Costa Rica,2023,0,0.05055540523749829
98,Panama,2017,0,0.0140141322892536
99,Panama,2018,0,0.041316992454919335
100,Panama,2019,0,0.04358394593364092
101,Panama,2020,0,0.04947842837528747
102,Panama,2021,0,0.05340087500585357
103,Panama,2022,0,0.04927705952492382
104,Panama,2023,0,0.05513209427015415
105,Colombia,2017,1,0.052771079803419225
106,Colombia,2018,1,0.24131512920077475
107,Colombia,2019,1,0.24048300597108455
108,Colombia,2020,1,0.24622495042307155
109,Colombia,2021,1,0.24981245699999166
110,Colombia,2022,1,0.23269832456905196
111,Colombia,2023,1,0.22509021370956045
112,Venezuela,2017,0,0.08036771976130641
113,Venezuela,2018,0,0.11499875333142054
114,Venezuela,2019,0,0.15290426637906962
115,Venezuela,2020,0,0.17399023719462448
116,Venezuela,2021,1,0.17208934523201141
117,Venezuela,2022,1,0.2495714772764262
118,Venezuela,2023,0,0.23433339121273927
119,Guyana,2017,0,0.021815389091359928
120,Guyana,2018,0,0.02198846902989763
121,Guyana,2019,0,0.033487266659950124
122,Guyana,2020,0,0.01942137740344744
123,Guyana,2021,0,0.023834125425162514
124,Guyana,2022,0,0.026038046364908637
125,Guyana,2023,0,0.036039091213393826
126,Suriname,2017,0,0.013094381225982485
127,Suriname,2018,0,0.013122495887607945
128,Suriname,2019,0,0.014645159100047524
129,Suriname,2020,0,0.017968958765814155
130,Suriname,2021,0,0.017239814085701972
131,Suriname,2022,0,0.02300384793141562
132,Suriname,2023,0,0.02579701342092925
133,Ecuador,2017,0,0.015721156753092793
134,Ecuador,2018,0,0.02259814826946154
135,Ecuador,2019,0,0.051707417413146856
136,Ecuador,2020,0,0.06047043235097961
137,Ecuador,2021,1,0.06460107902823364
138,Ecuador,2022,1,0.16303830553311885
139,Ecuador,2023,1,0.17010339871980945
140,Peru,2017,0,0.05942076583817622
141,Peru,2018,0,0.08337582344003774
142,Peru,2019,0,0.06783216569538539
143,Peru,2020,0,0.08363523603697838
144,Peru,2021,0,0.08154921523745691
145,Peru,2022,0,0.09826304560596716
146,Peru,2023,0,0.19437187929359823
147,Brazil,2017,1,0.7192986605404068
148,Brazil,2018,1,0.67730678054503
149,Brazil,2019,1,0.550558881410689
150,Brazil,2020,1,0.5521558243629339
151,Brazil,2021,1,0.5450541798105155
152,Brazil,2022,1,0.5139885507906319
153,Brazil,2023,1,0.5476960614759677
154,Bolivia,2017,0,0.02042399885810887
155,Bolivia,2018,0,0.03692135261114863
156,Bolivia,2019,0,0.04387738645125292
157,Bolivia,2020,0,0.04195900176293888
158,Bolivia,2021,1,0.027976908784298173
159,Bolivia,2022,0,0.12581327034373985
160,Bolivia,2023,1,0.17412632753959753
161,Paraguay,2017,0,0.2697804570961615
162,Paraguay,2018,0,0.1688459031199933
163,Paraguay,2019,0,0.14547383185700202
164,Paraguay,2020,0,0.1441735818250024
165,Paraguay,2021,0,0.12121074843303765
166,Paraguay,2022,0,0.11839079714723413
167,Paraguay,2023,0,0.13043265282707442
168,Chile,2017,0,0.00892914063304427
169,Chile,2018,0,0.012426646412526384
170,Chile,2019,0,0.0317113624143725
171,Chile,2020,0,0.029433652601268036
172,Chile,2021,0,0.021494930778362686
173,Chile,2022,0,0.054816032291662764
174,Chile,2023,0,0.10435807443095639
175,Argentina,2017,0,0.03649530037582993
176,Argentina,2018,0,0.04314669799355643
177,Argentina,2019,0,0.03800945673078899
178,Argentina,2020,0,0.042345433780253676
179,Argentina,2021,0,0.04597828291080678
180,Argentina,2022,0,0.0807004141193881
181,Argentina,2023,0,0.22637892337209906
182,Uruguay,2017,0,0.0261381920767579
183,Uruguay,2018,0,0.02670147683653257
184,Uruguay,2019,0,0.026312969350271005
185,Uruguay,2020,0,0.0261381920767579
186,Uruguay,2021,0,0.03255245315524986
187,Uruguay,2022,0,0.03043325133426146
188,Uruguay,2023,0,0.0480222726642173
189,United Kingdom,2017,0,0.0020955525995984916
190,United Kingdom,2018,0,0.008496511839832192
191,United Kingdom,2019,0,0.0035872578418681823
192,United Kingdom,2020,0,0.01055689438392799
193,United Kingdom,2021,0,0.012800039711694834
194,United Kingdom,2022,0,0.011965106283364663
195,United Kingdom,2023,0,0.018536761814069137
196,Ireland,2017,0,0.009139063450325781
197,Ireland,2018,0,0.011965077518976137
198,Ireland,2019,0,0.010616795694732185
199,Ireland,2020,0,0.014392716193803112
200,Ireland,2021,0,0.009332995606845123
201,Ireland,2022,0,0.01519830581003913
202,Ireland,2023,0,0.017601654118411053
203,Netherlands,2017,0,0.001282582801239558
204,Netherlands,2018,0,0.006613312178348056
205,Netherlands,2019,0,0.006290222187218873
206,Netherlands,2020,0,0.007457736949710276
207,Netherlands,2021,0,0.0058038439347817316
208,Netherlands,2022,0,0.0058038439347817316
209,Netherlands,2023,0,0.009639972146830189
210,Belgium,2017,0,0.0005632847597746693
211,Belgium,2018,0,0.0011701786790866162
212,Belgium,2019,0,0.0011154125579619803
213,Belgium,2020,0,0.0004903757369698769
214,Belgium,2021,0,0.0004903757369698769
215,Belgium,2022,0,0.0010536604967445462
216,Belgium,2023,0,0.001286696861428686
217,Luxembourg,2017,0,0.0014429565568918443
218,Luxembourg,2018,0,0.015089394988234622
219,Luxembourg,2019,0,0.0015687936183974166
220,Luxembourg,2020,0,0.01616418684221939
221,Luxembourg,2021,0,0.00645794854387662
222,Luxembourg,2022,0,0.0035013751679481087
223,Luxembourg,2023,0,0.006436914742129155
224,France,2017,0,0.002635639756373145
225,France,2018,0,0.005799663255447684
226,France,2019,0,0.0015792082364717115
227,France,2020,0,0.0015792082364717115
228,France,2021,0,0.0015792082364717115
229,France,2022,0,0.0015792082364717115
230,France,2023,1,0.01068196794822121
231,Switzerland,2017,0,0.003469755460897766
232,Switzerland,2018,0,0.006536469011452561
233,Switzerland,2019,0,0.0022273361526150325
234,Switzerland,2020,0,0.0034457834308206773
235,Switzerland,2021,0,0.003769373644063089
236,Switzerland,2022,0,0.014212931655536444
237,Switzerland,2023,0,0.016227772477646802
238,Spain,2017,0,0.008530371511957686
239,Spain,2018,0,0.010307120404851267
240,Spain,2019,0,0.008246843934925314
241,Spain,2020,0,0.00818702150014711
242,Spain,2021,0,0.0035319287370238982
243,Spain,2022,0,0.015280766568892894
244,Spain,2023,1,0.026954868763899582
245,Portugal,2017,0,0.003467818930048845
246,Portugal,2018,0,0.0036555805166404013
247,Portugal,2019,0,0.006539916482652623
248,Portugal,2020,0,0.0061127966925197
249,Portugal,2021,0,0.0061127966925197
250,Portugal,2022,0,0.00554951193274503
251,Portugal,2023,0,0.013362577276099408
252,Germany,2017,0,0.005067082625641443
253,Germany,2018,0,0.005035142388421356
254,Germany,2019,0,0.005035142388421356
255,Germany,2020,0,0.005551486751548137
256,Germany,2021,0,0.004650231135908666
257,Germany,2022,0,0.005052218864988807
258,Germany,2023,0,0.011539808910548028
259,Poland,2017,0,0.0040040806229038935
260,Poland,2018,0,0.003440795863129223
261,Poland,2019,0,0.0027648541513996196
262,Poland,2020,0,0.00298235475843815
263,Poland,2021,0,0.00298235475843815
264,Poland,2022,0,0.00298235475843815
265,Poland,2023,0,0.012975187257634095
266,Austria,2017,0,0.0007493130183307403
267,Austria,2018,0,0.0018823746944193049
268,Austria,2019,0,0.0018823746944193049
269,Austria,2020,0,0.0018823746944193049
270,Austria,2021,0,0.0018823746944193049
271,Austria,2022,0,0.007404247117028251
272,Austria,2023,0,0.009792735359266159
273,Hungary,2017,0,0.005291025311478421
274,Hungary,2018,0,0.004414364701476181
275,Hungary,2019,0,0.004394831459297837
276,Hungary,2020,0,0.00582309979045475
277,Hungary,2021,0,0.006222590701341846
278,Hungary,2022,0,0.005259815030680081
279,Hungary,2023,0,0.008774872792467327
280,Czechia,2017,0,0.0007576651341756278
281,Czechia,2018,0,5.855604012320869e-05
282,Czechia,2019,0,5.855604012320869e-05
283,Czechia,2020,0,0.0008741833165176975
284,Czechia,2021,0,5.855604012320869e-05
285,Czechia,2022,0,0.01367935945183826
286,Czechia,2023,0,0.025738231470957378
287,Slovakia,2017,0,0.0019889214062944077
288,Slovakia,2018,0,0.002552206166069076
289,Slovakia,2019,0,0.0030027431377917463
290,Slovakia,2020,0,0.005270963754050706
291,Slovakia,2021,0,0.0014256366465197382
292,Slovakia,2022,0,0.004424037872122336
293,Slovakia,2023,0,0.0048578882635492825
294,Italy,2017,0,0.0012506254599364876
295,Italy,2018,0,0.003362943309091498
296,Italy,2019,0,0.003362943309091498
297,Italy,2020,0,0.002658837359373161
298,Italy,2021,0,0.001813910219711157
299,Italy,2022,0,0.0035050884091331995
300,Italy,2023,0,0.009662344539238216
301,Malta,2017,0,0.003907830373465381
302,Malta,2018,0,0.011697705366674412
303,Malta,2019,0,0.015339303784544213
304,Malta,2020,0,0.007596623239651353
305,Malta,2021,0,0.007948961103788087
306,Malta,2022,0,0.01166735228928354
307,Malta,2023,0,0.010631740358006226
308,Albania,2017,0,0.0023174819419647633
309,Albania,2018,0,0.004050735246325791
310,Albania,2019,0,0.016484885831749008
311,Albania,2020,0,0.004432611687633003
312,Albania,2021,0,0.008372223488123703
313,Albania,2022,0,0.014247906714485864
314,Albania,2023,0,0.011577543911891143
315,Serbia,2017,0,0.002679327767913234
316,Serbia,2018,0,0.004864384322191038
317,Serbia,2019,0,0.00716434966378468
318,Serbia,2020,0,0.006224168728390116
319,Serbia,2021,0,0.010463731862083847
320,Serbia,2022,0,0.012394617475157462
321,Serbia,2023,0,0.01698086078951176
322,Montenegro,2017,0,0.003538829749463148
323,Montenegro,2018,0,0.003645083234789369
324,Montenegro,2019,0,0.0023448963980514277
325,Montenegro,2020,0,0.0043219513685446714
326,Montenegro,2021,0,0.004660949200559701
327,Montenegro,2022,0,0.004381305562938733
328,Montenegro,2023,0,0.00645779455898468
329,North Macedonia,2017,0,0.006401029098943212
330,North Macedonia,2018,0,0.008541958548069132
331,North Macedonia,2019,0,5.855604012320869e-05
332,North Macedonia,2020,0,0.0004508339206748439
333,North Macedonia,2021,0,0.0004508339206748439
334,North Macedonia,2022,0,0.000550706648396618
335,North Macedonia,2023,0,0.003558288178765103
336,Croatia,2017,0,0.0013317558532239598
337,Croatia,2018,0,0.003678775685618415
338,Croatia,2019,0,0.0031154909258437457
339,Croatia,2020,0,0.0038962762926569453
340,Croatia,2021,0,0.00474120343231895
341,Croatia,2022,0,0.003520753119473833
342,Croatia,2023,0,0.005629047506059025
343,Bosnia-Herzegovina,2017,0,0.016112035638746577
344,Bosnia-Herzegovina,2018,0,0.018961915087036884
345,Bosnia-Herzegovina,2019,0,0.018030148040857723
346,Bosnia-Herzegovina,2020,0,0.015744967069115268
347,Bosnia-Herzegovina,2021,0,0.020366554835416096
348,Bosnia-Herzegovina,2022,0,0.03503030533861147
349,Bosnia-Herzegovina,2023,0,0.03330070714167439
350,Slovenia,2017,0,0.0010912447663767692
351,Slovenia,2018,0,0.0022178142859261077
352,Slovenia,2019,0,0.0029974899557646214
353,Slovenia,2020,0,0.01947515633889736
354,Slovenia,2021,0,0.017785642694937345
355,Slovenia,2022,0,0.005081173115980962
356,Slovenia,2023,0,0.008047806184127555
357,Greece,2017,0,0.004673919620958345
358,Greece,2018,0,0.001438518244500304
359,Greece,2019,0,0.03130439487510975
360,Greece,2020,0,0.030515298936509033
361,Greece,2021,0,0.007037390037307262
362,Greece,2022,0,0.052958888232042256
363,Greece,2023,0,0.049678280195427964
364,Cyprus,2017,0,0.001903565043745381
365,Cyprus,2018,0,0.005495860617359942
366,Cyprus,2019,0,0.0030851139639788364
367,Cyprus,2020,0,0.002052425237725276
368,Cyprus,2021,0,0.002052425237725276
369,Cyprus,2022,0,0.002427948410908389
370,Cyprus,2023,0,0.004981556929280604
371,Bulgaria,2017,0,0.001921343059543348
372,Bulgaria,2018,0,0.0020851369084309204
373,Bulgaria,2019,0,0.02710789012238856
374,Bulgaria,2020,0,0.026670946938605798
375,Bulgaria,2021,0,0.001724598936779179
376,Bulgaria,2022,0,0.040626025590466706
377,Bulgaria,2023,0,0.04427878880505365
378,Moldova,2017,0,0.04393668729169917
379,Moldova,2018,0,0.06271412463712589
380,Moldova,2019,0,0.06650194349965283
381,Moldova,2020,0,0.05346911011293474
382,Moldova,2021,0,0.03862159324192
383,Moldova,2022,0,0.10720602969108872
384,Moldova,2023,0,0.11894787103035023
385,Romania,2017,0,0.003966976922039608
386,Romania,2018,0,0.0021507182826856434
387,Romania,2019,0,0.0010963926116122511
388,Romania,2020,0,0.00022250624404672722
389,Romania,2021,0,0.0011101772800718706
390,Romania,2022,0,0.0015845727367502977
391,Romania,2023,0,0.008358374789041825
392,Russia (Soviet Union),2017,0,0.02033379449141955
393,Russia (Soviet Union),2018,0,0.031889635751163756
394,Russia (Soviet Union),2019,0,0.03375214817312402
395,Russia (Soviet Union),2020,0,0.04365878837082819
396,Russia (Soviet Union),2021,0,0.055835230920422155
397,Russia (Soviet Union),2022,0,0.08012830264709633
398,Russia (Soviet Union),2023,0,0.3109958496367971
399,Estonia,2017,0,0.0010572833173409504
400,Estonia,2018,0,0.002031496379572438
401,Estonia,2019,0,5.855604012320869e-05
402,Estonia,2020,0,5.855604012320869e-05
403,Estonia,2021,0,5.855604012320869e-05
404,Estonia,2022,0,0.0003401984200105434
405,Estonia,2023,0,0.0034945930747486914
406,Latvia,2017,0,0.0016927259199161324
407,Latvia,2018,0,0.004233667444823585
408,Latvia,2019,0,0.002040188118812987
409,Latvia,2020,0,0.002981488577590708
410,Latvia,2021,0,0.005227808774998756
411,Latvia,2022,0,0.015251182369344257
412,Latvia,2023,0,0.018554385671438606
413,Lithuania,2017,0,0.0003929479202661776
414,Lithuania,2018,0,0.0003929479202661776
415,Lithuania,2019,0,0.0006745903001535122
416,Lithuania,2020,0,0.0008623518867450686
417,Lithuania,2021,0,0.013026850123257161
418,Lithuania,2022,0,0.013376404670283372
419,Lithuania,2023,0,0.014886219823790094
420,Ukraine,2017,0,0.21870206460667008
421,Ukraine,2018,0,0.1566190688068499
422,Ukraine,2019,0,0.10867818607249892
423,Ukraine,2020,0,0.06056254643654762
424,Ukraine,2021,0,0.073759747344612
425,Ukraine,2022,0,0.15567804056255918
426,Ukraine,2023,0,0.25140376282201604
427,Belarus,2017,0,0.008616139755642313
428,Belarus,2018,0,0.008013710552533203
429,Belarus,2019,0,0.010096054779345644
430,Belarus,2020,0,0.06609147057774112
431,Belarus,2021,0,0.047920520341473254
432,Belarus,2022,0,0.07076943448128563
433,Belarus,2023,0,0.07176390464279875
434,Armenia,2017,0,0.018349869491081847
435,Armenia,2018,0,0.013355266282173438
436,Armenia,2019,0,0.030108635889367727
437,Armenia,2020,0,0.04462308268522816
438,Armenia,2021,0,0.05088441438885143
439,Armenia,2022,0,0.052389355774547446
440,Armenia,2023,0,0.043116833708641084
441,Georgia,2017,0,0.05983938681947728
442,Georgia,2018,0,0.04799651160611611
443,Georgia,2019,0,0.055944807102051464
444,Georgia,2020,0,0.04585722100228269
445,Georgia,2021,0,0.04927244974141218
446,Georgia,2022,0,0.048542943184370614
447,Georgia,2023,0,0.04278385229108711
448,Azerbaijan,2017,0,0.009973457583833318
449,Azerbaijan,2018,0,0.00890204612017011
450,Azerbaijan,2019,0,0.011909600019781166
451,Azerbaijan,2020,0,0.02698021842805047
452,Azerbaijan,2021,0,0.043276244852545956
453,Azerbaijan,2022,0,0.058012712528747956
454,Azerbaijan,2023,0,0.07086098431971437
455,Finland,2017,0,0.0006229714423388328
456,Finland,2018,0,0.0006229714423388328
457,Finland,2019,0,0.0015068450826765344
458,Finland,2020,0,0.002081617781563071
459,Finland,2021,0,0.0014484221123831594
460,Finland,2022,0,0.0035928202920520436
461,Finland,2023,0,0.01341573545484166
462,Sweden,2017,0,0.0008271625189723021
463,Sweden,2018,0,0.0016741600752281176
464,Sweden,2019,0,0.0023361170296528093
465,Sweden,2020,0,0.0016768810599885502
466,Sweden,2021,0,0.0014891194733969938
467,Sweden,2022,0,0.0016988522016127194
468,Sweden,2023,0,0.009288977958922386
469,Norway,2017,0,0.0009309752574072326
470,Norway,2018,0,0.0009309752574072326
471,Norway,2019,0,0.0006008404074380346
472,Norway,2020,0,0.003032741327463236
473,Norway,2021,0,0.003032741327463236
474,Norway,2022,0,0.003312384965084203
475,Norway,2023,0,0.004866414910130462
476,Denmark,2017,0,0.0046938214723697
477,Denmark,2018,0,0.004387696534006694
478,Denmark,2019,0,0.0018448681898810438
479,Denmark,2020,0,0.0018448681898810438
480,Denmark,2021,0,0.0018448681898810438
481,Denmark,2022,0,0.0018448681898810438
482,Denmark,2023,0,0.003610623166849737
483,Iceland,2017,0,0.0044052380420375155
484,Iceland,2018,0,0.00698899373656746
485,Iceland,2019,0,0.009095100072706743
486,Iceland,2020,0,0.0093439851136076
487,Iceland,2021,0,0.010981106077609739
488,Iceland,2022,0,0.02049825692213708
489,Iceland,2023,0,0.021663574999703377
490,Cabo Verde,2017,0,0.004699447844800277
491,Cabo Verde,2018,0,0.0031125627806485767
492,Cabo Verde,2019,0,0.0040232064756176265
493,Cabo Verde,2020,0,0.0033434035335008867
494,Cabo Verde,2021,0,0.00472631305420278
495,Cabo Verde,2022,0,0.006607452835953646
496,Cabo Verde,2023,0,0.009691680243993984
497,Guinea-Bissau,2017,0,0.03069600137069875
498,Guinea-Bissau,2018,0,0.05677242044295955
499,Guinea-Bissau,2019,0,0.052830722753505324
500,Guinea-Bissau,2020,0,0.07419758786282392
501,Guinea-Bissau,2021,0,0.04650854143613935
502,Guinea-Bissau,2022,0,0.04869512605847676
503,Guinea-Bissau,2023,0,0.04749074117099018
504,Equatorial Guinea,2017,0,0.016927005909292046
505,Equatorial Guinea,2018,0,0.0180764079907805
506,Equatorial Guinea,2019,0,0.02916415051325296
507,Equatorial Guinea,2020,0,0.04140568452373774
508,Equatorial Guinea,2021,0,0.03296940305794154
509,Equatorial Guinea,2022,0,0.06712525860103931
510,Equatorial Guinea,2023,0,0.07270764472376133
511,Gambia,2017,0,0.022007108633281935
512,Gambia,2018,0,0.02434877692374996
513,Gambia,2019,0,0.020942564689818168
514,Gambia,2020,0,0.01891415519090775
515,Gambia,2021,0,0.021592486584871857
516,Gambia,2022,0,0.02051750669206836
517,Gambia,2023,0,0.02223957209435098
518,Mali,2017,1,0.7977510272280626
519,Mali,2018,1,0.7789350998618947
520,Mali,2019,1,0.746531482074435
521,Mali,2020,1,0.7292076462580159
522,Mali,2021,1,0.6871200185975117
523,Mali,2022,1,0.7143670076962907
524,Mali,2023,1,0.7259527457118983
525,Senegal,2017,0,0.03781181623401856
526,Senegal,2018,0,0.03661276452409146
527,Senegal,2019,0,0.04417720288396934
528,Senegal,2020,0,0.10416744185841742
529,Senegal,2021,0,0.10437308610675067
530,Senegal,2022,0,0.05537999200837855
531,Senegal,2023,0,0.05844337061434627
532,Benin,2017,0,0.05594126808353042
533,Benin,2018,0,0.05818226120994992
534,Benin,2019,0,0.13700547243726255
535,Benin,2020,0,0.11771957963535978
536,Benin,2021,0,0.1462961623436559
537,Benin,2022,0,0.12318718940877295
538,Benin,2023,0,0.1272391640016362
539,Mauritania,2017,0,0.044029724312778296
540,Mauritania,2018,0,0.03662061638873321
541,Mauritania,2019,0,0.04697640505244206
542,Mauritania,2020,0,0.04667155919299743
543,Mauritania,2021,0,0.04353370632466948
544,Mauritania,2022,0,0.052685673295299655
545,Mauritania,2023,0,0.05678456535339488
546,Niger,2017,1,0.3141176746888118
547,Niger,2018,1,0.3890577834907762
548,Niger,2019,0,0.5541199290004458
549,Niger,2020,0,0.43971775930222634
550,Niger,2021,1,0.4354644501414833
551,Niger,2022,1,0.5446541581317451
552,Niger,2023,1,0.6560862591674361
553,Ivory Coast,2017,0,0.5702912072983443
554,Ivory Coast,2018,0,0.4114512157423072
555,Ivory Coast,2019,0,0.2887753714469375
556,Ivory Coast,2020,0,0.46407532489410486
557,Ivory Coast,2021,0,0.3470777473352328
558,Ivory Coast,2022,0,0.32163027585209547
559,Ivory Coast,2023,0,0.3353125888459795
560,Guinea,2017,0,0.1907251678272367
561,Guinea,2018,0,0.1667666108206119
562,Guinea,2019,0,0.1758005441835863
563,Guinea,2020,1,0.18897973054597758
564,Guinea,2021,1,0.3215085748723213
565,Guinea,2022,0,0.3073817860686904
566,Guinea,2023,0,0.15757457445815082
567,Burkina Faso,2017,1,0.09915753050347595
568,Burkina Faso,2018,1,0.268891248079163
569,Burkina Faso,2019,1,0.32254681869510254
570,Burkina Faso,2020,1,0.3493393251038488
571,Burkina Faso,2021,1,0.4457439269252558
572,Burkina Faso,2022,1,0.38649288840579465
573,Burkina Faso,2023,1,0.43602243723900136
574,Liberia,2017,0,0.04789021695028076
575,Liberia,2018,0,0.09260463885957393
576,Liberia,2019,0,0.051315913285863615
577,Liberia,2020,0,0.05578464739275678
578,Liberia,2021,0,0.09301526236683816
579,Liberia,2022,0,0.09400844017846476
580,Liberia,2023,0,0.09991326383328772
581,Sierra Leone,2017,0,0.03770811938611771
582,Sierra Leone,2018,0,0.057489211524910884
583,Sierra Leone,2019,0,0.06288427216737036
584,Sierra Leone,2020,0,0.06024221288687606
585,Sierra Leone,2021,0,0.06325484367087453
586,Sierra Leone,2022,0,0.06427902998713508
587,Sierra Leone,2023,0,0.07428052347759301
588,Ghana,2017,0,0.1397209178032583
589,Ghana,2018,0,0.15658875130676203
590,Ghana,2019,0,0.11343264543709716
591,Ghana,2020,0,0.11141410265010179
592,Ghana,2021,0,0.11091545629778134
593,Ghana,2022,1,0.15014673291856584
594,Ghana,2023,1,0.2864759433854034
595,Togo,2017,0,0.08344452081284415
596,Togo,2018,0,0.0867686692667595
597,Togo,2019,0,0.11692752549896356
598,Togo,2020,0,0.1403420838162763
599,Togo,2021,0,0.11210651620656552
600,Togo,2022,0,0.09343679389150113
601,Togo,2023,0,0.13781942430909974
602,Cameroon,2017,1,0.46377707499904863
603,Cameroon,2018,1,0.43837338763758193
604,Cameroon,2019,1,0.476511102463928
605,Cameroon,2020,1,0.43999703368857346
606,Cameroon,2021,1,0.4352440784425383
607,Cameroon,2022,1,0.43311601099045816
608,Cameroon,2023,1,0.44171479595488783
609,Nigeria,2017,1,0.9138669810129196
610,Nigeria,2018,1,0.8938954064180689
611,Nigeria,2019,1,0.8854943529966488
612,Nigeria,2020,1,0.8850324353972966
613,Nigeria,2021,1,0.8521458664312245
614,Nigeria,2022,1,0.8447225627361228
615,Nigeria,2023,1,0.8540277420805782
616,Gabon,2017,0,0.01857208322034546
617,Gabon,2018,0,0.02225806293507851
618,Gabon,2019,0,0.027370289072889763
619,Gabon,2020,0,0.023664627459617928
620,Gabon,2021,0,0.033748491527138734
621,Gabon,2022,0,0.03427676557703903
622,Gabon,2023,0,0.044097098778723545
623,Central African Republic,2017,1,0.7711641293024024
624,Central African Republic,2018,1,0.7621251009131265
625,Central African Republic,2019,1,0.7507697667710769
626,Central African Republic,2020,1,0.78810106656905
627,Central African Republic,2021,0,0.7237673429602355
628,Central African Republic,2022,0,0.637981269800814
629,Central African Republic,2023,1,0.6270374698179328
630,Chad,2017,1,0.6886464072965579
631,Chad,2018,0,0.6911249934051201
632,Chad,2019,1,0.579470028137837
633,Chad,2020,1,0.7008637919086419
634,Chad,2021,1,0.7344774802181353
635,Chad,2022,1,0.7086978010413939
636,Chad,2023,1,0.7241964251384828
637,Congo,2017,0,0.049284387191304777
638,Congo,2018,0,0.04375119429637835
639,Congo,2019,0,0.08417458647077242
640,Congo,2020,0,0.06209954145743367
641,Congo,2021,0,0.07776553250016283
642,Congo,2022,0,0.06606163124024009
643,Congo,2023,0,0.08699490367633984
644,DR Congo (Zaire),2017,1,0.901614798069849
645,DR Congo (Zaire),2018,1,0.8554627347426608
646,DR Congo (Zaire),2019,1,0.8705054033337891
647,DR Congo (Zaire),2020,1,0.8466189660891079
648,DR Congo (Zaire),2021,1,0.7897819344552618
649,DR Congo (Zaire),2022,1,0.7630240731379673
650,DR Congo (Zaire),2023,1,0.7194643077347773
651,Uganda,2017,0,0.5234060779633982
652,Uganda,2018,0,0.46284257283235175
653,Uganda,2019,0,0.4074498005306349
654,Uganda,2020,0,0.42718809167309935
655,Uganda,2021,0,0.42920715767854006
656,Uganda,2022,0,0.4268955278139569
657,Uganda,2023,0,0.41115577884795795
658,Kenya,2017,1,0.8945980508973763
659,Kenya,2018,1,0.8749417223324556
660,Kenya,2019,1,0.8104935770250545
661,Kenya,2020,1,0.760545518752579
662,Kenya,2021,1,0.7389993125056962
663,Kenya,2022,1,0.7457662476017625
664,Kenya,2023,0,0.7195500539886306
665,Tanzania,2017,0,0.09634947413811576
666,Tanzania,2018,0,0.08994356341297594
667,Tanzania,2019,0,0.09928149665486416
668,Tanzania,2020,0,0.07346671612119399
669,Tanzania,2021,0,0.07171919709506402
670,Tanzania,2022,0,0.0788748271535399
671,Tanzania,2023,0,0.18586046227704103
672,Burundi,2017,0,0.13414245134391128
673,Burundi,2018,0,0.1328282121556559
674,Burundi,2019,0,0.14935515795405035
675,Burundi,2020,0,0.22262052309408284
676,Burundi,2021,0,0.18254015832204923
677,Burundi,2022,0,0.19396091540896349
678,Burundi,2023,0,0.1881237232566303
679,Rwanda,2017,0,0.04904711130212547
680,Rwanda,2018,0,0.04386485715138264
681,Rwanda,2019,0,0.04154991142451847
682,Rwanda,2020,0,0.047211067347242175
683,Rwanda,2021,0,0.0562371978447531
684,Rwanda,2022,0,0.05713712049238583
685,Rwanda,2023,0,0.08280988581476602
686,Somalia,2017,1,0.853807420957714
687,Somalia,2018,1,0.796594024392695
688,Somalia,2019,1,0.85514914597139
689,Somalia,2020,1,0.8388395533416411
690,Somalia,2021,1,0.7861943737399015
691,Somalia,2022,1,0.7756046868996478
692,Somalia,2023,1,0.7585208825541229
693,Djibouti,2017,0,0.028789766016698685
694,Djibouti,2018,1,0.028112319111787847
695,Djibouti,2019,0,0.1997529165879595
696,Djibouti,2020,0,0.08793790468807144
697,Djibouti,2021,1,0.07371904723386208
698,Djibouti,2022,0,0.1758836929404069
699,Djibouti,2023,0,0.08915635832945173
700,Ethiopia,2017,1,0.5164261779435263
701,Ethiopia,2018,1,0.4013021329135826
702,Ethiopia,2019,1,0.4167606788362854
703,Ethiopia,2020,1,0.5027391104491022
704,Ethiopia,2021,1,0.5243939046644244
705,Ethiopia,2022,1,0.5802684663903354
706,Ethiopia,2023,1,0.6101816639866069
707,Eritrea,2017,0,0.030507696144215404
708,Eritrea,2018,0,0.05559531590665011
709,Eritrea,2019,0,0.061705718047403865
710,Eritrea,2020,0,0.09156488967778435
711,Eritrea,2021,0,0.08847654861795368
712,Eritrea,2022,0,0.08805280462229001
713,Eritrea,2023,0,0.13570632000348998
714,Angola,2017,0,0.030898526049971183
715,Angola,2018,0,0.023422347588924038
716,Angola,2019,0,0.11233856519955819
717,Angola,2020,0,0.044459199425283674
718,Angola,2021,0,0.057350377529076596
719,Angola,2022,0,0.09533296835961744
720,Angola,2023,0,0.22101976444026716
721,Mozambique,2017,0,0.09082189639118052
722,Mozambique,2018,0,0.10331736977204603
723,Mozambique,2019,0,0.11332805448816005
724,Mozambique,2020,0,0.1953003803843969
725,Mozambique,2021,0,0.19576016278785158
726,Mozambique,2022,1,0.22204231240085665
727,Mozambique,2023,1,0.3843910569140418
728,Zambia,2017,0,0.026642999332345298
729,Zambia,2018,0,0.0340504498816545
730,Zambia,2019,0,0.03809492847334871
731,Zambia,2020,0,0.04653255726441978
732,Zambia,2021,0,0.04887838805340584
733,Zambia,2022,0,0.07538799192105575
734,Zambia,2023,0,0.20298518105379995
735,Zimbabwe,2017,0,0.024627312661964485
736,Zimbabwe,2018,0,0.018534710458754947
737,Zimbabwe,2019,0,0.023925962407211815
738,Zimbabwe,2020,0,0.033536333818274505
739,Zimbabwe,2021,0,0.038827173943607095
740,Zimbabwe,2022,0,0.03799480930337882
741,Zimbabwe,2023,0,0.059819294090171074
742,Malawi,2017,0,0.04446996889391513
743,Malawi,2018,0,0.042704428268595024
744,Malawi,2019,0,0.04620925960999239
745,Malawi,2020,0,0.04385349600328223
746,Malawi,2021,0,0.05224838985397652
747,Malawi,2022,0,0.06755382472193723
748,Malawi,2023,0,0.12502601119690734
749,South Africa,2017,0,0.3867100559038687
750,South Africa,2018,1,0.2345606630286332
751,South Africa,2019,1,0.37774102150636923
752,South Africa,2020,1,0.37522992367846986
753,South Africa,2021,1,0.41032037987232667
754,South Africa,2022,1,0.403008775045837
755,South Africa,2023,1,0.4080603069792407
756,Namibia,2017,0,0.011679135600689455
757,Namibia,2018,0,0.009057718451198599
758,Namibia,2019,0,0.12798086656261337
759,Namibia,2020,0,0.014762589704478987
760,Namibia,2021,0,0.024837225614625997
761,Namibia,2022,0,0.05387744798362165
762,Namibia,2023,0,0.1814849964717482
763,Lesotho,2017,0,0.01633967845989304
764,Lesotho,2018,0,0.013178444293768403
765,Lesotho,2019,0,0.07289362465651347
766,Lesotho,2020,0,0.049768586279366284
767,Lesotho,2021,0,0.037964337383615196
768,Lesotho,2022,0,0.06046519473578954
769,Lesotho,2023,0,0.0871611627728269
770,Botswana,2017,0,0.015667940687527568
771,Botswana,2018,0,0.008689643457915548
772,Botswana,2019,0,0.011841636775011592
773,Botswana,2020,0,0.012548629361292354
774,Botswana,2021,0,0.01171409991967224
775,Botswana,2022,0,0.02340753835484262
776,Botswana,2023,0,0.03780139407800714
777,eSwatini,2017,0,0.01150392480826904
778,eSwatini,2018,0,0.014671421525308275
779,eSwatini,2019,0,0.014106609320182997
780,eSwatini,2020,0,0.014037152486956488
781,eSwatini,2021,0,0.019601806565384693
782,eSwatini,2022,0,0.031886097238527616
783,eSwatini,2023,0,0.040921494076791486
784,Madagascar,2017,0,0.056801617887653005
785,Madagascar,2018,0,0.14776110393762482
786,Madagascar,2019,0,0.22005279279955592
787,Madagascar,2020,0,0.10485414733206233
788,Madagascar,2021,0,0.13368011554426817
789,Madagascar,2022,0,0.13043643519404674
790,Madagascar,2023,0,0.2857511823124017
791,Comoros,2017,0,0.0172928161781489
792,Comoros,2018,0,0.014689880132029905
793,Comoros,2019,0,0.03617119628111651
794,Comoros,2020,0,0.04772246163698628
795,Comoros,2021,0,0.051500118884687134
796,Comoros,2022,0,0.05575506511195556
797,Comoros,2023,0,0.05992376708665971
798,Mauritius,2017,0,0.0021965339344853273
799,Mauritius,2018,0,0.004092892625873588
800,Mauritius,2019,0,0.003979035140846901
801,Mauritius,2020,0,0.006834569968530918
802,Mauritius,2021,0,0.005995540781299554
803,Mauritius,2022,0,0.012887683478794914
804,Mauritius,2023,0,0.019997077281707742
805,Morocco,2017,0,0.012247196385824048
806,Morocco,2018,0,0.011980758699025082
807,Morocco,2019,0,0.01851058451541352
808,Morocco,2020,0,0.02277479948700163
809,Morocco,2021,0,0.037002199796061314
810,Morocco,2022,0,0.0415097430852239
811,Morocco,2023,0,0.051652012033319296
812,Algeria,2017,0,0.13061129481243516
813,Algeria,2018,0,0.11458964344983526
814,Algeria,2019,0,0.16882480674822375
815,Algeria,2020,0,0.14712425088241418
816,Algeria,2021,0,0.16958249622054394
817,Algeria,2022,0,0.16068045608380802
818,Algeria,2023,0,0.1732195536309555
819,Tunisia,2017,0,0.06920719591752016
820,Tunisia,2018,0,0.04577521292221895
821,Tunisia,2019,0,0.04423589543748625
822,Tunisia,2020,0,0.07618624888144976
823,Tunisia,2021,0,0.06648050621906709
824,Tunisia,2022,0,0.06464392258047388
825,Tunisia,2023,0,0.069663914940321
826,Libya,2017,1,0.7662598972417375
827,Libya,2018,1,0.6047467930135629
828,Libya,2019,1,0.7206894409528285
829,Libya,2020,1,0.6935767060236717
830,Libya,2021,1,0.6240480809921665
831,Libya,2022,1,0.6917541464305241
832,Libya,2023,0,0.6756009689911977
833,Sudan,2017,1,0.8898367152665725
834,Sudan,2018,1,0.89174390914124
835,Sudan,2019,1,0.8949175727854634
836,Sudan,2020,1,0.8755956025230135
837,Sudan,2021,1,0.8671723899889885
838,Sudan,2022,1,0.861094245252461
839,Sudan,2023,1,0.879190223077359
840,South Sudan,2017,1,0.794885362297183
841,South Sudan,2018,1,0.748846250621309
842,South Sudan,2019,1,0.7536337421048853
843,South Sudan,2020,1,0.7402823386765791
844,South Sudan,2021,1,0.7425729790123943
845,South Sudan,2022,1,0.7054820632728833
846,South Sudan,2023,1,0.6901926995201955
847,Iran,2017,0,0.050771786159518516
848,Iran,2018,0,0.13591410286236644
849,Iran,2019,0,0.16942696750852704
850,Iran,2020,0,0.22316415351055097
851,Iran,2021,0,0.2328508210089018
852,Iran,2022,0,0.30448603141150143
853,Iran,2023,0,0.34287622708407783
854,Turkey,2017,0,0.18117817975024914
855,Turkey,2018,1,0.13824065505838443
856,Turkey,2019,1,0.20952755241712767
857,Turkey,2020,0,0.2126127796506848
858,Turkey,2021,1,0.1428584973889795
859,Turkey,2022,1,0.20188507974815578
860,Turkey,2023,0,0.25001465980523213
861,Iraq,2017,0,0.48558260776017237
862,Iraq,2018,0,0.4758992551997392
863,Iraq,2019,0,0.4815370675151112
864,Iraq,2020,0,0.47663983325217507
865,Iraq,2021,0,0.4593916692444029
866,Iraq,2022,0,0.447698428968053
867,Iraq,2023,0,0.4589400212905337
868,Egypt,2017,0,0.5715182595832615
869,Egypt,2018,0,0.46155610181110635
870,Egypt,2019,0,0.42778174013369014
871,Egypt,2020,0,0.4229085512169765
872,Egypt,2021,0,0.3625603963218138
873,Egypt,2022,0,0.3773617300199551
874,Egypt,2023,0,0.38384605595741284
875,Syria,2017,1,0.7229617325312321
876,Syria,2018,1,0.6997153450848237
877,Syria,2019,1,0.5452122272297538
878,Syria,2020,1,0.6446621641509248
879,Syria,2021,1,0.6306103763109874
880,Syria,2022,1,0.625795954558354
881,Syria,2023,1,0.63954910156582
882,Lebanon,2017,1,0.8072836386930077
883,Lebanon,2018,0,0.7356870750803449
884,Lebanon,2019,0,0.5599460014577775
885,Lebanon,2020,0,0.5805803924731177
886,Lebanon,2021,0,0.535653652482651
887,Lebanon,2022,0,0.562181486768915
888,Lebanon,2023,0,0.5949626017461238
889,Jordan,2017,0,0.354595323896257
890,Jordan,2018,0,0.16887874121532917
891,Jordan,2019,0,0.12732862626262947
892,Jordan,2020,0,0.1396117043833643
893,Jordan,2021,0,0.1528825993152686
894,Jordan,2022,0,0.1569392253607762
895,Jordan,2023,0,0.1288100130625792
896,Israel,2017,0,0.11149312403554108
897,Israel,2018,0,0.10501021074734397
898,Israel,2019,0,0.1111460292453782
899,Israel,2020,0,0.1034589201965106
900,Israel,2021,0,0.13178264516053728
901,Israel,2022,0,0.15924621245873483
902,Israel,2023,0,0.16905129913974426
903,Saudi Arabia,2017,0,0.10081548097095337
904,Saudi Arabia,2018,0,0.10069691530234326
905,Saudi Arabia,2019,0,0.09486035836089637
906,Saudi Arabia,2020,0,0.09999231731042278
907,Saudi Arabia,2021,0,0.0978924423246567
908,Saudi Arabia,2022,0,0.05916704071282461
909,Saudi Arabia,2023,0,0.10659257659510737
910,Yemen (North Yemen),2017,1,0.7495613614698877
911,Yemen (North Yemen),2018,1,0.7331521052607235
912,Yemen (North Yemen),2019,1,0.7084383218086776
913,Yemen (North Yemen),2020,1,0.7129182179550988
914,Yemen (North Yemen),2021,1,0.6677136776917632
915,Yemen (North Yemen),2022,1,0.6744217453827235
916,Yemen (North Yemen),2023,1,0.6973013479627325
917,Kuwait,2017,0,0.02044893719332004
918,Kuwait,2018,0,0.018187338283897413
919,Kuwait,2019,0,0.021338468420653484
920,Kuwait,2020,0,0.019398077864383148
921,Kuwait,2021,0,0.019415512868852364
922,Kuwait,2022,0,0.017990720422588362
923,Kuwait,2023,0,0.02138501078579734
924,Bahrain,2017,0,0.028319001869070024
925,Bahrain,2018,0,0.02833081231573457
926,Bahrain,2019,0,0.023346619994108753
927,Bahrain,2020,0,0.02029045249456599
928,Bahrain,2021,0,0.019068811927513613
929,Bahrain,2022,0,0.011126912442769496
930,Bahrain,2023,0,0.01798175653047769
931,Qatar,2017,0,0.00016433482565609043
932,Qatar,2018,0,0.0023786145644908853
933,Qatar,2019,0,0.00016583013453320695
934,Qatar,2020,0,0.0007291148943078763
935,Qatar,2021,0,0.002728169111517095
936,Qatar,2022,0,0.0052916329326376495
937,Qatar,2023,0,0.007017004495953345
938,United Arab Emirates,2017,0,0.0010221124582122669
939,United Arab Emirates,2018,0,0.0010236077670893833
940,United Arab Emirates,2019,0,0.0010236077670893833
941,United Arab Emirates,2020,0,0.0010236077670893833
942,United Arab Emirates,2021,0,0.0020413764355773118
943,United Arab Emirates,2022,0,0.0020413764355773118
944,United Arab Emirates,2023,0,0.009005018997472969
945,Oman,2017,0,0.04000216990054417
946,Oman,2018,0,0.06325558564247376
947,Oman,2019,0,0.06454228250390245
948,Oman,2020,0,0.04059112422630108
949,Oman,2021,0,0.06407147734166015
950,Oman,2022,0,0.06452989573732694
951,Oman,2023,0,0.0664334802293994
952,Afghanistan,2017,1,0.8938935557804562
953,Afghanistan,2018,1,0.7969243236605961
954,Afghanistan,2019,1,0.7936386843505439
955,Afghanistan,2020,0,0.7926715481543134
956,Afghanistan,2021,1,0.6690400618795511
957,Afghanistan,2022,0,0.786796361112402
958,Afghanistan,2023,0,0.6544063957251762
959,Turkmenistan,2017,0,0.026731097299227742
960,Turkmenistan,2018,0,0.03174757269834
961,Turkmenistan,2019,0,0.07531622252948483
962,Turkmenistan,2020,0,0.07699483804016627
963,Turkmenistan,2021,0,0.0929513542824956
964,Turkmenistan,2022,0,0.08786016134166695
965,Turkmenistan,2023,0,0.07557159481032534
966,Tajikistan,2017,0,0.03429258495918662
967,Tajikistan,2018,0,0.04148136152654887
968,Tajikistan,2019,0,0.06665521227537861
969,Tajikistan,2020,0,0.10206688035068012
970,Tajikistan,2021,0,0.08777830328779318
971,Tajikistan,2022,0,0.10032062642162987
972,Tajikistan,2023,0,0.11916795709939235
973,Kyrgyzstan,2017,0,0.025611908550793115
974,Kyrgyzstan,2018,0,0.03678602040159
975,Kyrgyzstan,2019,0,0.038074692189603146
976,Kyrgyzstan,2020,0,0.041047183129092876
977,Kyrgyzstan,2021,0,0.08877266788330913
978,Kyrgyzstan,2022,0,0.051218283526048916
979,Kyrgyzstan,2023,0,0.07701931379688787
980,Uzbekistan,2017,0,0.04098223452610561
981,Uzbekistan,2018,0,0.0419506444332198
982,Uzbekistan,2019,0,0.04708576315754786
983,Uzbekistan,2020,0,0.0578003094901956
984,Uzbekistan,2021,0,0.056132497442529225
985,Uzbekistan,2022,0,0.043805512696568676
986,Uzbekistan,2023,0,0.05390220126254877
987,Kazakhstan,2017,0,0.014151337766518108
988,Kazakhstan,2018,0,0.022385329048008763
989,Kazakhstan,2019,0,0.026405220289022764
990,Kazakhstan,2020,0,0.040700894328939474
991,Kazakhstan,2021,0,0.04137733340867744
992,Kazakhstan,2022,0,0.07571693661031723
993,Kazakhstan,2023,0,0.22535004861719113
994,China,2017,0,0.03882046125656641
995,China,2018,0,0.04614106072068608
996,China,2019,0,0.05007348967202611
997,China,2020,0,0.08176847374775967
998,China,2021,0,0.09228490438742215
999,China,2022,0,0.0860582167878605
1000,China,2023,0,0.1553456745643701
1001,Mongolia,2017,0,0.024429439783438766
1002,Mongolia,2018,0,0.027796917095861785
1003,Mongolia,2019,0,0.032558825891900366
1004,Mongolia,2020,0,0.03623380198674558
1005,Mongolia,2021,0,0.03473304053691522
1006,Mongolia,2022,0,0.05942061088411095
1007,Mongolia,2023,0,0.2070288622651781
1008,South Korea,2017,0,0.0006135873834456838
1009,South Korea,2018,0,0.0014021860471302209
1010,South Korea,2019,0,0.002115680076178136
1011,South Korea,2020,0,0.002705787919751599
1012,South Korea,2021,0,0.002931101823661466
1013,South Korea,2022,0,0.0017106515108163494
1014,South Korea,2023,0,0.007681469964427845
1015,Japan,2017,0,0.00302330683467139
1016,Japan,2018,0,0.0043472910167801256
1017,Japan,2019,0,0.005884835093955323
1018,Japan,2020,0,0.007855332382033483
1019,Japan,2021,0,0.008807124628069716
1020,Japan,2022,0,0.008989179814844756
1021,Japan,2023,0,0.015560835345549234
1022,India,2017,1,0.2706737364103149
1023,India,2018,1,0.47024809989682964
1024,India,2019,0,0.4528793669205905
1025,India,2020,1,0.3349274281534399
1026,India,2021,0,0.45729672983294795
1027,India,2022,1,0.31942912831778547
1028,India,2023,1,0.47205217548175993
1029,Bhutan,2017,0,0.009913609529703235
1030,Bhutan,2018,0,0.035249827509176344
1031,Bhutan,2019,0,0.03561191016766777
1032,Bhutan,2020,0,0.009252775108829605
1033,Bhutan,2021,0,0.03531329738515978
1034,Bhutan,2022,0,0.01099292267027635
1035,Bhutan,2023,0,0.045651484399214355
1036,Pakistan,2017,1,0.4467990590947283
1037,Pakistan,2018,0,0.5999577576508452
1038,Pakistan,2019,0,0.5566159490088097
1039,Pakistan,2020,0,0.4646929096545038
1040,Pakistan,2021,1,0.43278171239314595
1041,Pakistan,2022,0,0.566313434761868
1042,Pakistan,2023,1,0.414713375946006
1043,Bangladesh,2017,0,0.42100485424098133
1044,Bangladesh,2018,1,0.4118321181178066
1045,Bangladesh,2019,0,0.5425763730620848
1046,Bangladesh,2020,0,0.39403794098205625
1047,Bangladesh,2021,1,0.42743925654313514
1048,Bangladesh,2022,0,0.5465472456352826
1049,Bangladesh,2023,1,0.4680437522356822
1050,Myanmar (Burma),2017,0,0.21739591438733258
1051,Myanmar (Burma),2018,0,0.23334003413746784
1052,Myanmar (Burma),2019,0,0.15738612387055884
1053,Myanmar (Burma),2020,0,0.16914239390551916
1054,Myanmar (Burma),2021,0,0.3777924922300082
1055,Myanmar (Burma),2022,1,0.4164467414894272
1056,Myanmar (Burma),2023,0,0.535015356994107
1057,Sri Lanka,2017,0,0.0580081539746063
1058,Sri Lanka,2018,0,0.05644932655709019
1059,Sri Lanka,2019,0,0.06956980523825049
1060,Sri Lanka,2020,0,0.06346482901974684
1061,Sri Lanka,2021,0,0.08525022400442045
1062,Sri Lanka,2022,0,0.09287286755905286
1063,Sri Lanka,2023,0,0.09691921467914502
1064,Maldives,2017,0,0.0012268037102293983
1065,Maldives,2018,0,0.0023780760389385514
1066,Maldives,2019,0,0.003070833589769265
1067,Maldives,2020,0,0.0007892763968118668
1068,Maldives,2021,0,0.0026798765758058833
1069,Maldives,2022,0,0.004575350067616677
1070,Maldives,2023,0,0.013227614522362248
1071,Nepal,2017,0,0.04913707525698862
1072,Nepal,2018,0,0.06111067854174618
1073,Nepal,2019,0,0.04961271631120111
1074,Nepal,2020,0,0.028345955240007905
1075,Nepal,2021,0,0.07655228933439703
1076,Nepal,2022,0,0.07649062654905385
1077,Nepal,2023,0,0.10290717491119569
1078,Thailand,2017,0,0.03818832909487789
1079,Thailand,2018,0,0.03820342354915749
1080,Thailand,2019,0,0.04978889151044738
1081,Thailand,2020,0,0.04917040577773983
1082,Thailand,2021,0,0.06305588767695272
1083,Thailand,2022,0,0.05368524475993795
1084,Thailand,2023,0,0.093165692563558
1085,Cambodia (Kampuchea),2017,0,0.033594990726692864
1086,Cambodia (Kampuchea),2018,0,0.052312486157416516
1087,Cambodia (Kampuchea),2019,0,0.05177510804078886
1088,Cambodia (Kampuchea),2020,0,0.05607588868398048
1089,Cambodia (Kampuchea),2021,0,0.0587584097602086
1090,Cambodia (Kampuchea),2022,0,0.06313351267148114
1091,Cambodia (Kampuchea),2023,0,0.07561607172824275
1092,Laos,2017,0,0.017645916171169597
1093,Laos,2018,0,0.017455081150714667
1094,Laos,2019,0,0.02619647017962775
1095,Laos,2020,0,0.019557741769282853
1096,Laos,2021,0,0.016215502621497797
1097,Laos,2022,0,0.017201583424263044
1098,Laos,2023,0,0.06022068737221667
1099,Vietnam,2017,0,0.013736565513501976
1100,Vietnam,2018,0,0.019089774826528863
1101,Vietnam,2019,0,0.03417998138500286
1102,Vietnam,2020,0,0.029641867579668975
1103,Vietnam,2021,0,0.023584923181257704
1104,Vietnam,2022,0,0.023695750586804686
1105,Vietnam,2023,0,0.042260704017405344
1106,Malaysia,2017,0,0.015942375133910665
1107,Malaysia,2018,0,0.017148233335909476
1108,Malaysia,2019,0,0.01835943998366941
1109,Malaysia,2020,0,0.020169129715380176
1110,Malaysia,2021,0,0.025658017527475145
1111,Malaysia,2022,0,0.03865861712558232
1112,Malaysia,2023,0,0.0405198234164971
1113,Singapore,2017,0,5.4717124973480625e-05
1114,Singapore,2018,0,0.0006248992083119743
1115,Singapore,2019,0,0.001211403273816467
1116,Singapore,2020,0,0.001493359637505937
1117,Singapore,2021,0,0.0005545517045481549
1118,Singapore,2022,0,0.0009873126716827974
1119,Singapore,2023,0,0.004891404597493822
1120,Philippines,2017,0,0.3044350847788446
1121,Philippines,2018,0,0.3011941342078093
1122,Philippines,2019,0,0.3128787489886098
1123,Philippines,2020,0,0.30248948492611716
1124,Philippines,2021,0,0.333420274297245
1125,Philippines,2022,0,0.315404620954039
1126,Philippines,2023,0,0.32146316166500644
1127,Indonesia,2017,0,0.10573177191680858
1128,Indonesia,2018,0,0.1614023727371145
1129,Indonesia,2019,0,0.12634054180710205
1130,Indonesia,2020,0,0.19366984067223642
1131,Indonesia,2021,0,0.1795828856838091
1132,Indonesia,2022,0,0.2297443917484312
1133,Indonesia,2023,0,0.23048156895803557
1134,East Timor,2017,0,0.07671536370601659
1135,East Timor,2018,0,0.06726171080857511
1136,East Timor,2019,0,0.07419995362945717
1137,East Timor,2020,0,0.07202670032951618
1138,East Timor,2021,0,0.06751987341650469
1139,East Timor,2022,0,0.068063233964736
1140,East Timor,2023,0,0.05049416810710916
1141,Australia,2017,0,0.003097925134167477
1142,Australia,2018,0,0.006945038917028018
1143,Australia,2019,0,0.05249725600185465
1144,Australia,2020,0,0.019120527940619608
1145,Australia,2021,0,0.020596315664204265
1146,Australia,2022,0,0.042483072332089346
1147,Australia,2023,0,0.19139865883880086
1148,Papua New Guinea,2017,0,0.11919392116513426
1149,Papua New Guinea,2018,0,0.11825411519963151
1150,Papua New Guinea,2019,1,0.14189956701536235
1151,Papua New Guinea,2020,0,0.23890983445495678
1152,Papua New Guinea,2021,1,0.14369806812923483
1153,Papua New Guinea,2022,1,0.20398319864068365
1154,Papua New Guinea,2023,0,0.2517455230931959
1155,New Zealand,2017,0,0.006994860733765497
1156,New Zealand,2018,0,0.007212581992487033
1157,New Zealand,2019,0,0.005642584644268639
1158,New Zealand,2020,0,0.007825509346814823
1159,New Zealand,2021,0,0.006698939827265485
1160,New Zealand,2022,0,0.007262224587040155
1161,New Zealand,2023,0,0.010641933145688167
1162,Solomon Islands,2017,0,0.014146289553533224
1163,Solomon Islands,2018,0,0.012101553157226871
1164,Solomon Islands,2019,0,0.015482509549559056
1165,Solomon Islands,2020,0,0.014831364133868872
1166,Solomon Islands,2021,0,0.013671975389612023
1167,Solomon Islands,2022,0,0.012293194056118319
1168,Solomon Islands,2023,0,0.03087988554921224
1169,Fiji,2017,0,0.0015450684255020274
1170,Fiji,2018,0,0.006904797706675566
1171,Fiji,2019,0,0.0037496014493975105
1172,Fiji,2020,0,0.00332514235657997
1173,Fiji,2021,0,0.0029236505572399537
1174,Fiji,2022,0,0.002245673812183725
1175,Fiji,2023,0,0.004973515576749336
