,country,year,d_protest,preds_proba
0,Afghanistan,2017,1,0.5111896608475733
1,Afghanistan,2018,1,0.5403046870136067
2,Afghanistan,2019,1,0.566759042429679
3,Afghanistan,2020,1,0.554207159235333
4,Afghanistan,2021,1,0.599768446754732
5,Afghanistan,2022,1,0.6514634150772091
6,Afghanistan,2023,1,0.6491230654974004
7,Albania,2018,1,0.6407499733125621
8,Albania,2019,1,0.6494072453039257
9,Albania,2020,1,0.6442956846343604
10,Albania,2021,1,0.6476085475543398
11,Albania,2022,1,0.6474940260801972
12,Albania,2023,1,0.6309557715348169
13,Algeria,2017,1,0.8927909939317801
14,Algeria,2018,1,0.8435255687760296
15,Algeria,2019,1,0.8185554760161351
16,Algeria,2020,1,0.8142174592018623
17,Algeria,2021,1,0.791810455322372
18,Algeria,2022,1,0.7781121641851356
19,Algeria,2023,1,0.7192195821962323
20,Angola,2017,1,0.14740534330261834
21,Angola,2018,1,0.15329337078252725
22,Angola,2019,1,0.18373666986481707
23,Angola,2020,1,0.21069388948597306
24,Angola,2021,1,0.22988591708246775
25,Angola,2022,1,0.24459747912202237
26,Angola,2023,1,0.23929110335983178
27,Argentina,2018,1,0.6888445809471732
28,Argentina,2019,1,0.7024308567428007
29,Argentina,2020,1,0.6971536728859113
30,Argentina,2021,1,0.7013479334722358
31,Argentina,2022,1,0.6944007117800964
32,Argentina,2023,1,0.6744387586761439
33,Armenia,2018,1,0.7316038872419803
34,Armenia,2019,1,0.7422046008277333
35,Armenia,2020,1,0.7779009672543569
36,Armenia,2021,1,0.7627253009445549
37,Armenia,2022,1,0.7403161827457765
38,Armenia,2023,1,0.7354629921667248
39,Australia,2021,1,0.6460135553092924
40,Australia,2022,1,0.634811019501702
41,Australia,2023,1,0.6151454092457916
42,Austria,2020,1,0.6403155811865143
43,Austria,2021,1,0.6457133906206607
44,Austria,2022,1,0.6421312643585793
45,Austria,2023,1,0.6162610118359394
46,Azerbaijan,2018,1,0.7371780153796259
47,Azerbaijan,2019,1,0.7419702427433978
48,Azerbaijan,2020,1,0.7669979657676467
49,Azerbaijan,2021,1,0.7491831498778805
50,Azerbaijan,2022,1,0.7505694446586707
51,Azerbaijan,2023,1,0.7217292759945282
52,Bahrain,2017,1,0.7115610577198108
53,Bahrain,2018,1,0.69173231446482
54,Bahrain,2019,1,0.6684217121059952
55,Bahrain,2020,1,0.6479654283450194
56,Bahrain,2021,1,0.5723856390257571
57,Bahrain,2022,1,0.5878672646652819
58,Bahrain,2023,1,0.5741303313952463
59,Bangladesh,2017,1,0.9330309877454769
60,Bangladesh,2018,1,0.9042197932641496
61,Bangladesh,2019,1,0.8919139657631464
62,Bangladesh,2020,1,0.8877594211520978
63,Bangladesh,2021,1,0.8876252208962064
64,Bangladesh,2022,1,0.8591697068757737
65,Bangladesh,2023,1,0.8193266373628731
66,Barbados,2018,0,0.6498529472280204
67,Barbados,2019,0,0.647288778349344
68,Barbados,2020,0,0.6546721485265682
69,Barbados,2021,0,0.6531182448074961
70,Barbados,2022,0,0.6476504151040775
71,Barbados,2023,0,0.6333106327570149
72,Belarus,2018,1,0.648043946992412
73,Belarus,2019,1,0.6384459317937713
74,Belarus,2020,1,0.6657232005856621
75,Belarus,2021,1,0.647178188667415
76,Belarus,2022,1,0.6543040880629143
77,Belarus,2023,0,0.6324261361525325
78,Belgium,2020,1,0.6757211636921081
79,Belgium,2021,1,0.669652935158721
80,Belgium,2022,1,0.6689078445638282
81,Belgium,2023,1,0.6434096981512676
82,Benin,2017,1,0.1007572944960109
83,Benin,2018,0,0.13210430840824672
84,Benin,2019,0,0.15758780536893174
85,Benin,2020,0,0.21959980490504472
86,Benin,2021,0,0.19005079287679166
87,Benin,2022,0,0.21325465066670263
88,Benin,2023,0,0.21158135250319426
89,Bhutan,2020,0,0.5119757267043306
90,Bhutan,2021,0,0.5181476706811547
91,Bhutan,2022,0,0.48325227280360444
92,Bhutan,2023,0,0.4945009611380317
93,Bolivia,2018,1,0.5003577185547291
94,Bolivia,2019,1,0.5879050291612022
95,Bolivia,2020,1,0.5846276658938901
96,Bolivia,2021,1,0.5795971858892686
97,Bolivia,2022,1,0.5760679152669961
98,Bolivia,2023,1,0.581170749308937
99,Bosnia-Herzegovina,2018,1,0.6183263228931458
100,Bosnia-Herzegovina,2019,1,0.6266089114274411
101,Bosnia-Herzegovina,2020,1,0.61641076386874
102,Bosnia-Herzegovina,2021,1,0.6126389674027205
103,Bosnia-Herzegovina,2022,1,0.6139490933693611
104,Bosnia-Herzegovina,2023,1,0.5956463542715787
105,Botswana,2017,0,0.12731525726477963
106,Botswana,2018,0,0.16368147845067224
107,Botswana,2019,0,0.22519710317178532
108,Botswana,2020,0,0.23392371644263887
109,Botswana,2021,0,0.22288444280753988
110,Botswana,2022,0,0.24793713531414993
111,Botswana,2023,0,0.284364914384564
112,Brazil,2018,1,0.7606610820043269
113,Brazil,2019,1,0.7899067302090984
114,Brazil,2020,1,0.7580348521994855
115,Brazil,2021,1,0.7608243309456275
116,Brazil,2022,1,0.753384327800342
117,Brazil,2023,1,0.7128314634172397
118,Bulgaria,2018,1,0.682348547811696
119,Bulgaria,2019,1,0.6798214276682705
120,Bulgaria,2020,1,0.6811443113279665
121,Bulgaria,2021,1,0.6769363844133783
122,Bulgaria,2022,1,0.6866311533272229
123,Bulgaria,2023,1,0.6433430755328302
124,Burkina Faso,2017,1,0.7300502662106702
125,Burkina Faso,2018,1,0.6662080310487704
126,Burkina Faso,2019,1,0.6263947524089877
127,Burkina Faso,2020,1,0.5923378039888931
128,Burkina Faso,2021,1,0.5841681813211452
129,Burkina Faso,2022,1,0.5553579076198091
130,Burkina Faso,2023,1,0.5216073850681334
131,Burundi,2017,1,0.6858741848433939
132,Burundi,2018,1,0.5783832354792559
133,Burundi,2019,1,0.5401031879042847
134,Burundi,2020,0,0.5433631102765469
135,Burundi,2021,0,0.5358910403369512
136,Burundi,2022,1,0.46963413068424975
137,Burundi,2023,0,0.45308206074549895
138,Cambodia (Kampuchea),2017,1,0.8169141596360322
139,Cambodia (Kampuchea),2018,1,0.79341100326463
140,Cambodia (Kampuchea),2019,1,0.7826963395359507
141,Cambodia (Kampuchea),2020,1,0.7366796704039036
142,Cambodia (Kampuchea),2021,1,0.7321675606491427
143,Cambodia (Kampuchea),2022,1,0.7145317523952802
144,Cambodia (Kampuchea),2023,1,0.7012893671731687
145,Cameroon,2017,1,0.15124343641351182
146,Cameroon,2018,1,0.23945500135858408
147,Cameroon,2019,1,0.2716416116378596
148,Cameroon,2020,1,0.3050714512630073
149,Cameroon,2021,1,0.28443199181375395
150,Cameroon,2022,1,0.2861370752677917
151,Cameroon,2023,1,0.30270586588895115
152,Canada,2021,1,0.6298306164470286
153,Canada,2022,1,0.641567154614501
154,Canada,2023,1,0.6193346352488311
155,Cabo Verde,2020,1,0.5451262362927528
156,Cabo Verde,2021,1,0.536198560031754
157,Cabo Verde,2022,1,0.507549921130297
158,Cabo Verde,2023,1,0.48680482472953035
159,Central African Republic,2017,1,0.6458827204029213
160,Central African Republic,2018,0,0.5455286379877266
161,Central African Republic,2019,1,0.5508019942765702
162,Central African Republic,2020,1,0.5210118186014356
163,Central African Republic,2021,1,0.5094298263736883
164,Central African Republic,2022,1,0.5294280818804991
165,Central African Republic,2023,0,0.47547689176024277
166,Chad,2017,0,0.04779965126549761
167,Chad,2018,0,0.08816703196196643
168,Chad,2019,1,0.11366645778559215
169,Chad,2020,0,0.10491912058069146
170,Chad,2021,1,0.14488973014284895
171,Chad,2022,1,0.18163352006463407
172,Chad,2023,1,0.18671737496234178
173,Chile,2018,1,0.6539032400256171
174,Chile,2019,1,0.6876234844439932
175,Chile,2020,1,0.6737205148164145
176,Chile,2021,1,0.6632657389365569
177,Chile,2022,1,0.6434251323099813
178,Chile,2023,1,0.6378093846528826
179,China,2018,1,0.766488807844521
180,China,2019,1,0.7566069810297849
181,China,2020,1,0.7518277868039702
182,China,2021,1,0.7448939695333213
183,China,2022,1,0.7228580623423468
184,China,2023,1,0.7118633625991134
185,Colombia,2018,1,0.7341787160449966
186,Colombia,2019,1,0.7712650794279938
187,Colombia,2020,1,0.7744194943571117
188,Colombia,2021,1,0.7670796649569371
189,Colombia,2022,1,0.7522891920029493
190,Colombia,2023,1,0.7412773671270663
191,Comoros,2020,0,0.33907365957918284
192,Comoros,2021,0,0.34115558491815307
193,Comoros,2022,0,0.3275107815855601
194,Comoros,2023,0,0.3196251743201518
195,Costa Rica,2018,1,0.6678152064014251
196,Costa Rica,2019,1,0.648290312822662
197,Costa Rica,2020,1,0.6416545935961158
198,Costa Rica,2021,1,0.6510145615887822
199,Costa Rica,2022,1,0.6422441962369775
200,Costa Rica,2023,1,0.6201124054261968
201,Croatia,2018,1,0.6461109331287956
202,Croatia,2019,1,0.6579592575273217
203,Croatia,2020,1,0.6868706107443647
204,Croatia,2021,1,0.654926004968057
205,Croatia,2022,1,0.6396003984090486
206,Croatia,2023,1,0.618640135347603
207,Cuba,2018,0,0.6466779126147463
208,Cuba,2019,0,0.6476755093505056
209,Cuba,2020,1,0.6358024834573014
210,Cuba,2021,1,0.6112145674533088
211,Cuba,2022,1,0.613042530349623
212,Cuba,2023,1,0.6066649242692382
213,Cyprus,2018,1,0.6733627141783408
214,Cyprus,2019,1,0.672639399828596
215,Cyprus,2020,1,0.6832472851196572
216,Cyprus,2021,1,0.6802976893650299
217,Cyprus,2022,1,0.6678704694264359
218,Cyprus,2023,1,0.6559607686452775
219,Czechia,2020,1,0.6770953505109211
220,Czechia,2021,1,0.6710313342971815
221,Czechia,2022,1,0.6669025540431026
222,Czechia,2023,1,0.6591139568601894
223,DR Congo (Zaire),2017,1,0.6855788069327471
224,DR Congo (Zaire),2018,1,0.6709244921904797
225,DR Congo (Zaire),2019,1,0.6621578462978727
226,DR Congo (Zaire),2020,1,0.6655936403447705
227,DR Congo (Zaire),2021,1,0.6592207299621503
228,DR Congo (Zaire),2022,1,0.639677096368414
229,DR Congo (Zaire),2023,1,0.6082889163259524
230,Denmark,2020,1,0.6641259640057813
231,Denmark,2021,1,0.6647528916286534
232,Denmark,2022,1,0.6573988179731595
233,Denmark,2023,1,0.6350984395759967
234,Djibouti,2017,0,0.08606078063300901
235,Djibouti,2018,0,0.08866044716043515
236,Djibouti,2019,0,0.09908735170509442
237,Djibouti,2020,1,0.09667802650072238
238,Djibouti,2021,0,0.12667847929220633
239,Djibouti,2022,0,0.1584243526813642
240,Djibouti,2023,0,0.17048940280765712
241,Dominican Republic,2018,1,0.7097001842753922
242,Dominican Republic,2019,0,0.7399559578542931
243,Dominican Republic,2020,1,0.7369247125380242
244,Dominican Republic,2021,1,0.7441021740492675
245,Dominican Republic,2022,1,0.7405185954053712
246,Dominican Republic,2023,1,0.7184194432980231
247,East Timor,2020,0,0.40675506962580776
248,East Timor,2021,0,0.40353091419377046
249,East Timor,2022,0,0.39732018920268075
250,East Timor,2023,0,0.4051167829415841
251,Ecuador,2018,1,0.6928540475380564
252,Ecuador,2019,1,0.7071587201867838
253,Ecuador,2020,1,0.7389624287283209
254,Ecuador,2021,1,0.7320717758768351
255,Ecuador,2022,1,0.7276280686020222
256,Ecuador,2023,1,0.7272953459272693
257,Egypt,2017,1,0.8833267407800061
258,Egypt,2018,1,0.877674642274649
259,Egypt,2019,1,0.8241159044320108
260,Egypt,2020,1,0.807901795027584
261,Egypt,2021,1,0.8202983089102923
262,Egypt,2022,1,0.7673718542047607
263,Egypt,2023,1,0.7283771283987451
264,El Salvador,2018,1,0.5884697072581317
265,El Salvador,2019,1,0.6057234795889697
266,El Salvador,2020,1,0.5912169597512735
267,El Salvador,2021,1,0.5850501092822877
268,El Salvador,2022,1,0.5951821405376366
269,El Salvador,2023,1,0.5951130156676349
270,Equatorial Guinea,2017,0,0.06752265173519119
271,Equatorial Guinea,2018,0,0.06979174263667302
272,Equatorial Guinea,2019,0,0.10561813421402515
273,Equatorial Guinea,2020,0,0.13217253754049338
274,Equatorial Guinea,2021,0,0.15373329137681271
275,Equatorial Guinea,2022,0,0.16344983958563306
276,Equatorial Guinea,2023,0,0.1851292137193644
277,Eritrea,2017,0,0.06932439056569054
278,Eritrea,2018,0,0.09316873447062778
279,Eritrea,2019,0,0.12414364728365401
280,Eritrea,2020,0,0.1498956296150751
281,Eritrea,2021,0,0.1394823215625448
282,Eritrea,2022,0,0.15665495671576504
283,Eritrea,2023,0,0.16881055240143394
284,Estonia,2020,1,0.6276503116626317
285,Estonia,2021,1,0.6329693410015118
286,Estonia,2022,1,0.6234526663665304
287,Estonia,2023,1,0.5986733306858721
288,Ethiopia,2017,1,0.6795189561756356
289,Ethiopia,2018,1,0.6282516420783268
290,Ethiopia,2019,1,0.6277946461312001
291,Ethiopia,2020,1,0.5816230435800529
292,Ethiopia,2021,1,0.6485937574656389
293,Ethiopia,2022,1,0.6560530509574678
294,Ethiopia,2023,1,0.5974770763501758
295,Fiji,2021,0,0.5733730766488805
296,Fiji,2022,0,0.5444693589404548
297,Fiji,2023,0,0.5325102127269603
298,Finland,2020,1,0.5485863420577677
299,Finland,2021,1,0.5461409690770278
300,Finland,2022,1,0.5451155841375548
301,Finland,2023,1,0.5280176798249451
302,France,2020,1,0.7118578777954119
303,France,2021,1,0.7069416039805778
304,France,2022,1,0.7009160754356765
305,France,2023,1,0.6827388762848927
306,Gabon,2017,0,0.08399005936662055
307,Gabon,2018,0,0.13218308669623133
308,Gabon,2019,1,0.19995453466455737
309,Gabon,2020,0,0.21651951141466624
310,Gabon,2021,1,0.2262195117561655
311,Gabon,2022,1,0.2311607098934026
312,Gabon,2023,1,0.24741373542427392
313,Gambia,2017,0,0.12106633992997912
314,Gambia,2018,0,0.13410692574872476
315,Gambia,2019,0,0.1564273996152587
316,Gambia,2020,0,0.15961284902860376
317,Gambia,2021,0,0.19307227991637335
318,Gambia,2022,0,0.20257551343942332
319,Gambia,2023,0,0.20376382625003917
320,Georgia,2018,1,0.6752268624649145
321,Georgia,2019,1,0.6735453795487409
322,Georgia,2020,1,0.6882140469193971
323,Georgia,2021,1,0.6695383968862618
324,Georgia,2022,1,0.6616087996005531
325,Georgia,2023,1,0.6462906453150631
326,Germany,2020,1,0.7122263081039991
327,Germany,2021,1,0.7069969143960518
328,Germany,2022,1,0.7035892510017799
329,Germany,2023,1,0.6837643161840511
330,Ghana,2017,1,0.6039867195847164
331,Ghana,2018,1,0.5827997485802282
332,Ghana,2019,1,0.5852419446021575
333,Ghana,2020,1,0.6088674840824706
334,Ghana,2021,1,0.5611962409136383
335,Ghana,2022,1,0.5187446679278848
336,Ghana,2023,1,0.4926067819830602
337,Greece,2018,1,0.7260594990023796
338,Greece,2019,1,0.7253437382622256
339,Greece,2020,1,0.699346946000908
340,Greece,2021,1,0.7067207263162657
341,Greece,2022,1,0.7063471039175426
342,Greece,2023,1,0.6764709198791093
343,Guatemala,2018,1,0.6056041743937336
344,Guatemala,2019,1,0.6206218081815894
345,Guatemala,2020,1,0.6440616864885556
346,Guatemala,2021,1,0.64890855947086
347,Guatemala,2022,1,0.648334655229038
348,Guatemala,2023,1,0.6292563989307871
349,Guinea,2017,0,0.1506496086776884
350,Guinea,2018,1,0.1769306387745186
351,Guinea,2019,1,0.2050612303854834
352,Guinea,2020,1,0.22208190318110688
353,Guinea,2021,1,0.23522684772151586
354,Guinea,2022,1,0.24859592356479127
355,Guinea,2023,1,0.23234428423645798
356,Guinea-Bissau,2017,0,0.08547341863989663
357,Guinea-Bissau,2018,0,0.11420530411071465
358,Guinea-Bissau,2019,0,0.11604812152032337
359,Guinea-Bissau,2020,0,0.165156701775612
360,Guinea-Bissau,2021,0,0.14074547534216922
361,Guinea-Bissau,2022,0,0.19062724230736994
362,Guinea-Bissau,2023,0,0.19832551910232296
363,Guyana,2018,1,0.43682395533399365
364,Guyana,2019,1,0.47641834903098434
365,Guyana,2020,1,0.4781329694215092
366,Guyana,2021,1,0.4751655560749391
367,Guyana,2022,1,0.4706594156607684
368,Guyana,2023,1,0.4694570795340235
369,Haiti,2018,1,0.4327973612832521
370,Haiti,2019,1,0.42610513850618625
371,Haiti,2020,1,0.4367019158445618
372,Haiti,2021,1,0.44059463112706576
373,Haiti,2022,1,0.4534961218576734
374,Haiti,2023,1,0.45283318961387636
375,Honduras,2018,1,0.5437120947743536
376,Honduras,2019,1,0.580558753070358
377,Honduras,2020,1,0.5547559255205204
378,Honduras,2021,1,0.5891105967747139
379,Honduras,2022,1,0.5569043491160812
380,Honduras,2023,1,0.5274062392384553
381,Hungary,2020,1,0.6700336544071399
382,Hungary,2021,1,0.6742793054900336
383,Hungary,2022,1,0.6604206171809506
384,Hungary,2023,1,0.6489735561517207
385,Iceland,2020,1,0.5395938571853469
386,Iceland,2021,1,0.5402826645658508
387,Iceland,2022,1,0.5371710114830442
388,Iceland,2023,1,0.5198524858768707
389,India,2017,1,0.9198122220823721
390,India,2018,1,0.90673514686279
391,India,2019,1,0.8825115570749441
392,India,2020,1,0.875685456339787
393,India,2021,1,0.863250986338233
394,India,2022,1,0.8540187427035921
395,India,2023,1,0.8104192401833431
396,Indonesia,2017,1,0.9427859513849797
397,Indonesia,2018,1,0.9329617899609958
398,Indonesia,2019,1,0.9314570452461375
399,Indonesia,2020,1,0.9182004340286678
400,Indonesia,2021,1,0.8973705741180511
401,Indonesia,2022,1,0.8896755707880089
402,Indonesia,2023,1,0.8507183581175333
403,Iran,2017,1,0.8797725354348118
404,Iran,2018,1,0.8538293417853877
405,Iran,2019,1,0.836954756242194
406,Iran,2020,1,0.8163715643547744
407,Iran,2021,1,0.8088696814518571
408,Iran,2022,1,0.7899382078807982
409,Iran,2023,1,0.7766251967440362
410,Iraq,2017,1,0.7806631109371254
411,Iraq,2018,1,0.7376169326072785
412,Iraq,2019,1,0.7289642887523616
413,Iraq,2020,1,0.7283645448900641
414,Iraq,2021,1,0.7315897093170352
415,Iraq,2022,1,0.7034299129740902
416,Iraq,2023,1,0.6943702424500882
417,Ireland,2020,1,0.6304542938132793
418,Ireland,2021,1,0.636049762641141
419,Ireland,2022,1,0.6262911762488597
420,Ireland,2023,1,0.6084654993231199
421,Israel,2017,1,0.879688090934464
422,Israel,2018,1,0.8590616481687552
423,Israel,2019,1,0.8400897351078104
424,Israel,2020,1,0.8500254781275521
425,Israel,2021,1,0.8502350035581688
426,Israel,2022,1,0.8101895869343754
427,Israel,2023,1,0.7910371212297362
428,Italy,2020,1,0.6900923274110994
429,Italy,2021,1,0.6886166115465007
430,Italy,2022,1,0.6757493906191938
431,Italy,2023,1,0.6658771064391238
432,Ivory Coast,2017,0,0.423582883803159
433,Ivory Coast,2018,0,0.48689516018115675
434,Ivory Coast,2019,1,0.4866504716739469
435,Ivory Coast,2020,1,0.5044326136580712
436,Ivory Coast,2021,1,0.5122831583426026
437,Ivory Coast,2022,1,0.49086307084114855
438,Ivory Coast,2023,0,0.4729809366424198
439,Jamaica,2018,0,0.581915858943008
440,Jamaica,2019,0,0.5870682901429933
441,Jamaica,2020,0,0.59011750684296
442,Jamaica,2021,1,0.6047309195859338
443,Jamaica,2022,1,0.6042285552852115
444,Jamaica,2023,1,0.6021685109397604
445,Japan,2018,1,0.6793057675361545
446,Japan,2019,1,0.6735319971749067
447,Japan,2020,1,0.6904463766250745
448,Japan,2021,1,0.6871244424709086
449,Japan,2022,1,0.6824174579636165
450,Japan,2023,1,0.6667287764493488
451,Jordan,2017,1,0.775757310145559
452,Jordan,2018,1,0.7608026778951973
453,Jordan,2019,1,0.7467039477245867
454,Jordan,2020,1,0.7509229650507705
455,Jordan,2021,1,0.7458718532686441
456,Jordan,2022,1,0.7155265183257093
457,Jordan,2023,1,0.6761992993499668
458,Kazakhstan,2018,1,0.6661940838183613
459,Kazakhstan,2019,1,0.7017338921921913
460,Kazakhstan,2020,1,0.7297124837192681
461,Kazakhstan,2021,1,0.720859821291321
462,Kazakhstan,2022,1,0.7221705819878237
463,Kazakhstan,2023,1,0.7120920285192591
464,Kenya,2017,1,0.8788219676724076
465,Kenya,2018,1,0.8364534678469728
466,Kenya,2019,1,0.8399896230162358
467,Kenya,2020,1,0.816750730094067
468,Kenya,2021,1,0.7971347516422851
469,Kenya,2022,1,0.7717764910272706
470,Kenya,2023,1,0.7286284576806905
471,Kuwait,2017,0,0.322004506394191
472,Kuwait,2018,0,0.33244070245210133
473,Kuwait,2019,0,0.35007110014070963
474,Kuwait,2020,0,0.3962917485871702
475,Kuwait,2021,0,0.40082496202421886
476,Kuwait,2022,0,0.37978975794738523
477,Kuwait,2023,0,0.3874783874947848
478,Kyrgyzstan,2018,1,0.6773736753806682
479,Kyrgyzstan,2019,1,0.6791008142364798
480,Kyrgyzstan,2020,1,0.7091672133782346
481,Kyrgyzstan,2021,1,0.7234716140234829
482,Kyrgyzstan,2022,1,0.6944366359101973
483,Kyrgyzstan,2023,1,0.670772294353255
484,Laos,2017,0,0.1750876246468547
485,Laos,2018,0,0.19210798329493836
486,Laos,2019,0,0.22763620303063553
487,Laos,2020,0,0.26766621089043485
488,Laos,2021,0,0.28251159373384843
489,Laos,2022,0,0.31356527772015136
490,Laos,2023,0,0.30799317922008657
491,Latvia,2020,1,0.6093384371637622
492,Latvia,2021,1,0.613763582424883
493,Latvia,2022,1,0.613404171547819
494,Latvia,2023,1,0.6089717441378749
495,Lebanon,2017,1,0.8531138723480753
496,Lebanon,2018,1,0.8549467878410927
497,Lebanon,2019,1,0.8320415791555287
498,Lebanon,2020,1,0.8166182419419482
499,Lebanon,2021,1,0.7730005474887135
500,Lebanon,2022,1,0.7567143658511684
501,Lebanon,2023,1,0.7301333750824959
502,Lesotho,2017,0,0.11858210132234168
503,Lesotho,2018,0,0.117775819407582
504,Lesotho,2019,0,0.15609815266138852
505,Lesotho,2020,0,0.15686926620226382
506,Lesotho,2021,0,0.18101899956525308
507,Lesotho,2022,0,0.1796969935035872
508,Lesotho,2023,0,0.18450322637109293
509,Liberia,2017,0,0.3314359447140536
510,Liberia,2018,0,0.3348903740259519
511,Liberia,2019,1,0.3247691501401261
512,Liberia,2020,1,0.3304688981817698
513,Liberia,2021,0,0.3134291159316866
514,Liberia,2022,0,0.3115178710316716
515,Liberia,2023,1,0.30244129266790953
516,Libya,2017,1,0.853028854424494
517,Libya,2018,1,0.8005901900691875
518,Libya,2019,1,0.8200711344590638
519,Libya,2020,1,0.8285612446912995
520,Libya,2021,1,0.7703630500695009
521,Libya,2022,1,0.7513076637489
522,Libya,2023,1,0.6930128622309056
523,Lithuania,2020,1,0.6399047934648914
524,Lithuania,2021,1,0.6401757725679428
525,Lithuania,2022,1,0.6321353521319899
526,Lithuania,2023,1,0.6113470079290108
527,Luxembourg,2020,1,0.6074034004359875
528,Luxembourg,2021,1,0.6039965445415894
529,Luxembourg,2022,1,0.5886542890861254
530,Luxembourg,2023,1,0.5680971941803824
531,Madagascar,2017,0,0.4215151997435258
532,Madagascar,2018,0,0.4064687264517168
533,Madagascar,2019,1,0.37226184484389047
534,Madagascar,2020,1,0.4032669367611291
535,Madagascar,2021,1,0.39507448692102176
536,Madagascar,2022,1,0.3844959591633407
537,Madagascar,2023,1,0.3824575279030011
538,Malawi,2017,0,0.11952631259777607
539,Malawi,2018,0,0.13753342286882997
540,Malawi,2019,1,0.16077435903578352
541,Malawi,2020,1,0.18988715789095134
542,Malawi,2021,1,0.21102475361275355
543,Malawi,2022,1,0.2370246233869459
544,Malawi,2023,1,0.2392478292142537
545,Malaysia,2018,1,0.6989539086662916
546,Malaysia,2019,1,0.7184116672567832
547,Malaysia,2020,1,0.7300528596217598
548,Malaysia,2021,1,0.7091288215636284
549,Malaysia,2022,1,0.7120919249474664
550,Malaysia,2023,1,0.6858790421322676
551,Maldives,2020,1,0.5864815200197357
552,Maldives,2021,1,0.5975342829031876
553,Maldives,2022,1,0.627371361495288
554,Maldives,2023,1,0.6477136232603595
555,Mali,2017,0,0.1627628844314381
556,Mali,2018,1,0.22467576165571654
557,Mali,2019,1,0.24747572772288634
558,Mali,2020,1,0.3050515557288847
559,Mali,2021,1,0.3026219642238029
560,Mali,2022,1,0.30574977849007356
561,Mali,2023,1,0.2964162374821947
562,Malta,2020,1,0.6133209709498175
563,Malta,2021,1,0.6021011976979664
564,Malta,2022,1,0.5863354833768419
565,Malta,2023,1,0.5601987066740689
566,Mauritania,2017,1,0.44234490889362826
567,Mauritania,2018,1,0.4921989750181494
568,Mauritania,2019,1,0.47556797528455097
569,Mauritania,2020,1,0.4412502726898625
570,Mauritania,2021,1,0.44856725496588096
571,Mauritania,2022,1,0.4354507543998092
572,Mauritania,2023,1,0.40494469965370244
573,Mauritius,2020,1,0.6230639325612352
574,Mauritius,2021,1,0.6145036576902038
575,Mauritius,2022,1,0.6003821139747663
576,Mauritius,2023,1,0.5893464060370797
577,Mexico,2018,1,0.785528232148653
578,Mexico,2019,1,0.7980520517580356
579,Mexico,2020,1,0.8101008839075106
580,Mexico,2021,1,0.7957937879415125
581,Mexico,2022,1,0.7813289419962532
582,Mexico,2023,1,0.7672382128268468
583,Moldova,2018,1,0.6922079128646188
584,Moldova,2019,1,0.6824530961397668
585,Moldova,2020,1,0.6733443612030371
586,Moldova,2021,1,0.7144731696897316
587,Moldova,2022,1,0.6934115445906801
588,Moldova,2023,1,0.697372370567699
589,Mongolia,2018,1,0.6348063192761495
590,Mongolia,2019,1,0.6376018322921466
591,Mongolia,2020,1,0.6642983929008474
592,Mongolia,2021,1,0.6690833627170967
593,Mongolia,2022,1,0.6671811945760527
594,Mongolia,2023,1,0.6806889060006232
595,Montenegro,2018,1,0.5988839209732745
596,Montenegro,2019,1,0.6213704209500581
597,Montenegro,2020,1,0.6209438803860627
598,Montenegro,2021,1,0.5855135295350646
599,Montenegro,2022,1,0.5920093861403575
600,Montenegro,2023,1,0.5904423449246026
601,Morocco,2017,1,0.8242547260759608
602,Morocco,2018,1,0.8354391752187625
603,Morocco,2019,1,0.8003133362401145
604,Morocco,2020,1,0.7958353470308195
605,Morocco,2021,1,0.8126168142960375
606,Morocco,2022,1,0.7958489836082253
607,Morocco,2023,1,0.7589085747614397
608,Mozambique,2017,0,0.11329356534495569
609,Mozambique,2018,0,0.14204886907167238
610,Mozambique,2019,0,0.14239478552160162
611,Mozambique,2020,0,0.16778999778448817
612,Mozambique,2021,0,0.17584829829867282
613,Mozambique,2022,1,0.1939649551136769
614,Mozambique,2023,1,0.23146051494159256
615,Myanmar (Burma),2017,1,0.8801958483474714
616,Myanmar (Burma),2018,1,0.8683150755176089
617,Myanmar (Burma),2019,1,0.8597273803665958
618,Myanmar (Burma),2020,1,0.8482772061752231
619,Myanmar (Burma),2021,1,0.8247564817120248
620,Myanmar (Burma),2022,1,0.8181154617416841
621,Myanmar (Burma),2023,1,0.7917125541624545
622,Namibia,2017,0,0.7927581348913746
623,Namibia,2018,1,0.7066029310815098
624,Namibia,2019,1,0.6227205189086685
625,Namibia,2020,1,0.623127401267136
626,Namibia,2021,1,0.6071105646700957
627,Namibia,2022,1,0.5965993310443238
628,Namibia,2023,1,0.5570835086638841
629,Nepal,2017,1,0.892937292626471
630,Nepal,2018,1,0.8732691500464443
631,Nepal,2019,1,0.8400416421638657
632,Nepal,2020,1,0.8234631944989675
633,Nepal,2021,1,0.801066476797557
634,Nepal,2022,1,0.7930943902613491
635,Nepal,2023,1,0.7547810707053542
636,Netherlands,2020,1,0.7001804858246224
637,Netherlands,2021,1,0.6935747766304087
638,Netherlands,2022,1,0.6906737429663252
639,Netherlands,2023,1,0.6720671979254945
640,New Zealand,2021,1,0.6458275753296433
641,New Zealand,2022,1,0.6460849403441027
642,New Zealand,2023,1,0.6185110618778614
643,Nicaragua,2018,1,0.5305596456956008
644,Nicaragua,2019,1,0.5311331937315742
645,Nicaragua,2020,1,0.4909400845232195
646,Nicaragua,2021,0,0.4696122884507823
647,Nicaragua,2022,0,0.4689432208659548
648,Nicaragua,2023,0,0.4911024603560002
649,Niger,2017,0,0.11481802858647804
650,Niger,2018,0,0.14225249980830285
651,Niger,2019,1,0.1940946942798004
652,Niger,2020,0,0.19814753364982718
653,Niger,2021,0,0.206008271847297
654,Niger,2022,0,0.21666512596037701
655,Niger,2023,1,0.23904310907064324
656,Nigeria,2017,1,0.8509971688837474
657,Nigeria,2018,1,0.8242214523675553
658,Nigeria,2019,1,0.7899696455191713
659,Nigeria,2020,1,0.7663494606645378
660,Nigeria,2021,1,0.7276744385211428
661,Nigeria,2022,1,0.7056877970407598
662,Nigeria,2023,1,0.6735972488152817
663,North Macedonia,2018,1,0.7033395457433009
664,North Macedonia,2019,1,0.6970148098847232
665,North Macedonia,2020,1,0.6854389720430287
666,North Macedonia,2021,1,0.6848868423743503
667,North Macedonia,2022,1,0.6970528314281725
668,North Macedonia,2023,1,0.6682385266105784
669,Norway,2020,1,0.5559749818908721
670,Norway,2021,1,0.5433576643734499
671,Norway,2022,1,0.5278449232050264
672,Norway,2023,1,0.5165257753614073
673,Oman,2017,0,0.2160376067418802
674,Oman,2018,0,0.2597383061333117
675,Oman,2019,0,0.28141879964023764
676,Oman,2020,0,0.3103736557825052
677,Oman,2021,0,0.31829069462224824
678,Oman,2022,0,0.29573750447051533
679,Oman,2023,0,0.28148015277617955
680,Pakistan,2017,1,0.9471577604819015
681,Pakistan,2018,1,0.9344673171722752
682,Pakistan,2019,1,0.9241131332599002
683,Pakistan,2020,1,0.9109054070957157
684,Pakistan,2021,1,0.9145889601023183
685,Pakistan,2022,1,0.9011256707032678
686,Pakistan,2023,1,0.8470145221370001
687,Panama,2018,1,0.6369574502102079
688,Panama,2019,1,0.6403763208284428
689,Panama,2020,1,0.649726497568781
690,Panama,2021,1,0.6411251930503323
691,Panama,2022,1,0.6100303409181335
692,Panama,2023,1,0.6000439675613816
693,Papua New Guinea,2021,1,0.35985124887953807
694,Papua New Guinea,2022,1,0.3864581812537385
695,Papua New Guinea,2023,1,0.3551758209134265
696,Paraguay,2018,1,0.5545708221666101
697,Paraguay,2019,1,0.5803866205303553
698,Paraguay,2020,1,0.607330938569155
699,Paraguay,2021,1,0.6188602379757643
700,Paraguay,2022,1,0.610143868170048
701,Paraguay,2023,1,0.5986571269770499
702,Peru,2018,1,0.6933188994691354
703,Peru,2019,1,0.7035024203995636
704,Peru,2020,1,0.714608834103695
705,Peru,2021,1,0.7040418755037956
706,Peru,2022,1,0.6972909757590415
707,Peru,2023,1,0.6428346285965096
708,Philippines,2017,1,0.8996355406473341
709,Philippines,2018,1,0.8895342216238258
710,Philippines,2019,1,0.8830802456357076
711,Philippines,2020,1,0.8881719166519937
712,Philippines,2021,1,0.8717649433241432
713,Philippines,2022,1,0.8501369532090627
714,Philippines,2023,1,0.8101032663306382
715,Poland,2020,1,0.7067600631088674
716,Poland,2021,1,0.7049711972442351
717,Poland,2022,1,0.6797583333294588
718,Poland,2023,1,0.641901490639434
719,Portugal,2020,1,0.6472225185570724
720,Portugal,2021,1,0.6465944717617439
721,Portugal,2022,1,0.6437966552860342
722,Portugal,2023,1,0.6351694831120687
723,Qatar,2017,0,0.17480470466520093
724,Qatar,2018,0,0.1975334742350971
725,Qatar,2019,0,0.20732516496482226
726,Qatar,2020,0,0.23725535539902068
727,Qatar,2021,0,0.29076081928721786
728,Qatar,2022,0,0.2755828176735241
729,Qatar,2023,0,0.3171926297887182
730,Congo,2017,0,0.08852524857240027
731,Congo,2018,0,0.12822004269618958
732,Congo,2019,0,0.15244671692399608
733,Congo,2020,0,0.17055412683549304
734,Congo,2021,0,0.17093672327237663
735,Congo,2022,0,0.18531965473679685
736,Congo,2023,0,0.2000711974631717
737,Romania,2018,1,0.682104293741527
738,Romania,2019,1,0.7106660302926657
739,Romania,2020,1,0.7378815219714265
740,Romania,2021,1,0.717090678197832
741,Romania,2022,1,0.7007062016609577
742,Romania,2023,1,0.6636454425970595
743,Russia (Soviet Union),2018,1,0.6834001179375719
744,Russia (Soviet Union),2019,1,0.6867485305586579
745,Russia (Soviet Union),2020,1,0.706368630431589
746,Russia (Soviet Union),2021,1,0.6778883905602343
747,Russia (Soviet Union),2022,1,0.6908081590351473
748,Russia (Soviet Union),2023,1,0.6635278325481375
749,Rwanda,2017,0,0.12950996472060713
750,Rwanda,2018,0,0.15861689160796824
751,Rwanda,2019,0,0.20409994863221131
752,Rwanda,2020,0,0.2344580937023726
753,Rwanda,2021,0,0.24220516554673743
754,Rwanda,2022,0,0.24889154485777876
755,Rwanda,2023,0,0.2529022649892164
756,Saudi Arabia,2017,0,0.2700483994597786
757,Saudi Arabia,2018,0,0.2922322994664625
758,Saudi Arabia,2019,0,0.29302051350475655
759,Saudi Arabia,2020,0,0.3076369434427637
760,Saudi Arabia,2021,0,0.3183585054095276
761,Saudi Arabia,2022,0,0.2792865076703397
762,Saudi Arabia,2023,0,0.2885773775314381
763,Senegal,2017,1,0.6071522275618036
764,Senegal,2018,1,0.552808104301058
765,Senegal,2019,1,0.6058259582365134
766,Senegal,2020,1,0.5850619377877876
767,Senegal,2021,1,0.5640795062221537
768,Senegal,2022,1,0.5434528544891504
769,Senegal,2023,1,0.5234038947108604
770,Serbia,2018,1,0.6509595675326882
771,Serbia,2019,1,0.6409019541065495
772,Serbia,2020,1,0.6433121879461297
773,Serbia,2021,1,0.6484255916768935
774,Serbia,2022,1,0.6510807494330308
775,Serbia,2023,1,0.6574822524983565
776,Sierra Leone,2017,0,0.07086189166809753
777,Sierra Leone,2018,1,0.10378741931734199
778,Sierra Leone,2019,0,0.1344340166989613
779,Sierra Leone,2020,0,0.14981817034121644
780,Sierra Leone,2021,0,0.14782327131116416
781,Sierra Leone,2022,0,0.1756369640503705
782,Sierra Leone,2023,0,0.17860818107032944
783,Singapore,2020,0,0.5811868932628523
784,Singapore,2021,0,0.5808952657289165
785,Singapore,2022,0,0.5654281384640317
786,Singapore,2023,0,0.5604114825956438
787,Slovakia,2020,1,0.6490819695107739
788,Slovakia,2021,1,0.6643737302624059
789,Slovakia,2022,1,0.6614340515020546
790,Slovakia,2023,1,0.6371936149515217
791,Slovenia,2020,1,0.6102910377602138
792,Slovenia,2021,1,0.589425752266294
793,Slovenia,2022,1,0.5901507431404253
794,Slovenia,2023,1,0.5899128106114563
795,Solomon Islands,2021,0,0.31174640613373267
796,Solomon Islands,2022,0,0.3095180426080331
797,Solomon Islands,2023,0,0.3046202405520501
798,Somalia,2017,1,0.8226582716439732
799,Somalia,2018,1,0.7621545138522952
800,Somalia,2019,1,0.7576461672071853
801,Somalia,2020,1,0.7761114392565693
802,Somalia,2021,1,0.7923283827733891
803,Somalia,2022,1,0.6432971701511874
804,Somalia,2023,1,0.5979405275207703
805,South Africa,2017,1,0.9404563974140939
806,South Africa,2018,1,0.9266476498470116
807,South Africa,2019,1,0.8945640322173749
808,South Africa,2020,1,0.8831565031707831
809,South Africa,2021,1,0.8786543608880645
810,South Africa,2022,1,0.8503371217879141
811,South Africa,2023,1,0.8147621207646647
812,South Korea,2018,1,0.720781482568461
813,South Korea,2019,1,0.7291831201559169
814,South Korea,2020,1,0.7313868541759072
815,South Korea,2021,1,0.720757972462195
816,South Korea,2022,1,0.7293280734944277
817,South Korea,2023,1,0.6921482100616208
818,South Sudan,2017,1,0.6997917279485035
819,South Sudan,2018,0,0.6414689817149262
820,South Sudan,2019,0,0.6101953085259318
821,South Sudan,2020,1,0.5491744534725063
822,South Sudan,2021,1,0.5798142119613369
823,South Sudan,2022,1,0.5586807815434465
824,South Sudan,2023,1,0.4801381425789677
825,Spain,2020,1,0.71863133451155
826,Spain,2021,1,0.7180752548314735
827,Spain,2022,1,0.7118591416547084
828,Spain,2023,1,0.6956979786636525
829,Sri Lanka,2017,1,0.9622431461479826
830,Sri Lanka,2018,1,0.9334293609150813
831,Sri Lanka,2019,1,0.9486393642322567
832,Sri Lanka,2020,1,0.934683901432106
833,Sri Lanka,2021,1,0.9338843751127688
834,Sri Lanka,2022,1,0.9271065760945303
835,Sri Lanka,2023,1,0.891427426445539
836,Sudan,2017,1,0.838579906907519
837,Sudan,2018,1,0.7979472597341036
838,Sudan,2019,1,0.7628984056061905
839,Sudan,2020,1,0.7336972643284396
840,Sudan,2021,1,0.7226671554515004
841,Sudan,2022,1,0.6589047794269806
842,Sudan,2023,1,0.5749382611928472
843,Suriname,2018,1,0.4919220143630813
844,Suriname,2019,0,0.49101788830377957
845,Suriname,2020,1,0.4880809683431814
846,Suriname,2021,1,0.4654203628425162
847,Suriname,2022,1,0.4780363238167552
848,Suriname,2023,1,0.46670882096332705
849,Sweden,2020,1,0.5688954811996828
850,Sweden,2021,1,0.5707746459924747
851,Sweden,2022,1,0.5675886401888498
852,Sweden,2023,1,0.5540457120474843
853,Switzerland,2020,1,0.6361371654941652
854,Switzerland,2021,1,0.6304291407969915
855,Switzerland,2022,1,0.631998051893146
856,Switzerland,2023,1,0.6086740777316052
857,Syria,2017,1,0.6712852632179929
858,Syria,2018,1,0.6674514120153652
859,Syria,2019,1,0.6594438975136646
860,Syria,2020,1,0.6222676480349025
861,Syria,2021,1,0.6336070139109368
862,Syria,2022,1,0.6294342900835117
863,Syria,2023,1,0.610387706021834
864,Tajikistan,2018,0,0.5571337498511945
865,Tajikistan,2019,0,0.5564857223131316
866,Tajikistan,2020,0,0.5840069902902992
867,Tajikistan,2021,0,0.6022285606631628
868,Tajikistan,2022,0,0.6369086653842583
869,Tajikistan,2023,0,0.578798304518663
870,Tanzania,2017,0,0.1807596262775711
871,Tanzania,2018,0,0.24894466809891036
872,Tanzania,2019,0,0.26702749411416205
873,Tanzania,2020,0,0.32013360308747296
874,Tanzania,2021,0,0.31708077222587683
875,Tanzania,2022,0,0.33212315772465234
876,Tanzania,2023,0,0.3457223628483025
877,Thailand,2017,1,0.9324277802554077
878,Thailand,2018,1,0.9295363048113515
879,Thailand,2019,1,0.8862804918537609
880,Thailand,2020,1,0.8855146048179697
881,Thailand,2021,1,0.88535180838982
882,Thailand,2022,1,0.8649204919059515
883,Thailand,2023,1,0.8330635348073803
884,Togo,2017,1,0.233512810127312
885,Togo,2018,0,0.25576430993749655
886,Togo,2019,0,0.27912393164396665
887,Togo,2020,0,0.28137554599657466
888,Togo,2021,0,0.29318331933584796
889,Togo,2022,0,0.32169274437545453
890,Togo,2023,0,0.3367384345772262
891,Trinidad and Tobago,2018,1,0.6448767600646019
892,Trinidad and Tobago,2019,1,0.6490550158118478
893,Trinidad and Tobago,2020,1,0.6553470664896502
894,Trinidad and Tobago,2021,1,0.6522960292962238
895,Trinidad and Tobago,2022,1,0.6444817998868125
896,Trinidad and Tobago,2023,1,0.6249465588692147
897,Tunisia,2017,1,0.9277833821400747
898,Tunisia,2018,1,0.9188777766665676
899,Tunisia,2019,1,0.9059417207335916
900,Tunisia,2020,1,0.8602681893909981
901,Tunisia,2021,1,0.8487286846092966
902,Tunisia,2022,1,0.8224033476753388
903,Tunisia,2023,1,0.7910533636868016
904,Turkey,2017,1,0.9097202215089178
905,Turkey,2018,1,0.8985367916793293
906,Turkey,2019,1,0.8769098059960477
907,Turkey,2020,1,0.8754408336126553
908,Turkey,2021,1,0.8616319642890236
909,Turkey,2022,1,0.8295377204777307
910,Turkey,2023,1,0.8126587764835291
911,Turkmenistan,2018,0,0.5140645814131505
912,Turkmenistan,2019,0,0.540671524586132
913,Turkmenistan,2020,0,0.563699562949258
914,Turkmenistan,2021,0,0.5822037442408668
915,Turkmenistan,2022,0,0.5852226547692789
916,Turkmenistan,2023,0,0.582421893898139
917,Uganda,2017,1,0.6403530329937347
918,Uganda,2018,1,0.6163407816094417
919,Uganda,2019,1,0.6163225887906082
920,Uganda,2020,1,0.6360755767087752
921,Uganda,2021,1,0.6302073086823369
922,Uganda,2022,1,0.6464359119748474
923,Uganda,2023,1,0.6168668959913589
924,Ukraine,2018,1,0.8002759182932249
925,Ukraine,2019,1,0.7948124213335933
926,Ukraine,2020,1,0.8054680974703587
927,Ukraine,2021,1,0.761783367564014
928,Ukraine,2022,1,0.7710707666688408
929,Ukraine,2023,1,0.7636455319938968
930,United Arab Emirates,2017,0,0.3456048894062739
931,United Arab Emirates,2018,0,0.35576049507332774
932,United Arab Emirates,2019,0,0.36701073196029316
933,United Arab Emirates,2020,0,0.4004509827076595
934,United Arab Emirates,2021,0,0.37086260650308533
935,United Arab Emirates,2022,0,0.3505319882483778
936,United Arab Emirates,2023,0,0.3578793462553666
937,United Kingdom,2020,1,0.7263246390482208
938,United Kingdom,2021,1,0.730449773418811
939,United Kingdom,2022,1,0.7138208525799417
940,United Kingdom,2023,1,0.6931222614196111
941,United States of America,2020,1,0.7383182034513456
942,United States of America,2021,1,0.7360037952937205
943,United States of America,2022,1,0.7245281097016351
944,United States of America,2023,1,0.7016166987219259
945,Uruguay,2018,1,0.6517077243841394
946,Uruguay,2019,1,0.6639679637454614
947,Uruguay,2020,1,0.6607179547562096
948,Uruguay,2021,1,0.6666654940505674
949,Uruguay,2022,1,0.6619293045632031
950,Uruguay,2023,1,0.6356940482531336
951,Uzbekistan,2018,0,0.6760045760557085
952,Uzbekistan,2019,1,0.6927950625003871
953,Uzbekistan,2020,1,0.7240386436308868
954,Uzbekistan,2021,1,0.7157296191437249
955,Uzbekistan,2022,1,0.7117482116517015
956,Uzbekistan,2023,1,0.6854408851039242
957,Venezuela,2018,1,0.641711945039127
958,Venezuela,2019,1,0.6465519681888214
959,Venezuela,2020,1,0.6406161839584024
960,Venezuela,2021,1,0.6336708987837341
961,Venezuela,2022,1,0.5862285155850571
962,Venezuela,2023,1,0.5654805215240072
963,Vietnam,2017,1,0.7096336685454033
964,Vietnam,2018,1,0.6954251597357135
965,Vietnam,2019,0,0.7515802841120436
966,Vietnam,2020,0,0.7059158643981198
967,Vietnam,2021,0,0.7010176413348346
968,Vietnam,2022,0,0.6690915731623729
969,Vietnam,2023,0,0.6619048452925065
970,Yemen (North Yemen),2017,1,0.7416874426242088
971,Yemen (North Yemen),2018,1,0.7140552247575666
972,Yemen (North Yemen),2019,1,0.7044827055469962
973,Yemen (North Yemen),2020,1,0.6912308789842503
974,Yemen (North Yemen),2021,1,0.6853731640124197
975,Yemen (North Yemen),2022,1,0.6882243598288764
976,Yemen (North Yemen),2023,1,0.6377126551948779
977,Zambia,2017,0,0.3509684002830377
978,Zambia,2018,0,0.35932411665854
979,Zambia,2019,0,0.3698073409906055
980,Zambia,2020,0,0.35148830938201864
981,Zambia,2021,1,0.3326316522901806
982,Zambia,2022,1,0.32974623178277734
983,Zambia,2023,0,0.30058385682214783
984,Zimbabwe,2017,1,0.7491904614342562
985,Zimbabwe,2018,1,0.743539109160684
986,Zimbabwe,2019,1,0.6588275621183993
987,Zimbabwe,2020,1,0.6145078421627939
988,Zimbabwe,2021,1,0.6157474037603586
989,Zimbabwe,2022,1,0.5687366152417971
990,Zimbabwe,2023,1,0.5336070171307077
991,eSwatini,2017,0,0.11628701216294328
992,eSwatini,2018,0,0.13775895022874987
993,eSwatini,2019,0,0.15218901437263785
994,eSwatini,2020,0,0.16433861997047033
995,eSwatini,2021,1,0.19392964023717518
996,eSwatini,2022,1,0.21716655660378054
997,eSwatini,2023,1,0.23242943301186242
