,country,year,d_civil_war,preds_proba
0,United States of America,2017,0,0.00047918965065478557
1,United States of America,2018,0,0.00047918965065478557
2,United States of America,2019,0,0.00047918965065478557
3,United States of America,2020,0,0.00047918965065478557
4,United States of America,2021,0,0.00047918965065478557
5,United States of America,2022,0,0.02447314279645726
6,United States of America,2023,0,0.095906146155529
7,Canada,2017,0,0.00047137730341074877
8,Canada,2018,0,0.003222755829289801
9,Canada,2019,0,0.0034780140834369667
10,Canada,2020,0,0.0037386271380128533
11,Canada,2021,0,0.0018892988889332482
12,Canada,2022,0,0.01762082131372198
13,Canada,2023,0,0.04150801046108778
14,Cuba,2017,0,0.00011991877412541066
15,Cuba,2018,0,0.0
16,Cuba,2019,0,0.0007195126447524638
17,Cuba,2020,0,0.0
18,Cuba,2021,0,0.0
19,Cuba,2022,0,0.018721542105975805
20,Cuba,2023,0,0.061597940153104394
21,Haiti,2017,0,0.004140183212074267
22,Haiti,2018,0,0.004718262459296606
23,Haiti,2019,0,0.0028381077464758827
24,Haiti,2020,0,0.05989405256839775
25,Haiti,2021,0,0.0621360174075889
26,Haiti,2022,0,0.11197204868645153
27,Haiti,2023,0,0.271385413247357
28,Dominican Republic,2017,0,0.0001376379160053185
29,Dominican Republic,2018,0,0.0001376379160053185
30,Dominican Republic,2019,0,0.0001376379160053185
31,Dominican Republic,2020,0,0.0001376379160053185
32,Dominican Republic,2021,0,0.0001376379160053185
33,Dominican Republic,2022,0,0.017722410995862595
34,Dominican Republic,2023,0,0.06378136056213621
35,Jamaica,2017,0,0.0
36,Jamaica,2018,0,0.0
37,Jamaica,2019,0,0.0017892929080691403
38,Jamaica,2020,0,0.0
39,Jamaica,2021,0,0.00023765426073419352
40,Jamaica,2022,0,0.01717136692918255
41,Jamaica,2023,0,0.0752446757097553
42,Trinidad and Tobago,2017,0,0.0
43,Trinidad and Tobago,2018,0,0.0
44,Trinidad and Tobago,2019,0,0.0
45,Trinidad and Tobago,2020,0,0.0
46,Trinidad and Tobago,2021,0,1.3992647225550985e-05
47,Trinidad and Tobago,2022,0,0.013826383242708856
48,Trinidad and Tobago,2023,0,0.059639170060774196
49,Barbados,2017,0,0.007147231116120622
50,Barbados,2018,0,0.004032113889182954
51,Barbados,2019,0,0.009881502154670492
52,Barbados,2020,0,0.00631222775902169
53,Barbados,2021,0,0.004015968526999626
54,Barbados,2022,0,0.0420958713998223
55,Barbados,2023,0,0.08832286639691825
56,Mexico,2017,0,0.0011032527219537779
57,Mexico,2018,0,0.026396625358603404
58,Mexico,2019,0,0.002412870533521276
59,Mexico,2020,0,0.0020291304563199615
60,Mexico,2021,0,0.0025083201069747473
61,Mexico,2022,0,0.03408275595616191
62,Mexico,2023,0,0.16017446701143578
63,Guatemala,2017,0,0.0011928619387127602
64,Guatemala,2018,0,0.005636066538966663
65,Guatemala,2019,0,0.007425359447035804
66,Guatemala,2020,0,0.005636066538966663
67,Guatemala,2021,0,0.005636066538966663
68,Guatemala,2022,0,0.016674299693269383
69,Guatemala,2023,0,0.060319200573295755
70,Honduras,2017,0,0.0
71,Honduras,2018,0,0.0
72,Honduras,2019,0,0.0
73,Honduras,2020,0,0.0
74,Honduras,2021,0,0.0
75,Honduras,2022,0,0.008210995442418581
76,Honduras,2023,0,0.05611043723718714
77,El Salvador,2017,0,0.0
78,El Salvador,2018,0,0.0013419696810518555
79,El Salvador,2019,0,0.0013419696810518555
80,El Salvador,2020,0,0.0030208325188076047
81,El Salvador,2021,0,0.003260670067058426
82,El Salvador,2022,0,0.030480718918038094
83,El Salvador,2023,0,0.09855963443018588
84,Nicaragua,2017,0,0.0
85,Nicaragua,2018,0,0.0
86,Nicaragua,2019,0,0.010209084970543292
87,Nicaragua,2020,0,0.0
88,Nicaragua,2021,0,0.0
89,Nicaragua,2022,0,0.01604399307568663
90,Nicaragua,2023,0,0.06414041796582903
91,Costa Rica,2017,0,0.0004473232270172851
92,Costa Rica,2018,0,0.0022366161350864254
93,Costa Rica,2019,0,0.0004473232270172851
94,Costa Rica,2020,0,0.0004473232270172851
95,Costa Rica,2021,0,0.0004473232270172851
96,Costa Rica,2022,0,0.0089778352601625
97,Costa Rica,2023,0,0.045977501089943196
98,Panama,2017,0,0.0
99,Panama,2018,0,0.0
100,Panama,2019,0,0.000825827496031911
101,Panama,2020,0,0.000825827496031911
102,Panama,2021,0,0.000825827496031911
103,Panama,2022,0,0.008883454974901709
104,Panama,2023,0,0.05700193102643174
105,Colombia,2017,0,0.01536886758145065
106,Colombia,2018,0,0.036839365641795074
107,Colombia,2019,0,0.1311083653595877
108,Colombia,2020,0,0.03717524553217356
109,Colombia,2021,0,0.03921344527039083
110,Colombia,2022,0,0.07363490792428762
111,Colombia,2023,0,0.10755015012375434
112,Venezuela,2017,0,0.019517066009801357
113,Venezuela,2018,0,0.039337095641159406
114,Venezuela,2019,0,0.04402801352932862
115,Venezuela,2020,0,0.04444167824933037
116,Venezuela,2021,0,0.05047214431208728
117,Venezuela,2022,0,0.05793550845722474
118,Venezuela,2023,0,0.12463459445018278
119,Guyana,2017,0,0.005636066538966663
120,Guyana,2018,0,0.005652211901149991
121,Guyana,2019,0,0.017137666705604192
122,Guyana,2020,0,0.011272133077933327
123,Guyana,2021,0,0.011272133077933327
124,Guyana,2022,0,0.019653537368739444
125,Guyana,2023,0,0.06615243179875208
126,Suriname,2017,0,0.0
127,Suriname,2018,0,0.0
128,Suriname,2019,0,0.0
129,Suriname,2020,0,0.0
130,Suriname,2021,0,1.1137004934622212e-05
131,Suriname,2022,0,0.008381404290806117
132,Suriname,2023,0,0.053091005812749614
133,Ecuador,2017,0,0.0
134,Ecuador,2018,0,0.0
135,Ecuador,2019,0,0.0
136,Ecuador,2020,0,0.005636066538966663
137,Ecuador,2021,0,0.005636066538966663
138,Ecuador,2022,0,0.015994213471068212
139,Ecuador,2023,0,0.04758912618770149
140,Peru,2017,0,0.00025561327258130575
141,Peru,2018,0,0.005891679811547969
142,Peru,2019,0,0.0079791882042953
143,Peru,2020,0,0.007680972719617109
144,Peru,2021,0,0.008396689882844765
145,Peru,2022,0,0.024226755863328647
146,Peru,2023,0,0.11809590891951877
147,Brazil,2017,0,0.0
148,Brazil,2018,0,0.034041878515271254
149,Brazil,2019,0,0.032220405456489305
150,Brazil,2020,0,0.0321604460694266
151,Brazil,2021,0,0.03227227687618092
152,Brazil,2022,0,0.045499547904644604
153,Brazil,2023,0,0.08840227549897385
154,Bolivia,2017,0,0.004294302979365937
155,Bolivia,2018,0,0.007425359447035804
156,Bolivia,2019,0,0.013061425986002467
157,Bolivia,2020,0,0.007425359447035804
158,Bolivia,2021,0,0.009896287748655093
159,Bolivia,2022,0,0.024880208255030088
160,Bolivia,2023,0,0.07894012640600227
161,Paraguay,2017,0,0.0013738361046893557
162,Paraguay,2018,0,0.000990416195817397
163,Paraguay,2019,0,0.00047918965065478557
164,Paraguay,2020,0,0.00047918965065478557
165,Paraguay,2021,0,0.00047918965065478557
166,Paraguay,2022,0,0.015449606981499926
167,Paraguay,2023,0,0.06367778875627275
168,Chile,2017,0,0.009301817109483242
169,Chile,2018,0,0.004413128035930608
170,Chile,2019,0,0.012638905154970681
171,Chile,2020,0,0.012638905154970681
172,Chile,2021,0,0.012638905154970681
173,Chile,2022,0,0.030779819358145118
174,Chile,2023,0,0.06625992472040182
175,Argentina,2017,0,0.0028315467605638652
176,Argentina,2018,0,0.0028315467605638652
177,Argentina,2019,0,0.0018555688107079705
178,Argentina,2020,0,0.0018555688107079705
179,Argentina,2021,0,0.0018555688107079705
180,Argentina,2022,0,0.03607831308097236
181,Argentina,2023,0,0.08528484621555242
182,Uruguay,2017,0,0.00029821548467819006
183,Uruguay,2018,0,0.00029821548467819006
184,Uruguay,2019,0,0.002087508392747331
185,Uruguay,2020,0,0.005964309693563801
186,Uruguay,2021,0,0.005964309693563801
187,Uruguay,2022,0,0.02773132902521096
188,Uruguay,2023,0,0.06468689099975644
189,United Kingdom,2017,0,0.00047918965065478557
190,United Kingdom,2018,0,0.0007774051353329756
191,United Kingdom,2019,0,0.00047918965065478557
192,United Kingdom,2020,0,0.00047918965065478557
193,United Kingdom,2021,0,0.00047918965065478557
194,United Kingdom,2022,0,0.01649762139908328
195,United Kingdom,2023,0,0.0343327171702587
196,Ireland,2017,0,4.3849335929720517e-05
197,Ireland,2018,0,0.0
198,Ireland,2019,0,0.0
199,Ireland,2020,0,7.994584941694043e-05
200,Ireland,2021,0,7.994584941694043e-05
201,Ireland,2022,0,0.01833228268307115
202,Ireland,2023,0,0.03230072379103716
203,Netherlands,2017,0,0.00047918965065478557
204,Netherlands,2018,0,0.006115256189621449
205,Netherlands,2019,0,0.006115256189621449
206,Netherlands,2020,0,0.007904549097690589
207,Netherlands,2021,0,0.006115256189621449
208,Netherlands,2022,0,0.024014650081519165
209,Netherlands,2023,0,0.03375028081681682
210,Belgium,2017,0,0.002002303968553562
211,Belgium,2018,0,0.004355211236809844
212,Belgium,2019,0,0.006172854411387405
213,Belgium,2020,0,0.006172854411387405
214,Belgium,2021,0,0.006652529507889048
215,Belgium,2022,0,0.026135504227765703
216,Belgium,2023,0,0.030993705578159485
217,Luxembourg,2017,0,0.00047137730341074877
218,Luxembourg,2018,0,0.0013721539685555935
219,Luxembourg,2019,0,0.0013721539685555935
220,Luxembourg,2020,0,0.0017127128725484206
221,Luxembourg,2021,0,0.0019692447383501885
222,Luxembourg,2022,0,0.011516071119986305
223,Luxembourg,2023,0,0.022113984757889674
224,France,2017,0,0.00047918965065478557
225,France,2018,0,0.00047918965065478557
226,France,2019,0,0.00047918965065478557
227,France,2020,0,0.00047918965065478557
228,France,2021,0,0.00047918965065478557
229,France,2022,0,0.007502566503541761
230,France,2023,0,0.02485238434964995
231,Switzerland,2017,0,0.00047918965065478557
232,Switzerland,2018,0,0.00047918965065478557
233,Switzerland,2019,0,0.00047918965065478557
234,Switzerland,2020,0,0.00047918965065478557
235,Switzerland,2021,0,0.00047918965065478557
236,Switzerland,2022,0,0.016128531325189363
237,Switzerland,2023,0,0.017943514658129052
238,Spain,2017,0,0.00047918965065478557
239,Spain,2018,0,0.00047918965065478557
240,Spain,2019,0,0.00047918965065478557
241,Spain,2020,0,0.00047918965065478557
242,Spain,2021,0,0.00047918965065478557
243,Spain,2022,0,0.008966533428325603
244,Spain,2023,0,0.02890314468319536
245,Portugal,2017,0,0.00047918965065478557
246,Portugal,2018,0,0.00047918965065478557
247,Portugal,2019,0,0.00047918965065478557
248,Portugal,2020,0,0.00047918965065478557
249,Portugal,2021,0,0.000559135500071726
250,Portugal,2022,0,0.012359655628351666
251,Portugal,2023,0,0.021145492617379327
252,Germany,2017,0,0.0017892929080691403
253,Germany,2018,0,0.0
254,Germany,2019,0,9.540441290148398e-06
255,Germany,2020,0,0.0008879205961604537
256,Germany,2021,0,0.002458130823964366
257,Germany,2022,0,0.007462185454549099
258,Germany,2023,0,0.0312849091953472
259,Poland,2017,0,0.0014314343264553123
260,Poland,2018,0,0.0
261,Poland,2019,0,0.0
262,Poland,2020,0,0.0
263,Poland,2021,0,0.0
264,Poland,2022,0,0.009073834230871259
265,Poland,2023,0,0.02416888481814559
266,Austria,2017,0,0.002821577278109029
267,Austria,2018,0,0.002821577278109029
268,Austria,2019,0,0.002821577278109029
269,Austria,2020,0,0.002821577278109029
270,Austria,2021,0,0.0010322843700398886
271,Austria,2022,0,0.0182675902130903
272,Austria,2023,0,0.018178165290029122
273,Hungary,2017,0,0.0
274,Hungary,2018,0,0.0
275,Hungary,2019,0,0.0
276,Hungary,2020,0,0.0030905968412103333
277,Hungary,2021,0,0.0
278,Hungary,2022,0,0.0074707000799042605
279,Hungary,2023,0,0.01748079984893551
280,Czechia,2017,0,0.0
281,Czechia,2018,0,0.0
282,Czechia,2019,0,0.0
283,Czechia,2020,0,0.0
284,Czechia,2021,0,0.0
285,Czechia,2022,0,0.01634510580870497
286,Czechia,2023,0,0.022608986511877316
287,Slovakia,2017,0,0.0007229466295228849
288,Slovakia,2018,0,0.0007229466295228849
289,Slovakia,2019,0,0.0007229466295228849
290,Slovakia,2020,0,0.0029595627646093105
291,Slovakia,2021,0,0.0003976206462375867
292,Slovakia,2022,0,0.007005715959778071
293,Slovakia,2023,0,0.01354445292772071
294,Italy,2017,0,0.0006581189414616996
295,Italy,2018,0,0.0006581189414616996
296,Italy,2019,0,0.0006581189414616996
297,Italy,2020,0,0.0006581189414616996
298,Italy,2021,0,0.0006581189414616996
299,Italy,2022,0,0.012931056556777933
300,Italy,2023,0,0.028475702488489955
301,Malta,2017,0,0.00644647288353747
302,Malta,2018,0,0.0016545150007080882
303,Malta,2019,0,0.000580939255866604
304,Malta,2020,0,0.0019297908327187252
305,Malta,2021,0,0.0026769680910333116
306,Malta,2022,0,0.037506322180863715
307,Malta,2023,0,0.06957551018590916
308,Albania,2017,0,0.00019881032311879336
309,Albania,2018,0,0.0018091739403810197
310,Albania,2019,0,0.00019881032311879336
311,Albania,2020,0,0.0053877597565193
312,Albania,2021,0,0.0035984668484501598
313,Albania,2022,0,0.016043390445941223
314,Albania,2023,0,0.023743238787881753
315,Serbia,2017,0,0.0007774903707681383
316,Serbia,2018,0,0.0007774903707681383
317,Serbia,2019,0,0.002566783278837279
318,Serbia,2020,0,0.0009905014312525599
319,Serbia,2021,0,0.0009905014312525599
320,Serbia,2022,0,0.005765966107966814
321,Serbia,2023,0,0.03161182450385962
322,Montenegro,2017,0,0.006907705392163314
323,Montenegro,2018,0,0.012437266400887768
324,Montenegro,2019,0,0.012437266400887768
325,Montenegro,2020,0,0.014482172581538215
326,Montenegro,2021,0,0.012543771931129977
327,Montenegro,2022,0,0.006801199861921105
328,Montenegro,2023,0,0.03647605371969462
329,North Macedonia,2017,0,0.0017892929080691403
330,North Macedonia,2018,0,0.009346860785250207
331,North Macedonia,2019,0,0.0017892929080691403
332,North Macedonia,2020,0,0.0017892929080691403
333,North Macedonia,2021,0,0.0017892929080691403
334,North Macedonia,2022,0,0.020464762062291215
335,North Macedonia,2023,0,0.0342225406932602
336,Croatia,2017,0,0.0004129137480159555
337,Croatia,2018,0,0.0004129137480159555
338,Croatia,2019,0,0.0004129137480159555
339,Croatia,2020,0,0.0017892929080691403
340,Croatia,2021,0,0.0004129137480159555
341,Croatia,2022,0,0.005005432212060082
342,Croatia,2023,0,0.01711285675767497
343,Bosnia-Herzegovina,2017,0,0.059759589068250914
344,Bosnia-Herzegovina,2018,0,0.08478622591892096
345,Bosnia-Herzegovina,2019,0,0.08182455079347309
346,Bosnia-Herzegovina,2020,0,0.08182455079347309
347,Bosnia-Herzegovina,2021,0,0.07618848425450643
348,Bosnia-Herzegovina,2022,0,0.12003886858060332
349,Bosnia-Herzegovina,2023,0,0.06278023908474467
350,Slovenia,2017,0,0.0
351,Slovenia,2018,0,0.0
352,Slovenia,2019,0,7.994584941694043e-05
353,Slovenia,2020,0,7.994584941694043e-05
354,Slovenia,2021,0,7.994584941694043e-05
355,Slovenia,2022,0,0.004465262645535311
356,Slovenia,2023,0,0.020755057575259715
357,Greece,2017,0,0.00029884296574569604
358,Greece,2018,0,0.0
359,Greece,2019,0,0.0017892929080691403
360,Greece,2020,0,0.0029821548467819
361,Greece,2021,0,0.0030164173536748745
362,Greece,2022,0,0.019408795232341198
363,Greece,2023,0,0.026587732721512804
364,Cyprus,2017,0,0.0
365,Cyprus,2018,0,0.0
366,Cyprus,2019,0,1.3992647225550985e-05
367,Cyprus,2020,0,0.00023756855992691352
368,Cyprus,2021,0,0.00011737280703238801
369,Cyprus,2022,0,0.01531183513937146
370,Cyprus,2023,0,0.04484960719393159
371,Bulgaria,2017,0,0.0005973104541471634
372,Bulgaria,2018,0,0.0005591540337716064
373,Bulgaria,2019,0,0.0005591540337716064
374,Bulgaria,2020,0,0.0005591540337716064
375,Bulgaria,2021,0,0.0061952205727382696
376,Bulgaria,2022,0,0.01619899958585452
377,Bulgaria,2023,0,0.025127842302105605
378,Moldova,2017,0,0.005926536166899966
379,Moldova,2018,0,0.011920461287480456
380,Moldova,2019,0,0.011920461287480456
381,Moldova,2020,0,0.017556527826447118
382,Moldova,2021,0,0.011920461287480456
383,Moldova,2022,0,0.027662987177857628
384,Moldova,2023,0,0.056658700197363056
385,Romania,2017,0,0.0
386,Romania,2018,0,0.0
387,Romania,2019,0,0.0
388,Romania,2020,0,0.0
389,Romania,2021,0,0.0
390,Romania,2022,0,0.00526674564075878
391,Romania,2023,0,0.018836970267352992
392,Russia (Soviet Union),2017,0,0.029598067491020157
393,Russia (Soviet Union),2018,0,0.026158699648699282
394,Russia (Soviet Union),2019,0,0.02607018061341525
395,Russia (Soviet Union),2020,0,0.026453920690616566
396,Russia (Soviet Union),2021,0,0.059458693969599026
397,Russia (Soviet Union),2022,0,0.14342471181439914
398,Russia (Soviet Union),2023,0,0.1649841511929241
399,Estonia,2017,0,0.0
400,Estonia,2018,0,0.0
401,Estonia,2019,0,0.002683939362103711
402,Estonia,2020,0,0.0065307129930012335
403,Estonia,2021,0,0.0008946464540345702
404,Estonia,2022,0,0.016118740593274797
405,Estonia,2023,0,0.02181934358701744
406,Latvia,2017,0,0.0
407,Latvia,2018,0,0.0
408,Latvia,2019,0,0.0004473232270172851
409,Latvia,2020,0,0.006083389765983948
410,Latvia,2021,0,0.006083389765983948
411,Latvia,2022,0,0.014878755481583695
412,Latvia,2023,0,0.01945110989162719
413,Lithuania,2017,0,0.0016033923461918269
414,Lithuania,2018,0,0.0016033923461918269
415,Lithuania,2019,0,0.0016033923461918269
416,Lithuania,2020,0,0.0016033923461918269
417,Lithuania,2021,0,0.0016033923461918269
418,Lithuania,2022,0,0.01141807060443017
419,Lithuania,2023,0,0.009570716045177475
420,Ukraine,2017,0,0.24811594569178055
421,Ukraine,2018,0,0.2099701450875197
422,Ukraine,2019,0,0.1419134606662485
423,Ukraine,2020,0,0.1337366112059931
424,Ukraine,2021,0,0.11703208478675335
425,Ukraine,2022,0,0.22118740990922575
426,Ukraine,2023,0,0.18046663637835011
427,Belarus,2017,0,0.00023983754825082133
428,Belarus,2018,0,0.00023983754825082133
429,Belarus,2019,0,0.00023983754825082133
430,Belarus,2020,0,0.04730738535069296
431,Belarus,2021,0,0.026382130307590342
432,Belarus,2022,0,0.004172409017630487
433,Belarus,2023,0,0.0069779980529712194
434,Armenia,2017,0,0.012722050659837857
435,Armenia,2018,0,0.02723438134775634
436,Armenia,2019,0,0.009901616737918324
437,Armenia,2020,0,0.016247823062753068
438,Armenia,2021,0,0.021761232748233567
439,Armenia,2022,0,0.04692710086196786
440,Armenia,2023,0,0.08110534271609404
441,Georgia,2017,0,0.0013120297495270677
442,Georgia,2018,0,0.0010247768473486893
443,Georgia,2019,0,0.001980331558827167
444,Georgia,2020,0,0.0007862044596061373
445,Georgia,2021,0,0.001136045301728792
446,Georgia,2022,0,0.00751503021389039
447,Georgia,2023,0,0.0130173392749639
448,Azerbaijan,2017,0,0.03150343321288168
449,Azerbaijan,2018,0,0.031289047844542915
450,Azerbaijan,2019,0,0.04003978799123582
451,Azerbaijan,2020,1,0.029830895569686565
452,Azerbaijan,2021,0,0.08218804099901464
453,Azerbaijan,2022,0,0.056250178889105676
454,Azerbaijan,2023,0,0.06821942018483906
455,Finland,2017,0,0.0
456,Finland,2018,0,0.0
457,Finland,2019,0,0.0
458,Finland,2020,0,0.0
459,Finland,2021,0,0.0
460,Finland,2022,0,0.005667643380234589
461,Finland,2023,0,0.015881578348683235
462,Sweden,2017,0,0.00047918965065478557
463,Sweden,2018,0,0.00047918965065478557
464,Sweden,2019,0,0.00047918965065478557
465,Sweden,2020,0,0.00047918965065478557
466,Sweden,2021,0,0.00047918965065478557
467,Sweden,2022,0,0.006146833030889374
468,Sweden,2023,0,0.014362634876724014
469,Norway,2017,0,0.0
470,Norway,2018,0,0.0
471,Norway,2019,0,0.0
472,Norway,2020,0,0.0
473,Norway,2021,0,0.0
474,Norway,2022,0,0.008835827886506217
475,Norway,2023,0,0.016668646769233995
476,Denmark,2017,0,0.0015016427409800086
477,Denmark,2018,0,0.004206883209132161
478,Denmark,2019,0,0.004206883209132161
479,Denmark,2020,0,0.003312236755097591
480,Denmark,2021,0,0.00047918965065478557
481,Denmark,2022,0,0.011889320751921444
482,Denmark,2023,0,0.02285730742654576
483,Iceland,2017,0,0.00013426733397560795
484,Iceland,2018,0,7.917128552500093e-05
485,Iceland,2019,0,7.917128552500093e-05
486,Iceland,2020,0,0.0014875687895961652
487,Iceland,2021,0,0.0
488,Iceland,2022,0,0.013502115444128633
489,Iceland,2023,0,0.06018561945989446
490,Cabo Verde,2017,0,0.0013206685750034133
491,Cabo Verde,2018,0,0.0016785271566172413
492,Cabo Verde,2019,0,0.0031099614830725534
493,Cabo Verde,2020,0,0.02088037313259371
494,Cabo Verde,2021,0,0.019971108709817012
495,Cabo Verde,2022,0,0.042305913215221196
496,Cabo Verde,2023,0,0.0894973964746681
497,Guinea-Bissau,2017,0,0.010083339933674749
498,Guinea-Bissau,2018,0,0.00984350238542393
499,Guinea-Bissau,2019,0,0.014549523544528629
500,Guinea-Bissau,2020,0,0.0004000822955245386
501,Guinea-Bissau,2021,0,0.003429478073799186
502,Guinea-Bissau,2022,0,0.019559740628982
503,Guinea-Bissau,2023,0,0.08468193382012222
504,Equatorial Guinea,2017,0,0.0002741000551437958
505,Equatorial Guinea,2018,0,0.00994648060682907
506,Equatorial Guinea,2019,0,0.0033414593261194654
507,Equatorial Guinea,2020,0,0.0002902454173271238
508,Equatorial Guinea,2021,0,0.006139633682814662
509,Equatorial Guinea,2022,0,0.009550150799984485
510,Equatorial Guinea,2023,0,0.064019299460411
511,Gambia,2017,0,0.010041332111541814
512,Gambia,2018,0,0.015890720377029353
513,Gambia,2019,0,0.008947556904758444
514,Gambia,2020,0,0.007669490541851913
515,Gambia,2021,0,0.007669490541851913
516,Gambia,2022,0,0.03518806670180327
517,Gambia,2023,0,0.09055976058840061
518,Mali,2017,0,0.06452378985998573
519,Mali,2018,0,0.14564265426985923
520,Mali,2019,0,0.16453022334141268
521,Mali,2020,0,0.16017653935177054
522,Mali,2021,0,0.173525220579395
523,Mali,2022,1,0.22169293810566026
524,Mali,2023,1,0.5571374124293513
525,Senegal,2017,0,0.0
526,Senegal,2018,0,0.006113211314451767
527,Senegal,2019,0,0.006127203961677318
528,Senegal,2020,0,0.0063507798743786805
529,Senegal,2021,0,0.006230584121484155
530,Senegal,2022,0,0.024203822908123965
531,Senegal,2023,0,0.09814296984223608
532,Benin,2017,0,0.0015519912868748903
533,Benin,2018,0,0.002279106140493867
534,Benin,2019,0,0.013542390782525211
535,Benin,2020,0,0.03841714693063742
536,Benin,2021,0,0.04421816847717799
537,Benin,2022,0,0.0544470473680709
538,Benin,2023,0,0.11081272869165146
539,Mauritania,2017,0,0.0
540,Mauritania,2018,0,0.0
541,Mauritania,2019,0,1.3992647225550985e-05
542,Mauritania,2020,0,0.00023756855992691352
543,Mauritania,2021,0,0.00011737280703238801
544,Mauritania,2022,0,0.030518372003323264
545,Mauritania,2023,0,0.18616351139085513
546,Niger,2017,0,0.03743721717351687
547,Niger,2018,0,0.1065301338617967
548,Niger,2019,0,0.02562225098392487
549,Niger,2020,0,0.076912227093721
550,Niger,2021,0,0.05993252500272292
551,Niger,2022,0,0.07227048099606541
552,Niger,2023,0,0.24919613423590514
553,Ivory Coast,2017,0,0.013223994390605197
554,Ivory Coast,2018,0,0.007493019070973666
555,Ivory Coast,2019,0,0.00944969585903087
556,Ivory Coast,2020,0,0.013307381669513726
557,Ivory Coast,2021,0,0.01119990133827174
558,Ivory Coast,2022,0,0.03423858140519313
559,Ivory Coast,2023,0,0.1310974949474531
560,Guinea,2017,0,0.0056077276443526666
561,Guinea,2018,0,0.00404201064898489
562,Guinea,2019,0,0.0011384703724272559
563,Guinea,2020,0,0.00667054487974184
564,Guinea,2021,0,0.00667054487974184
565,Guinea,2022,0,0.0271483631794117
566,Guinea,2023,0,0.14000796460580844
567,Burkina Faso,2017,0,0.00023983754825082133
568,Burkina Faso,2018,0,0.02806946359843909
569,Burkina Faso,2019,0,0.0886774610749321
570,Burkina Faso,2020,0,0.08315139285548984
571,Burkina Faso,2021,0,0.0839927727901736
572,Burkina Faso,2022,1,0.1302781932879286
573,Burkina Faso,2023,1,0.4110848874013934
574,Liberia,2017,0,0.009555929341462648
575,Liberia,2018,0,0.00929487067669226
576,Liberia,2019,0,0.01188201012195253
577,Liberia,2020,0,0.01188201012195253
578,Liberia,2021,0,0.01188201012195253
579,Liberia,2022,0,0.019323544072036618
580,Liberia,2023,0,0.07172833152599536
581,Sierra Leone,2017,0,0.01866387519556867
582,Sierra Leone,2018,0,0.01794815803234101
583,Sierra Leone,2019,0,0.01866387519556867
584,Sierra Leone,2020,0,0.01867786784279422
585,Sierra Leone,2021,0,0.020683166777707717
586,Sierra Leone,2022,0,0.04172046996786931
587,Sierra Leone,2023,0,0.07947644009296205
588,Ghana,2017,0,0.0007147133354120177
589,Ghana,2018,0,0.0005945175825174922
590,Ghana,2019,0,0.0005230581491939433
591,Ghana,2020,0,0.0005230581491939433
592,Ghana,2021,0,0.0005230581491939433
593,Ghana,2022,0,0.014738119083701795
594,Ghana,2023,0,0.10910528235248132
595,Togo,2017,0,0.003805152125926256
596,Togo,2018,0,0.004265256016572606
597,Togo,2019,0,0.002116321449784705
598,Togo,2020,0,0.0023398973624860677
599,Togo,2021,0,0.0019798640613407207
600,Togo,2022,0,0.025455796223273697
601,Togo,2023,0,0.12407176954813635
602,Cameroon,2017,0,0.0019195554293340257
603,Cameroon,2018,0,0.00302486777453678
604,Cameroon,2019,0,0.013950280297308533
605,Cameroon,2020,0,0.03993063773889468
606,Cameroon,2021,0,0.04573141026562352
607,Cameroon,2022,0,0.05427128573646495
608,Cameroon,2023,0,0.12017910933873868
609,Nigeria,2017,1,0.6979084269122098
610,Nigeria,2018,1,0.6820321502086673
611,Nigeria,2019,1,0.6700088213540579
612,Nigeria,2020,1,0.6636989158469432
613,Nigeria,2021,1,0.6291207910008184
614,Nigeria,2022,1,0.5742614430284891
615,Nigeria,2023,1,0.5157350776554516
616,Gabon,2017,0,0.0014612558749231312
617,Gabon,2018,0,0.00014910774233909503
618,Gabon,2019,0,0.0014752485221486821
619,Gabon,2020,0,0.0016988244348500447
620,Gabon,2021,0,0.0009821977125991394
621,Gabon,2022,0,0.009194157482258875
622,Gabon,2023,0,0.07140769711751685
623,Central African Republic,2017,0,0.031971984608789125
624,Central African Republic,2018,0,0.0821414923456221
625,Central African Republic,2019,0,0.0631118312470168
626,Central African Republic,2020,0,0.09949853144895016
627,Central African Republic,2021,0,0.09929094405852998
628,Central African Republic,2022,0,0.12961859219447697
629,Central African Republic,2023,0,0.2349864963611614
630,Chad,2017,0,0.020795426029128837
631,Chad,2018,0,0.02278827961470216
632,Chad,2019,0,0.022107096162294455
633,Chad,2020,0,0.03270926759487641
634,Chad,2021,0,0.06538735359966683
635,Chad,2022,0,0.0793369164747893
636,Chad,2023,0,0.2226049585283711
637,Congo,2017,0,0.008425317340198291
638,Congo,2018,0,0.013318313847489778
639,Congo,2019,0,0.02224503491722047
640,Congo,2020,0,0.024893678933466015
641,Congo,2021,0,0.07750936897374325
642,Congo,2022,0,0.04621116436896032
643,Congo,2023,0,0.10229908369940904
644,DR Congo (Zaire),2017,1,0.23220109196630168
645,DR Congo (Zaire),2018,0,0.3494756535336936
646,DR Congo (Zaire),2019,0,0.15068568701998378
647,DR Congo (Zaire),2020,1,0.2279100701092212
648,DR Congo (Zaire),2021,1,0.3111575369132131
649,DR Congo (Zaire),2022,1,0.4177306879005379
650,DR Congo (Zaire),2023,0,0.5198645803258405
651,Uganda,2017,0,0.011010538371856077
652,Uganda,2018,0,0.017049770215846468
653,Uganda,2019,0,0.0116842218219494
654,Uganda,2020,0,0.011356439507725125
655,Uganda,2021,0,0.01835405680318664
656,Uganda,2022,0,0.04915875113118069
657,Uganda,2023,0,0.16633126267097811
658,Kenya,2017,0,0.006913818582571969
659,Kenya,2018,0,0.014600008795852094
660,Kenya,2019,0,0.01987567886056856
661,Kenya,2020,0,0.015167795681215308
662,Kenya,2021,0,0.018657997512643406
663,Kenya,2022,0,0.05679717883513381
664,Kenya,2023,0,0.21182086851522358
665,Tanzania,2017,0,0.0008900585235010596
666,Tanzania,2018,0,0.0015519912868748903
667,Tanzania,2019,0,0.0008900585235010596
668,Tanzania,2020,0,0.009306087678146915
669,Tanzania,2021,0,0.03958289837074307
670,Tanzania,2022,0,0.08489492195929862
671,Tanzania,2023,0,0.16885282504543114
672,Burundi,2017,0,0.1486092767676704
673,Burundi,2018,0,0.03457762540408465
674,Burundi,2019,0,0.039561125325265956
675,Burundi,2020,0,0.07264313259461952
676,Burundi,2021,0,0.05933057591432886
677,Burundi,2022,0,0.12269974400762745
678,Burundi,2023,0,0.19161978203684102
679,Rwanda,2017,0,0.007072772023628064
680,Rwanda,2018,0,0.006625448796610778
681,Rwanda,2019,0,0.009316488527397299
682,Rwanda,2020,0,0.012708838562594728
683,Rwanda,2021,0,0.02284232039810274
684,Rwanda,2022,0,0.10207774644277715
685,Rwanda,2023,0,0.15513373813135217
686,Somalia,2017,1,0.7370573531298164
687,Somalia,2018,1,0.6393154181517676
688,Somalia,2019,1,0.7031361714245878
689,Somalia,2020,1,0.6962241263763693
690,Somalia,2021,1,0.700893870494325
691,Somalia,2022,1,0.676720590394567
692,Somalia,2023,1,0.6099700533742165
693,Djibouti,2017,0,0.0036960646434357493
694,Djibouti,2018,0,0.0
695,Djibouti,2019,0,0.003110869342792072
696,Djibouti,2020,0,0.0
697,Djibouti,2021,0,4.23351879846385e-05
698,Djibouti,2022,0,0.014232477503786199
699,Djibouti,2023,0,0.06080628812455917
700,Ethiopia,2017,0,0.030515123439769108
701,Ethiopia,2018,0,0.10771072991004162
702,Ethiopia,2019,0,0.017555677499470342
703,Ethiopia,2020,1,0.08645297562413624
704,Ethiopia,2021,1,0.28601690618429476
705,Ethiopia,2022,1,0.3283567189692284
706,Ethiopia,2023,1,0.4776306677320906
707,Eritrea,2017,0,0.0017128184799829144
708,Eritrea,2018,0,0.0028628686529106246
709,Eritrea,2019,0,0.0028628686529106246
710,Eritrea,2020,0,0.16340825469676615
711,Eritrea,2021,0,0.18350933030107752
712,Eritrea,2022,0,0.03696475565759058
713,Eritrea,2023,0,0.1529051408712416
714,Angola,2017,0,0.0266071824097796
715,Angola,2018,0,0.013115853104667813
716,Angola,2019,0,0.01647020612605023
717,Angola,2020,0,0.021279501997733263
718,Angola,2021,0,0.015298545742986147
719,Angola,2022,0,0.03372583289188531
720,Angola,2023,0,0.1388610726265532
721,Mozambique,2017,0,0.00582793657756732
722,Mozambique,2018,0,0.00047967509650164266
723,Mozambique,2019,0,0.008753976160637696
724,Mozambique,2020,0,0.022505782849504184
725,Mozambique,2021,0,0.026404001261446763
726,Mozambique,2022,0,0.06237501991459829
727,Mozambique,2023,0,0.2815606457522607
728,Zambia,2017,0,0.007362033150783238
729,Zambia,2018,0,0.002938428334986847
730,Zambia,2019,0,0.0029279338495676837
731,Zambia,2020,0,0.0034076089460693265
732,Zambia,2021,0,0.004479925136442574
733,Zambia,2022,0,0.03158245679207986
734,Zambia,2023,0,0.11838131795694176
735,Zimbabwe,2017,0,1.614536218332806e-05
736,Zimbabwe,2018,0,0.005865533627670866
737,Zimbabwe,2019,0,0.0
738,Zimbabwe,2020,0,0.006019806616167978
739,Zimbabwe,2021,0,0.005636066538966663
740,Zimbabwe,2022,0,0.021065336506676288
741,Zimbabwe,2023,0,0.06738407763940994
742,Malawi,2017,0,0.007314008838964932
743,Malawi,2018,0,0.001448475211294066
744,Malawi,2019,0,0.001448475211294066
745,Malawi,2020,0,0.007084541750260729
746,Malawi,2021,0,0.007084541750260729
747,Malawi,2022,0,0.03779589551164874
748,Malawi,2023,0,0.10886779592242843
749,South Africa,2017,0,0.01810877035806338
750,South Africa,2018,0,0.01810877035806338
751,South Africa,2019,0,0.01810877035806338
752,South Africa,2020,0,0.01810877035806338
753,South Africa,2021,0,0.018049162990960526
754,South Africa,2022,0,0.05897282511896926
755,South Africa,2023,0,0.15986950054760743
756,Namibia,2017,0,0.00374124880778093
757,Namibia,2018,0,0.0008458475565417755
758,Namibia,2019,0,0.00234053971308034
759,Namibia,2020,0,0.0008458475565417755
760,Namibia,2021,0,0.0
761,Namibia,2022,0,0.03299734973322311
762,Namibia,2023,0,0.16445471491549854
763,Lesotho,2017,0,0.0035592231609512612
764,Lesotho,2018,0,0.0029169687131439036
765,Lesotho,2019,0,0.010285140735763722
766,Lesotho,2020,0,0.004688001044303228
767,Lesotho,2021,0,0.004688001044303228
768,Lesotho,2022,0,0.05125611721256159
769,Lesotho,2023,0,0.0742124607736126
770,Botswana,2017,0,0.0
771,Botswana,2018,0,0.0060100704827638195
772,Botswana,2019,0,0.016495354010066857
773,Botswana,2020,0,0.005636066538966663
774,Botswana,2021,0,0.005636066538966663
775,Botswana,2022,0,0.02204372758882578
776,Botswana,2023,0,0.11331553204605915
777,eSwatini,2017,0,0.0
778,eSwatini,2018,0,0.0
779,eSwatini,2019,0,0.0
780,eSwatini,2020,0,5.0407869076302535e-05
781,eSwatini,2021,0,0.005865533627670866
782,eSwatini,2022,0,0.02529549541299736
783,eSwatini,2023,0,0.060145718628403906
784,Madagascar,2017,0,0.006083389765983948
785,Madagascar,2018,0,0.009661975582122229
786,Madagascar,2019,0,0.00699202886724407
787,Madagascar,2020,0,0.005873635098893577
788,Madagascar,2021,0,0.0014593424880842436
789,Madagascar,2022,0,0.031592912986666825
790,Madagascar,2023,0,0.11253320128652994
791,Comoros,2017,0,0.0011928619387127602
792,Comoros,2018,0,0.004025909043155565
793,Comoros,2019,0,0.028478754300962635
794,Comoros,2020,0,0.028478754300962635
795,Comoros,2021,0,0.028191675821219068
796,Comoros,2022,0,0.048708898831214695
797,Comoros,2023,0,0.11261750259251148
798,Mauritius,2017,0,0.005636066538966663
799,Mauritius,2018,0,0.005636066538966663
800,Mauritius,2019,0,0.005636066538966663
801,Mauritius,2020,0,0.005652211901149991
802,Mauritius,2021,0,0.01150160016663753
803,Mauritius,2022,0,0.03819824808191061
804,Mauritius,2023,0,0.1082998901697666
805,Morocco,2017,0,0.0029007173306954954
806,Morocco,2018,0,0.0059056415261841445
807,Morocco,2019,0,0.011300630748998675
808,Morocco,2020,0,0.009700207647892388
809,Morocco,2021,0,0.013842969677466042
810,Morocco,2022,0,0.04165824028461492
811,Morocco,2023,0,0.1425944896127712
812,Algeria,2017,0,0.002775741775431943
813,Algeria,2018,0,0.0038963000055838902
814,Algeria,2019,0,0.03824475794386545
815,Algeria,2020,0,0.027439985042579006
816,Algeria,2021,0,0.03764590691456067
817,Algeria,2022,0,0.05706142691992731
818,Algeria,2023,0,0.20637825573454766
819,Tunisia,2017,0,0.07471504955951662
820,Tunisia,2018,0,0.004917102940876716
821,Tunisia,2019,0,0.0010420371472169363
822,Tunisia,2020,0,0.03193268811133855
823,Tunisia,2021,0,0.0020897556808977514
824,Tunisia,2022,0,0.03239072677424598
825,Tunisia,2023,0,0.11836460173376186
826,Libya,2017,0,0.48334678794766417
827,Libya,2018,0,0.3662623442636135
828,Libya,2019,1,0.3229538570612661
829,Libya,2020,0,0.513154027607275
830,Libya,2021,0,0.3757044674942057
831,Libya,2022,0,0.29623673816205925
832,Libya,2023,0,0.33881176088958187
833,Sudan,2017,0,0.6422791760316326
834,Sudan,2018,0,0.4553981576716201
835,Sudan,2019,0,0.4007577698764013
836,Sudan,2020,0,0.42925572891194413
837,Sudan,2021,0,0.564874324154473
838,Sudan,2022,0,0.5484861264266467
839,Sudan,2023,1,0.5325271770192428
840,South Sudan,2017,0,0.2464755823337795
841,South Sudan,2018,0,0.25493100779652167
842,South Sudan,2019,0,0.23108232007796176
843,South Sudan,2020,0,0.21928792794820662
844,South Sudan,2021,0,0.2825187944346892
845,South Sudan,2022,0,0.2428404735315658
846,South Sudan,2023,0,0.28012918897562206
847,Iran,2017,0,0.028366494814214948
848,Iran,2018,0,0.03046964169566203
849,Iran,2019,0,0.06514187106689832
850,Iran,2020,0,0.07823300390892231
851,Iran,2021,0,0.06856519725241086
852,Iran,2022,0,0.19918227803094438
853,Iran,2023,0,0.2607877466862151
854,Turkey,2017,0,0.4325980751167381
855,Turkey,2018,0,0.2548321170900629
856,Turkey,2019,0,0.24057443717973323
857,Turkey,2020,0,0.2434435943838968
858,Turkey,2021,0,0.2373605158174751
859,Turkey,2022,0,0.19444925763584636
860,Turkey,2023,0,0.13505738384036364
861,Iraq,2017,1,0.833856405380236
862,Iraq,2018,1,0.7982473200533913
863,Iraq,2019,0,0.8185781579894762
864,Iraq,2020,0,0.6629323896715449
865,Iraq,2021,0,0.6060647826579304
866,Iraq,2022,0,0.5743295123272212
867,Iraq,2023,0,0.4561918528582116
868,Egypt,2017,0,0.002504485874888169
869,Egypt,2018,0,0.005708114678250306
870,Egypt,2019,0,0.03549712663723612
871,Egypt,2020,0,0.03678301364917957
872,Egypt,2021,0,0.011554367576315937
873,Egypt,2022,0,0.045270142946925725
874,Egypt,2023,0,0.13924008735003615
875,Syria,2017,1,0.7696230029447574
876,Syria,2018,1,0.768807864319897
877,Syria,2019,1,0.6186318481838318
878,Syria,2020,1,0.7772040689244823
879,Syria,2021,1,0.7375347617811504
880,Syria,2022,0,0.6755251515156043
881,Syria,2023,1,0.4105727117836365
882,Lebanon,2017,0,0.013970604991110823
883,Lebanon,2018,0,0.01262757625937881
884,Lebanon,2019,0,0.02287896272320552
885,Lebanon,2020,0,0.02043828627523704
886,Lebanon,2021,0,0.024911105091369512
887,Lebanon,2022,0,0.04465038522634311
888,Lebanon,2023,0,0.19634795968939697
889,Jordan,2017,0,0.004454856315532255
890,Jordan,2018,0,0.0019448086789297574
891,Jordan,2019,0,0.001418437546082225
892,Jordan,2020,0,0.001418437546082225
893,Jordan,2021,0,0.0016553726956455156
894,Jordan,2022,0,0.027528148462193456
895,Jordan,2023,0,0.08469159412400017
896,Israel,2017,0,0.060005974197978935
897,Israel,2018,0,0.07830832944745127
898,Israel,2019,0,0.06355408324848584
899,Israel,2020,0,0.04854531578100045
900,Israel,2021,0,0.20192339075405186
901,Israel,2022,0,0.2805808973629484
902,Israel,2023,1,0.25760102460786233
903,Saudi Arabia,2017,0,0.00021258748863043698
904,Saudi Arabia,2018,0,0.0020543528237953936
905,Saudi Arabia,2019,0,0.001890257233604841
906,Saudi Arabia,2020,0,0.001890257233604841
907,Saudi Arabia,2021,0,0.0031770247761462134
908,Saudi Arabia,2022,0,0.0358018519577806
909,Saudi Arabia,2023,0,0.13792659381207195
910,Yemen (North Yemen),2017,1,0.666184923932637
911,Yemen (North Yemen),2018,1,0.583759779240588
912,Yemen (North Yemen),2019,1,0.6299483429376022
913,Yemen (North Yemen),2020,1,0.6074649062362328
914,Yemen (North Yemen),2021,1,0.5967789697771051
915,Yemen (North Yemen),2022,1,0.590115135198864
916,Yemen (North Yemen),2023,0,0.5470008121720088
917,Kuwait,2017,0,0.007928785160395063
918,Kuwait,2018,0,0.008082704279876124
919,Kuwait,2019,0,0.002848426611243139
920,Kuwait,2020,0,0.006544705640226784
921,Kuwait,2021,0,0.006802544059821122
922,Kuwait,2022,0,0.030600316116857165
923,Kuwait,2023,0,0.06985257428430584
924,Bahrain,2017,0,0.006880670987576652
925,Bahrain,2018,0,0.006869533982642028
926,Bahrain,2019,0,0.006749615208516618
927,Bahrain,2020,0,0.006709642283808147
928,Bahrain,2021,0,0.0028628686529106246
929,Bahrain,2022,0,0.02481029050694167
930,Bahrain,2023,0,0.06495826826744222
931,Qatar,2017,0,0.0026408553698241168
932,Qatar,2018,0,0.0026297183648894946
933,Qatar,2019,0,0.006208304181027775
934,Qatar,2020,0,0.0026297183648894946
935,Qatar,2021,0,0.00624256668792075
936,Qatar,2022,0,0.027158047976163117
937,Qatar,2023,0,0.07368537582267763
938,United Arab Emirates,2017,0,0.000869636127493048
939,United Arab Emirates,2018,0,0.0008584991225584258
940,United Arab Emirates,2019,0,0.0008584991225584258
941,United Arab Emirates,2020,0,0.0008584991225584258
942,United Arab Emirates,2021,0,0.0008927616294514003
943,United Arab Emirates,2022,0,0.02144399400426541
944,United Arab Emirates,2023,0,0.07117113527209318
945,Oman,2017,0,0.029571278122206047
946,Oman,2018,0,0.028091670525148875
947,Oman,2019,0,0.028091670525148875
948,Oman,2020,0,0.029571278122206047
949,Oman,2021,0,0.02812593303204185
950,Oman,2022,0,0.06870943557167913
951,Oman,2023,0,0.10109373942056185
952,Afghanistan,2017,1,0.8511130911707627
953,Afghanistan,2018,1,0.8093753789781162
954,Afghanistan,2019,1,0.8518291682324352
955,Afghanistan,2020,1,0.7938101270776343
956,Afghanistan,2021,1,0.7506289682121392
957,Afghanistan,2022,0,0.7367974006492104
958,Afghanistan,2023,0,0.5835770609119336
959,Turkmenistan,2017,0,0.004804857848830192
960,Turkmenistan,2018,0,0.00011784192326902896
961,Turkmenistan,2019,0,0.030188768380629005
962,Turkmenistan,2020,0,0.030228779604215043
963,Turkmenistan,2021,0,0.032571029952958144
964,Turkmenistan,2022,0,0.05502744420288878
965,Turkmenistan,2023,0,0.12410758747756691
966,Tajikistan,2017,0,0.04690602609910471
967,Tajikistan,2018,0,0.04957614336341672
968,Tajikistan,2019,0,0.05068111356921631
969,Tajikistan,2020,0,0.04746778970358918
970,Tajikistan,2021,0,0.041924705773196506
971,Tajikistan,2022,0,0.10446912865879601
972,Tajikistan,2023,0,0.12450049256621469
973,Kyrgyzstan,2017,0,0.00703320062286192
974,Kyrgyzstan,2018,0,0.00703320062286192
975,Kyrgyzstan,2019,0,0.0013971340838952566
976,Kyrgyzstan,2020,0,0.0013971340838952566
977,Kyrgyzstan,2021,0,0.00703320062286192
978,Kyrgyzstan,2022,0,0.026946010808566435
979,Kyrgyzstan,2023,0,0.051911602395242104
980,Uzbekistan,2017,0,0.008358850569803452
981,Uzbekistan,2018,0,0.005742302152150867
982,Uzbekistan,2019,0,0.009598616224338538
983,Uzbekistan,2020,0,0.005882583622938777
984,Uzbekistan,2021,0,0.007255001036924095
985,Uzbekistan,2022,0,0.04022197531052834
986,Uzbekistan,2023,0,0.11232202854870799
987,Kazakhstan,2017,0,0.0
988,Kazakhstan,2018,0,0.0
989,Kazakhstan,2019,0,0.0
990,Kazakhstan,2020,0,0.0
991,Kazakhstan,2021,0,0.0
992,Kazakhstan,2022,0,0.02431643898161465
993,Kazakhstan,2023,0,0.10171886941441798
994,China,2017,0,0.028698752047529474
995,China,2018,0,0.028698752047529474
996,China,2019,0,0.028698752047529474
997,China,2020,0,0.028698752047529474
998,China,2021,0,0.028698752047529474
999,China,2022,0,0.05423277516063432
1000,China,2023,0,0.13219134008324324
1001,Mongolia,2017,0,0.005679915874896383
1002,Mongolia,2018,0,0.0
1003,Mongolia,2019,0,0.0
1004,Mongolia,2020,0,0.005636066538966663
1005,Mongolia,2021,0,0.005636066538966663
1006,Mongolia,2022,0,0.0297482730977411
1007,Mongolia,2023,0,0.10084000011640779
1008,South Korea,2017,0,0.004140152982203486
1009,South Korea,2018,0,0.010352575504799991
1010,South Korea,2019,0,0.008838558428741487
1011,South Korea,2020,0,0.011423475890125732
1012,South Korea,2021,0,0.004328164645285933
1013,South Korea,2022,0,0.02082554489342075
1014,South Korea,2023,0,0.03152395583035128
1015,Japan,2017,0,0.0016720515893675458
1016,Japan,2018,0,0.0016720515893675458
1017,Japan,2019,0,0.0016720515893675458
1018,Japan,2020,0,0.0016720515893675458
1019,Japan,2021,0,0.0016720515893675458
1020,Japan,2022,0,0.008400490050814552
1021,Japan,2023,0,0.02970938409918972
1022,India,2017,0,0.07408939665660659
1023,India,2018,0,0.1082362856129406
1024,India,2019,0,0.07028279425217392
1025,India,2020,0,0.05664073238923678
1026,India,2021,0,0.056341830016488625
1027,India,2022,0,0.08279347207339467
1028,India,2023,0,0.16029049031773918
1029,Bhutan,2017,0,0.017470754938029992
1030,Bhutan,2018,0,0.00847976419643369
1031,Bhutan,2019,0,0.002853238098757175
1032,Bhutan,2020,0,0.0017349300312139624
1033,Bhutan,2021,0,0.003467803250660524
1034,Bhutan,2022,0,0.001821444030624641
1035,Bhutan,2023,0,0.019626525991654365
1036,Pakistan,2017,0,0.4267358531257863
1037,Pakistan,2018,0,0.4841801094774583
1038,Pakistan,2019,0,0.47124664673859396
1039,Pakistan,2020,0,0.3728243739382125
1040,Pakistan,2021,0,0.3354139464772463
1041,Pakistan,2022,0,0.3806892293810887
1042,Pakistan,2023,1,0.3088032684810117
1043,Bangladesh,2017,0,0.010105760906271214
1044,Bangladesh,2018,0,0.01281824232587587
1045,Bangladesh,2019,0,0.010700867108272609
1046,Bangladesh,2020,0,0.00972101623004427
1047,Bangladesh,2021,0,0.019949191744892063
1048,Bangladesh,2022,0,0.029137159574399267
1049,Bangladesh,2023,0,0.07447376337119557
1050,Myanmar (Burma),2017,0,0.003388209896407949
1051,Myanmar (Burma),2018,0,0.002973539179155974
1052,Myanmar (Burma),2019,0,0.029409436217109487
1053,Myanmar (Burma),2020,0,0.02472779710440966
1054,Myanmar (Burma),2021,1,0.2537321887234996
1055,Myanmar (Burma),2022,1,0.4654766740004261
1056,Myanmar (Burma),2023,1,0.5336295131403688
1057,Sri Lanka,2017,0,0.030032244240744098
1058,Sri Lanka,2018,0,0.07662766462485404
1059,Sri Lanka,2019,0,0.027185610290205716
1060,Sri Lanka,2020,0,0.02977815036668231
1061,Sri Lanka,2021,0,0.02633247963007511
1062,Sri Lanka,2022,0,0.07158169398741518
1063,Sri Lanka,2023,0,0.08846040908249456
1064,Maldives,2017,0,0.005652211901149991
1065,Maldives,2018,0,0.01150160016663753
1066,Maldives,2019,0,0.011272133077933327
1067,Maldives,2020,0,0.011272133077933327
1068,Maldives,2021,0,0.007425359447035804
1069,Maldives,2022,0,0.024155248137482273
1070,Maldives,2023,0,0.0635248486333613
1071,Nepal,2017,0,0.0187275888884841
1072,Nepal,2018,0,0.026749379304876288
1073,Nepal,2019,0,0.030503742545609287
1074,Nepal,2020,0,0.03565208206465806
1075,Nepal,2021,0,0.027234853186406834
1076,Nepal,2022,0,0.04152017010196482
1077,Nepal,2023,0,0.05095166954743814
1078,Thailand,2017,0,0.0014264623666913894
1079,Thailand,2018,0,0.0014264623666913894
1080,Thailand,2019,0,0.004366015001376405
1081,Thailand,2020,0,0.00543959074621789
1082,Thailand,2021,0,0.005183977473636584
1083,Thailand,2022,0,0.0455216555677208
1084,Thailand,2023,0,0.08186989023789279
1085,Cambodia (Kampuchea),2017,0,0.0006423443430652192
1086,Cambodia (Kampuchea),2018,0,0.001275561865861528
1087,Cambodia (Kampuchea),2019,0,0.0018614588914739694
1088,Cambodia (Kampuchea),2020,0,0.006232497508323043
1089,Cambodia (Kampuchea),2021,0,0.006232497508323043
1090,Cambodia (Kampuchea),2022,0,0.016002940477480663
1091,Cambodia (Kampuchea),2023,0,0.05714261267885918
1092,Laos,2017,0,0.003524398887297797
1093,Laos,2018,0,0.003524398887297797
1094,Laos,2019,0,0.005946909318163247
1095,Laos,2020,0,0.006044817368847741
1096,Laos,2021,0,0.005267778421658099
1097,Laos,2022,0,0.0182232040700518
1098,Laos,2023,0,0.05233174596031495
1099,Vietnam,2017,0,0.002488569298209287
1100,Vietnam,2018,0,0.002488569298209287
1101,Vietnam,2019,0,0.00875785335997226
1102,Vietnam,2020,0,0.008855761410656752
1103,Vietnam,2021,0,0.008078722463467112
1104,Vietnam,2022,0,0.024841982886722798
1105,Vietnam,2023,0,0.06745054304863242
1106,Malaysia,2017,0,0.00023756855992691352
1107,Malaysia,2018,0,0.00011737280703238801
1108,Malaysia,2019,0,0.003914194232105934
1109,Malaysia,2020,0,0.0006423443430652192
1110,Malaysia,2021,0,4.591337370883917e-05
1111,Malaysia,2022,0,0.009674990169477867
1112,Malaysia,2023,0,0.0526488767000506
1113,Singapore,2017,0,0.006027377072567124
1114,Singapore,2018,0,0.011876765338054662
1115,Singapore,2019,0,0.006011231710383796
1116,Singapore,2020,0,0.006011231710383796
1117,Singapore,2021,0,0.006011231710383796
1118,Singapore,2022,0,0.03480342883581873
1119,Singapore,2023,0,0.0645847673173385
1120,Philippines,2017,1,0.01732728546315675
1121,Philippines,2018,0,0.22458625452806064
1122,Philippines,2019,0,0.026330824365605427
1123,Philippines,2020,0,0.03239360209721895
1124,Philippines,2021,0,0.06863559422010937
1125,Philippines,2022,0,0.11790482142124774
1126,Philippines,2023,0,0.1448335290159576
1127,Indonesia,2017,0,0.00174241366073671
1128,Indonesia,2018,0,0.004160176377131173
1129,Indonesia,2019,0,0.004105080328680566
1130,Indonesia,2020,0,0.004105080328680566
1131,Indonesia,2021,0,0.0055134778327517306
1132,Indonesia,2022,0,0.03263457551175194
1133,Indonesia,2023,0,0.11796502622254716
1134,East Timor,2017,0,0.010417263646201415
1135,East Timor,2018,0,0.012206556554270555
1136,East Timor,2019,0,0.011311910100235984
1137,East Timor,2020,0,0.011311910100235984
1138,East Timor,2021,0,0.011311910100235984
1139,East Timor,2022,0,0.019912551928679148
1140,East Timor,2023,0,0.0722965671420716
1141,Australia,2017,0,0.00019881032311879336
1142,Australia,2018,0,0.00019881032311879336
1143,Australia,2019,0,0.0011622757351560226
1144,Australia,2020,0,0.00019881032311879336
1145,Australia,2021,0,0.0016898877465097437
1146,Australia,2022,0,0.02589698105040906
1147,Australia,2023,0,0.10164779022593187
1148,Papua New Guinea,2017,0,0.0017892929080691403
1149,Papua New Guinea,2018,0,0.0017892929080691403
1150,Papua New Guinea,2019,0,0.0017892929080691403
1151,Papua New Guinea,2020,0,0.0017892929080691403
1152,Papua New Guinea,2021,0,0.0018004299130037625
1153,Papua New Guinea,2022,0,0.009063039684356268
1154,Papua New Guinea,2023,0,0.07348602779342599
1155,New Zealand,2017,0,0.0
1156,New Zealand,2018,0,0.0
1157,New Zealand,2019,0,0.0
1158,New Zealand,2020,0,0.0
1159,New Zealand,2021,0,0.0
1160,New Zealand,2022,0,0.009237708753953492
1161,New Zealand,2023,0,0.017015854797823603
1162,Solomon Islands,2017,0,0.0
1163,Solomon Islands,2018,0,0.0
1164,Solomon Islands,2019,0,0.0
1165,Solomon Islands,2020,0,0.0
1166,Solomon Islands,2021,0,0.0
1167,Solomon Islands,2022,0,0.009799283367957878
1168,Solomon Islands,2023,0,0.06516504118522999
1169,Fiji,2017,0,0.0005343027433817571
1170,Fiji,2018,0,0.0005343027433817571
1171,Fiji,2019,0,0.0005343027433817571
1172,Fiji,2020,0,0.0014609008564889904
1173,Fiji,2021,0,0.0005343027433817571
1174,Fiji,2022,0,0.017745540042348282
1175,Fiji,2023,0,0.0719702242598945
