,country,year,d_sb,preds_proba
0,United States of America,2017,0,0.04232161766638537
1,United States of America,2018,0,0.0663004399466119
2,United States of America,2019,0,0.0647128493083409
3,United States of America,2020,0,0.06208180385724009
4,United States of America,2021,0,0.07813493034154206
5,United States of America,2022,0,0.1016590839927394
6,United States of America,2023,0,0.1431669191252428
7,Canada,2017,0,0.004001977992583606
8,Canada,2018,0,0.004594186994280094
9,Canada,2019,0,0.005573382181557426
10,Canada,2020,0,0.013179611788477288
11,Canada,2021,0,0.020199799956373533
12,Canada,2022,0,0.05692439087091112
13,Canada,2023,0,0.06073294940417674
14,Cuba,2017,0,0.006410861249850761
15,Cuba,2018,0,0.011829192093011243
16,Cuba,2019,0,0.01333584951576744
17,Cuba,2020,0,0.01720059868388333
18,Cuba,2021,0,0.027010029010986824
19,Cuba,2022,0,0.05391254776706399
20,Cuba,2023,0,0.048038446672293546
21,Haiti,2017,0,0.055328832393234884
22,Haiti,2018,0,0.06191106975311236
23,Haiti,2019,0,0.09788658721403187
24,Haiti,2020,0,0.13214471808433642
25,Haiti,2021,0,0.14798932727861763
26,Haiti,2022,0,0.27667641319085345
27,Haiti,2023,0,0.29945782840330604
28,Dominican Republic,2017,0,0.02111774347546568
29,Dominican Republic,2018,0,0.02977960369132242
30,Dominican Republic,2019,0,0.042624686767156465
31,Dominican Republic,2020,0,0.06507850149977303
32,Dominican Republic,2021,0,0.07282680414092663
33,Dominican Republic,2022,0,0.17934414164378765
34,Dominican Republic,2023,0,0.1901899282925496
35,Jamaica,2017,0,0.005948539241446784
36,Jamaica,2018,0,0.011651435623311477
37,Jamaica,2019,0,0.013026308918392477
38,Jamaica,2020,0,0.010976161289149494
39,Jamaica,2021,0,0.011570826292375689
40,Jamaica,2022,0,0.028384509788906543
41,Jamaica,2023,0,0.05450597712525933
42,Trinidad and Tobago,2017,0,0.007684831212503532
43,Trinidad and Tobago,2018,0,0.008005552182455907
44,Trinidad and Tobago,2019,0,0.006382710095135016
45,Trinidad and Tobago,2020,0,0.012880669518373895
46,Trinidad and Tobago,2021,0,0.010115550303438551
47,Trinidad and Tobago,2022,0,0.13720324209974027
48,Trinidad and Tobago,2023,0,0.13154462892642674
49,Barbados,2017,0,0.006160916265333049
50,Barbados,2018,0,0.007293524644936126
51,Barbados,2019,0,0.010367147630019141
52,Barbados,2020,0,0.017417815678221146
53,Barbados,2021,0,0.004900397174718327
54,Barbados,2022,0,0.10756207262377976
55,Barbados,2023,0,0.1136069449067555
56,Mexico,2017,0,0.05721695975894897
57,Mexico,2018,0,0.06211277904701936
58,Mexico,2019,0,0.0842216849731998
59,Mexico,2020,0,0.0883172313946907
60,Mexico,2021,0,0.08726654868831234
61,Mexico,2022,0,0.11743925473343414
62,Mexico,2023,0,0.17197625791710502
63,Guatemala,2017,0,0.009427319381964514
64,Guatemala,2018,0,0.01046609564117548
65,Guatemala,2019,0,0.01684480620936716
66,Guatemala,2020,0,0.025340444131529673
67,Guatemala,2021,0,0.028128164343787142
68,Guatemala,2022,0,0.056869959687687224
69,Guatemala,2023,0,0.06820260067547233
70,Honduras,2017,0,0.009437256847116677
71,Honduras,2018,0,0.009788271805444606
72,Honduras,2019,0,0.01957869232377737
73,Honduras,2020,0,0.02912148591388833
74,Honduras,2021,0,0.032865380766348345
75,Honduras,2022,0,0.023739794396519714
76,Honduras,2023,0,0.041806141163257565
77,El Salvador,2017,0,0.03140943906497766
78,El Salvador,2018,0,0.040826489501718854
79,El Salvador,2019,0,0.036260087196254356
80,El Salvador,2020,0,0.06601206066272247
81,El Salvador,2021,0,0.0806656783474751
82,El Salvador,2022,0,0.15840703145790946
83,El Salvador,2023,0,0.1717965692501302
84,Nicaragua,2017,0,0.03222049648396176
85,Nicaragua,2018,0,0.12275750355807133
86,Nicaragua,2019,0,0.13584685728340617
87,Nicaragua,2020,0,0.08083518541536093
88,Nicaragua,2021,0,0.07772959060600537
89,Nicaragua,2022,0,0.2519246225064333
90,Nicaragua,2023,0,0.2624236429000029
91,Costa Rica,2017,0,0.00873148768403511
92,Costa Rica,2018,0,0.013277707770900676
93,Costa Rica,2019,0,0.007277365431047914
94,Costa Rica,2020,0,0.005346916694462316
95,Costa Rica,2021,0,0.0065024939561575575
96,Costa Rica,2022,0,0.006345947594077545
97,Costa Rica,2023,0,0.025717202783299496
98,Panama,2017,0,0.01524296452424245
99,Panama,2018,0,0.0429736384717526
100,Panama,2019,0,0.03524612024035762
101,Panama,2020,0,0.03905160406361711
102,Panama,2021,0,0.04324380501266367
103,Panama,2022,0,0.04470111453773411
104,Panama,2023,0,0.15038807759888137
105,Colombia,2017,1,0.88096916467325
106,Colombia,2018,1,0.825547264467531
107,Colombia,2019,1,0.7926828269714875
108,Colombia,2020,1,0.8011261207655244
109,Colombia,2021,1,0.82875089979281
110,Colombia,2022,1,0.7834043514455391
111,Colombia,2023,1,0.7634460864003982
112,Venezuela,2017,0,0.12365941363345931
113,Venezuela,2018,0,0.1304053249413798
114,Venezuela,2019,0,0.16397067336566967
115,Venezuela,2020,0,0.18723111959120975
116,Venezuela,2021,0,0.2031616502795121
117,Venezuela,2022,0,0.20259652527281416
118,Venezuela,2023,0,0.19794402310360498
119,Guyana,2017,0,0.020841441321890593
120,Guyana,2018,0,0.022985936779978237
121,Guyana,2019,0,0.028476378507267183
122,Guyana,2020,0,0.023996832007348767
123,Guyana,2021,0,0.03420033962668893
124,Guyana,2022,0,0.06180165280550463
125,Guyana,2023,0,0.11460069600806645
126,Suriname,2017,0,0.007906709875486535
127,Suriname,2018,0,0.01006560415363206
128,Suriname,2019,0,0.035939905017190035
129,Suriname,2020,0,0.014651418534082743
130,Suriname,2021,0,0.016773794819925913
131,Suriname,2022,0,0.09657899758464805
132,Suriname,2023,0,0.13453146540515795
133,Ecuador,2017,0,0.04577994177690167
134,Ecuador,2018,0,0.05252502265711553
135,Ecuador,2019,1,0.05995658082557532
136,Ecuador,2020,0,0.2895030916930141
137,Ecuador,2021,0,0.16661279532686052
138,Ecuador,2022,0,0.1745175080842481
139,Ecuador,2023,0,0.17688681235205517
140,Peru,2017,1,0.7742036098015475
141,Peru,2018,0,0.7294707775080462
142,Peru,2019,0,0.5697073350291958
143,Peru,2020,1,0.5674079257431085
144,Peru,2021,1,0.6947187224533612
145,Peru,2022,1,0.6568039321559433
146,Peru,2023,1,0.614498123557792
147,Brazil,2017,0,0.03725527367721265
148,Brazil,2018,0,0.0507639294057045
149,Brazil,2019,0,0.1176507241276128
150,Brazil,2020,0,0.10658276119660065
151,Brazil,2021,0,0.1115947811368386
152,Brazil,2022,0,0.1108611047960294
153,Brazil,2023,0,0.06548849680489462
154,Bolivia,2017,0,0.03707119894829485
155,Bolivia,2018,0,0.02920256519649684
156,Bolivia,2019,0,0.0357584359112567
157,Bolivia,2020,0,0.05382990494440315
158,Bolivia,2021,0,0.03133260557225375
159,Bolivia,2022,0,0.04694211823157236
160,Bolivia,2023,0,0.06587334116385282
161,Paraguay,2017,0,0.011848632652324512
162,Paraguay,2018,0,0.011992011995337799
163,Paraguay,2019,0,0.01409522959508449
164,Paraguay,2020,0,0.021490799366928357
165,Paraguay,2021,0,0.019608908393348973
166,Paraguay,2022,0,0.08836550861760648
167,Paraguay,2023,0,0.10408962636090593
168,Chile,2017,0,0.021548328809411987
169,Chile,2018,0,0.020815439244380438
170,Chile,2019,0,0.06812867834104844
171,Chile,2020,0,0.07378640888335858
172,Chile,2021,0,0.07527847048672413
173,Chile,2022,0,0.0794987052223623
174,Chile,2023,0,0.11245518600539534
175,Argentina,2017,0,0.01198590795435631
176,Argentina,2018,0,0.007562663856304468
177,Argentina,2019,0,0.012607979332868639
178,Argentina,2020,0,0.011670444675813886
179,Argentina,2021,0,0.03577349376752717
180,Argentina,2022,0,0.03429652821200119
181,Argentina,2023,0,0.05239743987970641
182,Uruguay,2017,0,0.005856691438813867
183,Uruguay,2018,0,0.010067522974427347
184,Uruguay,2019,0,0.011947646034039831
185,Uruguay,2020,0,0.00984038139885381
186,Uruguay,2021,0,0.021569647090439695
187,Uruguay,2022,0,0.03704982646277902
188,Uruguay,2023,0,0.03874683673908157
189,United Kingdom,2017,0,0.08058785738891971
190,United Kingdom,2018,0,0.12295854118491104
191,United Kingdom,2019,1,0.11450898532965455
192,United Kingdom,2020,0,0.11594517990187894
193,United Kingdom,2021,0,0.1545755559147399
194,United Kingdom,2022,0,0.14556219661129596
195,United Kingdom,2023,0,0.14012753070574616
196,Ireland,2017,0,0.017302605610486205
197,Ireland,2018,0,0.018117378178828893
198,Ireland,2019,0,0.018490393545425206
199,Ireland,2020,0,0.022181581555429146
200,Ireland,2021,0,0.022667190123528583
201,Ireland,2022,0,0.05593095171317145
202,Ireland,2023,0,0.05745821433932789
203,Netherlands,2017,0,0.025886780816131737
204,Netherlands,2018,0,0.04636032870624738
205,Netherlands,2019,0,0.033028979529295656
206,Netherlands,2020,0,0.02754931407616771
207,Netherlands,2021,0,0.028631393653366567
208,Netherlands,2022,0,0.04139144487508525
209,Netherlands,2023,0,0.040579342259965366
210,Belgium,2017,0,0.41217925371900715
211,Belgium,2018,1,0.4485950009990048
212,Belgium,2019,0,0.4439442434953519
213,Belgium,2020,0,0.24360142398669207
214,Belgium,2021,0,0.18516177235579165
215,Belgium,2022,0,0.19688942782544827
216,Belgium,2023,0,0.22837345129248693
217,Luxembourg,2017,0,0.014968343749011145
218,Luxembourg,2018,0,0.01345961115828861
219,Luxembourg,2019,0,0.017000497641959968
220,Luxembourg,2020,0,0.009443690674859699
221,Luxembourg,2021,0,0.01090083143458514
222,Luxembourg,2022,0,0.07581271169388999
223,Luxembourg,2023,0,0.08024323604485771
224,France,2017,1,0.24784906818995342
225,France,2018,1,0.15875922080651542
226,France,2019,0,0.2869045491427565
227,France,2020,0,0.25057434233116654
228,France,2021,0,0.20760945611108061
229,France,2022,0,0.23128888501969164
230,France,2023,0,0.24985710858736726
231,Switzerland,2017,0,0.0030930372873698908
232,Switzerland,2018,0,0.012560697694947744
233,Switzerland,2019,0,0.014118131064937032
234,Switzerland,2020,0,0.007370531396206758
235,Switzerland,2021,0,0.007787128031872427
236,Switzerland,2022,0,0.04498829842618317
237,Switzerland,2023,0,0.04546153068889214
238,Spain,2017,0,0.10853408515559637
239,Spain,2018,0,0.09697887458282703
240,Spain,2019,0,0.10366113294842935
241,Spain,2020,0,0.1495258059948117
242,Spain,2021,0,0.12666112527362314
243,Spain,2022,0,0.13916187587178513
244,Spain,2023,0,0.16599514421813605
245,Portugal,2017,0,0.01136726382646379
246,Portugal,2018,0,0.010880806432213105
247,Portugal,2019,0,0.017267247677416078
248,Portugal,2020,0,0.02074359082184693
249,Portugal,2021,0,0.025362439512717157
250,Portugal,2022,0,0.04957887974850208
251,Portugal,2023,0,0.05428606441565238
252,Germany,2017,0,0.04498249363039418
253,Germany,2018,0,0.08259520586307369
254,Germany,2019,0,0.08959007453827238
255,Germany,2020,0,0.03919164769828275
256,Germany,2021,0,0.038444775069786885
257,Germany,2022,0,0.1171197314778111
258,Germany,2023,0,0.12656895215949834
259,Poland,2017,0,0.0197081414897593
260,Poland,2018,0,0.018317975375355032
261,Poland,2019,0,0.02496276201252858
262,Poland,2020,0,0.02778357458613704
263,Poland,2021,0,0.022023144555085236
264,Poland,2022,0,0.07304058714535355
265,Poland,2023,0,0.06988022849896884
266,Austria,2017,0,0.007375457961579683
267,Austria,2018,0,0.009453958948589403
268,Austria,2019,0,0.0123496320534678
269,Austria,2020,0,0.011384407685175001
270,Austria,2021,0,0.013610960922608844
271,Austria,2022,0,0.062306135474596354
272,Austria,2023,0,0.060690250058161435
273,Hungary,2017,0,0.008872686390887521
274,Hungary,2018,0,0.01669318283751266
275,Hungary,2019,0,0.019159822349579823
276,Hungary,2020,0,0.021612629226642793
277,Hungary,2021,0,0.027296701976322835
278,Hungary,2022,0,0.040187933686114
279,Hungary,2023,0,0.04628214459949874
280,Czechia,2017,0,0.0019401267268735018
281,Czechia,2018,0,0.0009974230384070788
282,Czechia,2019,0,0.0009959602879681324
283,Czechia,2020,0,0.010250924768958909
284,Czechia,2021,0,0.002320464927237744
285,Czechia,2022,0,0.03261415266210861
286,Czechia,2023,0,0.03700956061961247
287,Slovakia,2017,0,0.005930271384079905
288,Slovakia,2018,0,0.007994176841220235
289,Slovakia,2019,0,0.00726368967386898
290,Slovakia,2020,0,0.01583845211523186
291,Slovakia,2021,0,0.016982371698404185
292,Slovakia,2022,0,0.053729867518388395
293,Slovakia,2023,0,0.053952290535236244
294,Italy,2017,0,0.00678761397877716
295,Italy,2018,0,0.01610754992880339
296,Italy,2019,0,0.0221184308307479
297,Italy,2020,0,0.007816818282291868
298,Italy,2021,0,0.007738401764092479
299,Italy,2022,0,0.060492908257780004
300,Italy,2023,0,0.0519201260005649
301,Malta,2017,0,0.024797115989534525
302,Malta,2018,0,0.025783904961643806
303,Malta,2019,0,0.023106398102687848
304,Malta,2020,0,0.022025363932202738
305,Malta,2021,0,0.015820759948516977
306,Malta,2022,0,0.16185460364383156
307,Malta,2023,0,0.16243045401752712
308,Albania,2017,0,0.02370495561069152
309,Albania,2018,0,0.020093576399470965
310,Albania,2019,0,0.021034440018588157
311,Albania,2020,0,0.0416084444706227
312,Albania,2021,0,0.04501849048319755
313,Albania,2022,0,0.17647635057810335
314,Albania,2023,0,0.18392020400671866
315,Serbia,2017,0,0.021602221410844807
316,Serbia,2018,0,0.03543772485332093
317,Serbia,2019,0,0.030874723894759842
318,Serbia,2020,0,0.035690500921809296
319,Serbia,2021,0,0.044207208839422
320,Serbia,2022,0,0.15588826928278926
321,Serbia,2023,0,0.07861081927063955
322,Montenegro,2017,0,0.015734642838758618
323,Montenegro,2018,0,0.02414249015204521
324,Montenegro,2019,0,0.03323658193105117
325,Montenegro,2020,0,0.03548256471422899
326,Montenegro,2021,0,0.028298906523438933
327,Montenegro,2022,0,0.027675451896304385
328,Montenegro,2023,0,0.033277324631324684
329,North Macedonia,2017,0,0.03465432017948066
330,North Macedonia,2018,0,0.04776015817872446
331,North Macedonia,2019,0,0.03476662798959594
332,North Macedonia,2020,0,0.046155774002827527
333,North Macedonia,2021,0,0.043147519238096815
334,North Macedonia,2022,0,0.04172959869370997
335,North Macedonia,2023,0,0.043517183579511884
336,Croatia,2017,0,0.008944868077092005
337,Croatia,2018,0,0.005846055166959123
338,Croatia,2019,0,0.007960281617498077
339,Croatia,2020,0,0.019002518826436297
340,Croatia,2021,0,0.015910880008980915
341,Croatia,2022,0,0.050031083977716787
342,Croatia,2023,0,0.0556541265922265
343,Bosnia-Herzegovina,2017,0,0.018258327716594896
344,Bosnia-Herzegovina,2018,0,0.029979593789141182
345,Bosnia-Herzegovina,2019,0,0.024866896066145394
346,Bosnia-Herzegovina,2020,0,0.03519397051312623
347,Bosnia-Herzegovina,2021,0,0.04274232985922205
348,Bosnia-Herzegovina,2022,0,0.2165299805329528
349,Bosnia-Herzegovina,2023,0,0.21991539548091582
350,Slovenia,2017,0,0.007891661617025685
351,Slovenia,2018,0,0.008220160797661512
352,Slovenia,2019,0,0.011344508479120762
353,Slovenia,2020,0,0.02126080481941066
354,Slovenia,2021,0,0.02214652642913517
355,Slovenia,2022,0,0.016524563588722837
356,Slovenia,2023,0,0.028781268338548407
357,Greece,2017,0,0.04470347871300813
358,Greece,2018,0,0.04500512952166115
359,Greece,2019,0,0.04707223669108955
360,Greece,2020,0,0.03859631868244278
361,Greece,2021,0,0.045945080046776096
362,Greece,2022,0,0.05491079549949186
363,Greece,2023,0,0.049403674118532796
364,Cyprus,2017,0,0.004480321033012119
365,Cyprus,2018,0,0.009155327468551
366,Cyprus,2019,0,0.01367150940539695
367,Cyprus,2020,0,0.015061654693221196
368,Cyprus,2021,0,0.011750716848712525
369,Cyprus,2022,0,0.022129891660923152
370,Cyprus,2023,0,0.019345130591133082
371,Bulgaria,2017,0,0.008204019313124035
372,Bulgaria,2018,0,0.01445554342761586
373,Bulgaria,2019,0,0.019003632256172402
374,Bulgaria,2020,0,0.016203202049877168
375,Bulgaria,2021,0,0.016982432777878788
376,Bulgaria,2022,0,0.044265001614793485
377,Bulgaria,2023,0,0.046761016659581295
378,Moldova,2017,0,0.04931870577876365
379,Moldova,2018,0,0.05775789172264698
380,Moldova,2019,0,0.059724670782785275
381,Moldova,2020,0,0.07309299071714531
382,Moldova,2021,0,0.06531670477167453
383,Moldova,2022,0,0.06830595057309893
384,Moldova,2023,0,0.08479626811580732
385,Romania,2017,0,0.014805778106441047
386,Romania,2018,0,0.021809902374175957
387,Romania,2019,0,0.022653479204656973
388,Romania,2020,0,0.04170928578430182
389,Romania,2021,0,0.0359646677849198
390,Romania,2022,0,0.05293688743153206
391,Romania,2023,0,0.0437960588912397
392,Russia (Soviet Union),2017,1,0.8560356677729961
393,Russia (Soviet Union),2018,1,0.8235138982885306
394,Russia (Soviet Union),2019,1,0.8093544154880321
395,Russia (Soviet Union),2020,1,0.8168788074338089
396,Russia (Soviet Union),2021,1,0.8360407465759674
397,Russia (Soviet Union),2022,1,0.789900779855195
398,Russia (Soviet Union),2023,1,0.7619068617702645
399,Estonia,2017,0,0.007079186220997511
400,Estonia,2018,0,0.007615721331074023
401,Estonia,2019,0,0.007698442609615785
402,Estonia,2020,0,0.00884961084160411
403,Estonia,2021,0,0.01269484983875157
404,Estonia,2022,0,0.023226288330679527
405,Estonia,2023,0,0.032604437282727494
406,Latvia,2017,0,0.003653328293848266
407,Latvia,2018,0,0.006240804275327801
408,Latvia,2019,0,0.007391392679244395
409,Latvia,2020,0,0.007085490722783958
410,Latvia,2021,0,0.009993454120465668
411,Latvia,2022,0,0.020615818290060206
412,Latvia,2023,0,0.07332728422999454
413,Lithuania,2017,0,0.005058647860590736
414,Lithuania,2018,0,0.0037634357343643986
415,Lithuania,2019,0,0.0039813487433735355
416,Lithuania,2020,0,0.008468239031698382
417,Lithuania,2021,0,0.0088811048067047
418,Lithuania,2022,0,0.06451983530498263
419,Lithuania,2023,0,0.07124225880170218
420,Ukraine,2017,1,0.7461666518407966
421,Ukraine,2018,1,0.6785114678461605
422,Ukraine,2019,1,0.6762976204070442
423,Ukraine,2020,1,0.664941908083558
424,Ukraine,2021,1,0.6314268669764425
425,Ukraine,2022,1,0.640366520672166
426,Ukraine,2023,0,0.6530131112407308
427,Belarus,2017,0,0.02642911153876586
428,Belarus,2018,0,0.02715818935396534
429,Belarus,2019,0,0.028780440967152075
430,Belarus,2020,0,0.0957026093557481
431,Belarus,2021,0,0.09089454728815945
432,Belarus,2022,0,0.21123088013011684
433,Belarus,2023,0,0.2119999040011152
434,Armenia,2017,0,0.6352793618017923
435,Armenia,2018,1,0.367548343672464
436,Armenia,2019,1,0.5317089783944992
437,Armenia,2020,1,0.5564686681828356
438,Armenia,2021,1,0.5732766535460185
439,Armenia,2022,1,0.5371687362291829
440,Armenia,2023,1,0.5936874108439707
441,Georgia,2017,0,0.043281355025229076
442,Georgia,2018,0,0.059461613505060976
443,Georgia,2019,0,0.05042681018137291
444,Georgia,2020,0,0.05334537786572442
445,Georgia,2021,0,0.05979145665136073
446,Georgia,2022,0,0.06133966612274001
447,Georgia,2023,0,0.05648239211305257
448,Azerbaijan,2017,1,0.8481506645151604
449,Azerbaijan,2018,1,0.8102924635094453
450,Azerbaijan,2019,1,0.8285392190978638
451,Azerbaijan,2020,1,0.8402026233163341
452,Azerbaijan,2021,1,0.7841945485553174
453,Azerbaijan,2022,1,0.7208415503930907
454,Azerbaijan,2023,1,0.7335279544546099
455,Finland,2017,0,0.005547598545515691
456,Finland,2018,0,0.007478047282101289
457,Finland,2019,0,0.005178522518663213
458,Finland,2020,0,0.004959328883563038
459,Finland,2021,0,0.005924553251855837
460,Finland,2022,0,0.04710866222235674
461,Finland,2023,0,0.09296273664811593
462,Sweden,2017,0,0.002533656712341154
463,Sweden,2018,0,0.003027164213754893
464,Sweden,2019,0,0.002533656712341154
465,Sweden,2020,0,0.004464105448926752
466,Sweden,2021,0,0.005429329817219551
467,Sweden,2022,0,0.061088280727402425
468,Sweden,2023,0,0.09808425108270788
469,Norway,2017,0,0.0064439055099670545
470,Norway,2018,0,0.007409129878259854
471,Norway,2019,0,0.0064439055099670545
472,Norway,2020,0,0.012235251719723849
473,Norway,2021,0,0.015130924824602246
474,Norway,2022,0,0.0859577579897627
475,Norway,2023,0,0.08949486281006497
476,Denmark,2017,0,0.00530800764674093
477,Denmark,2018,0,0.0057911719786518465
478,Denmark,2019,0,0.002638594880180387
479,Denmark,2020,0,0.0034224241893788844
480,Denmark,2021,0,0.0024495912940880665
481,Denmark,2022,0,0.020726971327319512
482,Denmark,2023,0,0.02462990952487005
483,Iceland,2017,0,0.01061416685276598
484,Iceland,2018,0,0.01078720554554112
485,Iceland,2019,0,0.014841537367281945
486,Iceland,2020,0,0.015644020390430877
487,Iceland,2021,0,0.007051170172688164
488,Iceland,2022,0,0.11760409819830499
489,Iceland,2023,0,0.11871968011447293
490,Cabo Verde,2017,0,0.023627112534906153
491,Cabo Verde,2018,0,0.030486433516165763
492,Cabo Verde,2019,0,0.035951149663002266
493,Cabo Verde,2020,0,0.04146010340619156
494,Cabo Verde,2021,0,0.04393410117520541
495,Cabo Verde,2022,0,0.05062437260409291
496,Cabo Verde,2023,0,0.06253727818547519
497,Guinea-Bissau,2017,0,0.01361529577700057
498,Guinea-Bissau,2018,0,0.02560800614883353
499,Guinea-Bissau,2019,0,0.024654390418493932
500,Guinea-Bissau,2020,0,0.09644050657881895
501,Guinea-Bissau,2021,0,0.07092950376158848
502,Guinea-Bissau,2022,0,0.06440808264495457
503,Guinea-Bissau,2023,0,0.07607605844080491
504,Equatorial Guinea,2017,0,0.040790370505340415
505,Equatorial Guinea,2018,0,0.05146285139677863
506,Equatorial Guinea,2019,0,0.0583574012642076
507,Equatorial Guinea,2020,0,0.07447726240133276
508,Equatorial Guinea,2021,0,0.06988899703269734
509,Equatorial Guinea,2022,0,0.104619069998496
510,Equatorial Guinea,2023,0,0.12824308486068006
511,Gambia,2017,0,0.03976363022534713
512,Gambia,2018,0,0.034131089947325145
513,Gambia,2019,0,0.030681938590344536
514,Gambia,2020,0,0.03843442422132768
515,Gambia,2021,0,0.042675457532250896
516,Gambia,2022,0,0.08081620594004602
517,Gambia,2023,0,0.09897414231248927
518,Mali,2017,1,0.901262538947044
519,Mali,2018,1,0.8783557298392031
520,Mali,2019,1,0.859970808550947
521,Mali,2020,1,0.8296525824983632
522,Mali,2021,1,0.804890002908864
523,Mali,2022,1,0.7845451011644017
524,Mali,2023,1,0.7347693217321756
525,Senegal,2017,0,0.18054533488314836
526,Senegal,2018,0,0.14534726558747021
527,Senegal,2019,0,0.12737206283091523
528,Senegal,2020,0,0.11875775062902585
529,Senegal,2021,0,0.11955172095542085
530,Senegal,2022,0,0.14713425495756507
531,Senegal,2023,0,0.18281285068130965
532,Benin,2017,0,0.032402516792004274
533,Benin,2018,0,0.03878917790247333
534,Benin,2019,0,0.048075900935469526
535,Benin,2020,1,0.05500324042399314
536,Benin,2021,1,0.27337834183957
537,Benin,2022,1,0.2772291627216129
538,Benin,2023,1,0.2504181446716722
539,Mauritania,2017,0,0.11790681062836247
540,Mauritania,2018,0,0.10825956263781031
541,Mauritania,2019,0,0.13307998624797152
542,Mauritania,2020,0,0.19138928486250179
543,Mauritania,2021,0,0.19236559662696787
544,Mauritania,2022,0,0.1590552194456848
545,Mauritania,2023,1,0.1566530015011542
546,Niger,2017,1,0.756178635146373
547,Niger,2018,1,0.737961143216019
548,Niger,2019,1,0.6794113238937047
549,Niger,2020,1,0.6719740496596303
550,Niger,2021,1,0.685868728335275
551,Niger,2022,1,0.6924989212642256
552,Niger,2023,1,0.6531753314593972
553,Ivory Coast,2017,0,0.15542558122017644
554,Ivory Coast,2018,0,0.13986703897833533
555,Ivory Coast,2019,0,0.1847451921900723
556,Ivory Coast,2020,0,0.19248027024025577
557,Ivory Coast,2021,0,0.16407249020891007
558,Ivory Coast,2022,0,0.17245703611000876
559,Ivory Coast,2023,0,0.18669368173608997
560,Guinea,2017,0,0.08451594619098764
561,Guinea,2018,0,0.10274851266509438
562,Guinea,2019,0,0.1251090292732028
563,Guinea,2020,0,0.12962153443883123
564,Guinea,2021,0,0.16890368425897773
565,Guinea,2022,0,0.20386713403912188
566,Guinea,2023,0,0.20962287496536403
567,Burkina Faso,2017,1,0.09571071305655246
568,Burkina Faso,2018,1,0.31593012178591984
569,Burkina Faso,2019,1,0.34488590038528794
570,Burkina Faso,2020,1,0.35280056720943515
571,Burkina Faso,2021,1,0.3757212241497255
572,Burkina Faso,2022,1,0.39790201786529006
573,Burkina Faso,2023,1,0.3940039695019525
574,Liberia,2017,0,0.04754004543597754
575,Liberia,2018,0,0.07493803791195602
576,Liberia,2019,0,0.09314284743034676
577,Liberia,2020,0,0.08190851774017194
578,Liberia,2021,0,0.0924694168146809
579,Liberia,2022,0,0.10890028719285605
580,Liberia,2023,0,0.1292702605893569
581,Sierra Leone,2017,0,0.043512657442355426
582,Sierra Leone,2018,0,0.04828800956270561
583,Sierra Leone,2019,0,0.056129475356420974
584,Sierra Leone,2020,0,0.06766697067122576
585,Sierra Leone,2021,0,0.06767006932946859
586,Sierra Leone,2022,0,0.12104761565020494
587,Sierra Leone,2023,0,0.1131623499766445
588,Ghana,2017,0,0.017209529367514874
589,Ghana,2018,0,0.04047929784094128
590,Ghana,2019,0,0.03836466047014211
591,Ghana,2020,0,0.04030584870119229
592,Ghana,2021,0,0.0427381305458495
593,Ghana,2022,0,0.0623446859202147
594,Ghana,2023,0,0.07513876523770216
595,Togo,2017,0,0.0676830985720044
596,Togo,2018,0,0.09356116647384022
597,Togo,2019,0,0.1302366989825349
598,Togo,2020,0,0.13297288334625082
599,Togo,2021,0,0.09180675542250755
600,Togo,2022,1,0.15577897121434334
601,Togo,2023,1,0.3531197838765655
602,Cameroon,2017,1,0.6759465828467424
603,Cameroon,2018,1,0.6289010709200615
604,Cameroon,2019,1,0.6512818901849171
605,Cameroon,2020,1,0.6233400651914809
606,Cameroon,2021,1,0.6137397352359905
607,Cameroon,2022,1,0.6271802972506308
608,Cameroon,2023,1,0.5781109072157684
609,Nigeria,2017,1,0.90001792280667
610,Nigeria,2018,1,0.8915706225570373
611,Nigeria,2019,1,0.8574013334348018
612,Nigeria,2020,1,0.8440771604923295
613,Nigeria,2021,1,0.8259476642873571
614,Nigeria,2022,1,0.7951538070734396
615,Nigeria,2023,1,0.7602558991771393
616,Gabon,2017,0,0.0357455784280568
617,Gabon,2018,0,0.03850088498229387
618,Gabon,2019,0,0.042344024890303436
619,Gabon,2020,0,0.05439399601966413
620,Gabon,2021,0,0.0522268640214634
621,Gabon,2022,0,0.07450810376703582
622,Gabon,2023,0,0.0918197800232742
623,Central African Republic,2017,1,0.499329407632634
624,Central African Republic,2018,1,0.6504312494966422
625,Central African Republic,2019,1,0.6566379618656741
626,Central African Republic,2020,1,0.6660404594861213
627,Central African Republic,2021,1,0.6705047231522892
628,Central African Republic,2022,1,0.6735248868815815
629,Central African Republic,2023,1,0.6090540920080971
630,Chad,2017,1,0.7796371588332851
631,Chad,2018,1,0.7399454056515059
632,Chad,2019,1,0.7639401459659403
633,Chad,2020,1,0.7652026664700862
634,Chad,2021,1,0.7811553833411582
635,Chad,2022,1,0.8033541579301937
636,Chad,2023,1,0.753666261905981
637,Congo,2017,1,0.5381421404592938
638,Congo,2018,0,0.511082264029326
639,Congo,2019,0,0.4525866065099079
640,Congo,2020,0,0.3525323496911993
641,Congo,2021,0,0.39480200212514116
642,Congo,2022,1,0.30713178762315063
643,Congo,2023,0,0.4598894001576447
644,DR Congo (Zaire),2017,1,0.9279308268767396
645,DR Congo (Zaire),2018,1,0.9093989962688652
646,DR Congo (Zaire),2019,1,0.85185257278385
647,DR Congo (Zaire),2020,1,0.8821207070925277
648,DR Congo (Zaire),2021,1,0.8728071260896957
649,DR Congo (Zaire),2022,1,0.8554024370529971
650,DR Congo (Zaire),2023,1,0.8373842827656985
651,Uganda,2017,0,0.08875964128653027
652,Uganda,2018,0,0.11581869553779298
653,Uganda,2019,0,0.14242478459727095
654,Uganda,2020,0,0.18349729004393314
655,Uganda,2021,1,0.20001741925777136
656,Uganda,2022,1,0.3838178379987173
657,Uganda,2023,1,0.412115450293282
658,Kenya,2017,1,0.8352174040376459
659,Kenya,2018,1,0.7608529425937922
660,Kenya,2019,1,0.754216156374877
661,Kenya,2020,1,0.7369323439031653
662,Kenya,2021,1,0.6964093360897735
663,Kenya,2022,1,0.6922485001331815
664,Kenya,2023,1,0.6751217210858959
665,Tanzania,2017,0,0.10056863551489706
666,Tanzania,2018,0,0.09621418976281082
667,Tanzania,2019,0,0.13431742904484525
668,Tanzania,2020,1,0.13390543128497573
669,Tanzania,2021,1,0.3135068509603065
670,Tanzania,2022,1,0.34050229210660926
671,Tanzania,2023,0,0.34891786539243613
672,Burundi,2017,1,0.7689510900343454
673,Burundi,2018,1,0.6737079184407073
674,Burundi,2019,1,0.671934500340503
675,Burundi,2020,1,0.6439897813319313
676,Burundi,2021,1,0.5907732414277799
677,Burundi,2022,1,0.5639754866456668
678,Burundi,2023,1,0.5797836744738823
679,Rwanda,2017,0,0.1667935481535588
680,Rwanda,2018,1,0.18035852280544393
681,Rwanda,2019,1,0.3276770948780373
682,Rwanda,2020,0,0.35096698722138553
683,Rwanda,2021,1,0.2672078749925006
684,Rwanda,2022,1,0.3859020052633281
685,Rwanda,2023,0,0.42524645997285465
686,Somalia,2017,1,0.8627894503985776
687,Somalia,2018,1,0.8332606072744053
688,Somalia,2019,1,0.8335350083590577
689,Somalia,2020,1,0.815787634721473
690,Somalia,2021,1,0.7888527060823309
691,Somalia,2022,1,0.7722023442105119
692,Somalia,2023,1,0.7170213621781723
693,Djibouti,2017,0,0.0765151655521233
694,Djibouti,2018,0,0.044310168352891685
695,Djibouti,2019,0,0.0620790019958612
696,Djibouti,2020,0,0.0673694126505838
697,Djibouti,2021,0,0.08231171679884332
698,Djibouti,2022,0,0.1178588946915779
699,Djibouti,2023,0,0.12516194285608892
700,Ethiopia,2017,0,0.931760628671162
701,Ethiopia,2018,1,0.6540918839912961
702,Ethiopia,2019,1,0.8229366949351506
703,Ethiopia,2020,1,0.7754719122099554
704,Ethiopia,2021,1,0.8542229929586806
705,Ethiopia,2022,1,0.870108283081458
706,Ethiopia,2023,1,0.8694656769667941
707,Eritrea,2017,0,0.054425550146164
708,Eritrea,2018,0,0.0792346559153022
709,Eritrea,2019,0,0.08941402690647045
710,Eritrea,2020,0,0.1274351259271873
711,Eritrea,2021,0,0.12078279453775513
712,Eritrea,2022,1,0.17479145425512016
713,Eritrea,2023,0,0.36127413561836097
714,Angola,2017,1,0.637968803247473
715,Angola,2018,1,0.5642613524978264
716,Angola,2019,1,0.6047019415361129
717,Angola,2020,1,0.5298503422019057
718,Angola,2021,0,0.5159677205257517
719,Angola,2022,1,0.4607263417307316
720,Angola,2023,0,0.5640609778918861
721,Mozambique,2017,0,0.5877231194387832
722,Mozambique,2018,1,0.45281186923087513
723,Mozambique,2019,1,0.5072726765342456
724,Mozambique,2020,1,0.5160112542279264
725,Mozambique,2021,1,0.4797416691120065
726,Mozambique,2022,1,0.5020907258660404
727,Mozambique,2023,1,0.5189341889439105
728,Zambia,2017,0,0.06370936337413795
729,Zambia,2018,0,0.06979587784985034
730,Zambia,2019,0,0.08672366930917624
731,Zambia,2020,0,0.11717331006902326
732,Zambia,2021,0,0.10174598255147013
733,Zambia,2022,0,0.09741765999397443
734,Zambia,2023,0,0.10301531695729717
735,Zimbabwe,2017,0,0.051517013714102666
736,Zimbabwe,2018,0,0.05386164484855386
737,Zimbabwe,2019,0,0.08626426599678964
738,Zimbabwe,2020,0,0.09281062979520194
739,Zimbabwe,2021,0,0.10075366175368357
740,Zimbabwe,2022,0,0.13411018446415152
741,Zimbabwe,2023,0,0.14634842473734366
742,Malawi,2017,0,0.029182595894018268
743,Malawi,2018,0,0.033289749286538974
744,Malawi,2019,0,0.051628058931944505
745,Malawi,2020,0,0.05994353950181274
746,Malawi,2021,0,0.07275873337378455
747,Malawi,2022,0,0.1309211870940665
748,Malawi,2023,0,0.12178915965487887
749,South Africa,2017,0,0.04894373373306515
750,South Africa,2018,0,0.03516798151891982
751,South Africa,2019,0,0.09519387339877755
752,South Africa,2020,0,0.08194036237230172
753,South Africa,2021,0,0.09969042259705663
754,South Africa,2022,0,0.11669291653482258
755,South Africa,2023,0,0.18195303412449262
756,Namibia,2017,0,0.028339291600083288
757,Namibia,2018,0,0.03112023296287656
758,Namibia,2019,0,0.14938902417719635
759,Namibia,2020,0,0.03793106045365667
760,Namibia,2021,0,0.043563926199478104
761,Namibia,2022,0,0.07156472839299734
762,Namibia,2023,0,0.12340604197635531
763,Lesotho,2017,0,0.05583638250644421
764,Lesotho,2018,0,0.053403349149548404
765,Lesotho,2019,0,0.08376005118481933
766,Lesotho,2020,0,0.06985989011569388
767,Lesotho,2021,0,0.06921288164141634
768,Lesotho,2022,0,0.08746632869834872
769,Lesotho,2023,0,0.08757510239117357
770,Botswana,2017,0,0.016081808593741954
771,Botswana,2018,0,0.019842871353536618
772,Botswana,2019,0,0.025546736521422288
773,Botswana,2020,0,0.0195702281743588
774,Botswana,2021,0,0.033627443879450186
775,Botswana,2022,0,0.05321219588447039
776,Botswana,2023,0,0.07429633281922869
777,eSwatini,2017,0,0.005933299286738249
778,eSwatini,2018,0,0.012580339433503649
779,eSwatini,2019,0,0.028725625423489547
780,eSwatini,2020,0,0.025198351487875425
781,eSwatini,2021,0,0.039355200048773215
782,eSwatini,2022,0,0.09413631916955907
783,eSwatini,2023,0,0.10134622524567452
784,Madagascar,2017,0,0.03681740415959899
785,Madagascar,2018,0,0.03280191207016599
786,Madagascar,2019,0,0.08167225209925835
787,Madagascar,2020,0,0.07356050093694433
788,Madagascar,2021,0,0.08607898169185171
789,Madagascar,2022,0,0.09982865345486192
790,Madagascar,2023,0,0.14214548514566566
791,Comoros,2017,0,0.024017965414668174
792,Comoros,2018,0,0.08930805670855127
793,Comoros,2019,0,0.15694340907144108
794,Comoros,2020,0,0.1707868696827849
795,Comoros,2021,0,0.17189926307831724
796,Comoros,2022,0,0.20278441619468576
797,Comoros,2023,0,0.20063019067578736
798,Mauritius,2017,0,0.02686253090967011
799,Mauritius,2018,0,0.038427251591825584
800,Mauritius,2019,0,0.04382989373972068
801,Mauritius,2020,0,0.06625890530033858
802,Mauritius,2021,0,0.08673822717486143
803,Mauritius,2022,0,0.1196735441510404
804,Mauritius,2023,0,0.13435253162915997
805,Morocco,2017,0,0.08289206612581235
806,Morocco,2018,0,0.0900419262867737
807,Morocco,2019,0,0.0856718236210029
808,Morocco,2020,1,0.104771077805988
809,Morocco,2021,1,0.3094841394608356
810,Morocco,2022,1,0.3453352335090712
811,Morocco,2023,1,0.413090308369642
812,Algeria,2017,1,0.8889613045534397
813,Algeria,2018,1,0.8550727480013922
814,Algeria,2019,1,0.8249480722267453
815,Algeria,2020,1,0.8034544054187457
816,Algeria,2021,1,0.7903531333342221
817,Algeria,2022,1,0.7380149678156548
818,Algeria,2023,1,0.7209332921909943
819,Tunisia,2017,1,0.8017418234695495
820,Tunisia,2018,1,0.7910180571848328
821,Tunisia,2019,1,0.7365094215946075
822,Tunisia,2020,1,0.7187012131589907
823,Tunisia,2021,1,0.68557555101122
824,Tunisia,2022,1,0.6417742708409706
825,Tunisia,2023,1,0.6247868221785191
826,Libya,2017,1,0.8842621788772214
827,Libya,2018,1,0.8163228890286007
828,Libya,2019,1,0.8634752522716321
829,Libya,2020,1,0.8694931735908341
830,Libya,2021,1,0.8257562338552341
831,Libya,2022,1,0.8602043646590476
832,Libya,2023,1,0.8363707455232867
833,Sudan,2017,1,0.9621246908442695
834,Sudan,2018,1,0.9518346997676981
835,Sudan,2019,1,0.8932070853051527
836,Sudan,2020,1,0.9269304660380537
837,Sudan,2021,1,0.9087939816232157
838,Sudan,2022,1,0.9130926066670417
839,Sudan,2023,1,0.9115974714088853
840,South Sudan,2017,1,0.8915519740317781
841,South Sudan,2018,1,0.8614342371610713
842,South Sudan,2019,1,0.8778462623981158
843,South Sudan,2020,1,0.8745662360253065
844,South Sudan,2021,1,0.74059138097497
845,South Sudan,2022,1,0.6664306748523017
846,South Sudan,2023,1,0.6630696677370738
847,Iran,2017,1,0.9010362297836914
848,Iran,2018,1,0.8930546171036616
849,Iran,2019,1,0.8801009258059318
850,Iran,2020,1,0.8780128105576163
851,Iran,2021,1,0.8590815864165928
852,Iran,2022,1,0.8519913504055816
853,Iran,2023,1,0.7481205566221977
854,Turkey,2017,1,0.8877616826654527
855,Turkey,2018,1,0.8666761109961689
856,Turkey,2019,1,0.8449406447715843
857,Turkey,2020,1,0.8170880110437513
858,Turkey,2021,1,0.8045061749486948
859,Turkey,2022,1,0.7877162270823543
860,Turkey,2023,1,0.7508125432455697
861,Iraq,2017,1,0.9458489646057534
862,Iraq,2018,1,0.9208420896310979
863,Iraq,2019,1,0.8444639588030253
864,Iraq,2020,1,0.8479952247181137
865,Iraq,2021,1,0.8303695084563719
866,Iraq,2022,1,0.830889172593667
867,Iraq,2023,1,0.8426197480682538
868,Egypt,2017,1,0.7470210757736477
869,Egypt,2018,1,0.7932254154690178
870,Egypt,2019,1,0.7300668908855441
871,Egypt,2020,1,0.6773562152790221
872,Egypt,2021,1,0.6853569960510192
873,Egypt,2022,1,0.6055005781634197
874,Egypt,2023,1,0.5737497276508885
875,Syria,2017,1,0.8930469593682536
876,Syria,2018,1,0.8624463415177615
877,Syria,2019,1,0.8428169164507171
878,Syria,2020,1,0.831602409476441
879,Syria,2021,1,0.8070027568568807
880,Syria,2022,1,0.7607317571399014
881,Syria,2023,1,0.7805468319262839
882,Lebanon,2017,1,0.8612415591590251
883,Lebanon,2018,1,0.8242870392522335
884,Lebanon,2019,0,0.79716929767478
885,Lebanon,2020,1,0.557023933248901
886,Lebanon,2021,0,0.757719108613854
887,Lebanon,2022,0,0.5539332793635179
888,Lebanon,2023,1,0.5638120154245203
889,Jordan,2017,0,0.5424666865336213
890,Jordan,2018,0,0.31494725624945175
891,Jordan,2019,0,0.26423807728676124
892,Jordan,2020,0,0.27287048154693133
893,Jordan,2021,0,0.25764473692370826
894,Jordan,2022,0,0.25262490967513873
895,Jordan,2023,0,0.2713598434099514
896,Israel,2017,1,0.9625504812783551
897,Israel,2018,1,0.9523131831009145
898,Israel,2019,1,0.9078130112388072
899,Israel,2020,1,0.9051620410695038
900,Israel,2021,1,0.91450214415148
901,Israel,2022,1,0.8910843178082477
902,Israel,2023,1,0.9069037016771513
903,Saudi Arabia,2017,1,0.7687412961970107
904,Saudi Arabia,2018,1,0.7134323122678692
905,Saudi Arabia,2019,1,0.6684959789190767
906,Saudi Arabia,2020,0,0.6596814101566477
907,Saudi Arabia,2021,1,0.47825195252999386
908,Saudi Arabia,2022,0,0.6644341158595228
909,Saudi Arabia,2023,1,0.46936131366397565
910,Yemen (North Yemen),2017,1,0.8781659902381175
911,Yemen (North Yemen),2018,1,0.8630315572688201
912,Yemen (North Yemen),2019,1,0.883039888127004
913,Yemen (North Yemen),2020,1,0.8566647493034438
914,Yemen (North Yemen),2021,1,0.8287925169881274
915,Yemen (North Yemen),2022,1,0.8271994612178927
916,Yemen (North Yemen),2023,1,0.7572905491559823
917,Kuwait,2017,0,0.06901646186902166
918,Kuwait,2018,0,0.07530597890741407
919,Kuwait,2019,0,0.07840912770645651
920,Kuwait,2020,0,0.08134128792501631
921,Kuwait,2021,0,0.08616938806722822
922,Kuwait,2022,0,0.0736873990508268
923,Kuwait,2023,0,0.07428837553812026
924,Bahrain,2017,0,0.0446796728862732
925,Bahrain,2018,0,0.057227589674079586
926,Bahrain,2019,0,0.04322222830632004
927,Bahrain,2020,0,0.04322339465973692
928,Bahrain,2021,0,0.03291087004968821
929,Bahrain,2022,0,0.02674098404410171
930,Bahrain,2023,0,0.032374659980426906
931,Qatar,2017,0,0.01568583568195609
932,Qatar,2018,0,0.018621724069930637
933,Qatar,2019,0,0.019963679054030528
934,Qatar,2020,0,0.025595135283832903
935,Qatar,2021,0,0.03441156747663718
936,Qatar,2022,0,0.04160693747640114
937,Qatar,2023,0,0.040767882816064534
938,United Arab Emirates,2017,0,0.2317652661774547
939,United Arab Emirates,2018,0,0.22708572207873978
940,United Arab Emirates,2019,0,0.06808739825773216
941,United Arab Emirates,2020,0,0.05623241266533442
942,United Arab Emirates,2021,0,0.22144196588734988
943,United Arab Emirates,2022,1,0.108515531408034
944,United Arab Emirates,2023,0,0.31430156760972305
945,Oman,2017,0,0.050642645065546686
946,Oman,2018,0,0.03486585055839497
947,Oman,2019,0,0.024626210217105406
948,Oman,2020,0,0.029003264019393942
949,Oman,2021,0,0.03426777313105829
950,Oman,2022,0,0.02701075789029475
951,Oman,2023,0,0.027052863196933695
952,Afghanistan,2017,1,0.9354326318299466
953,Afghanistan,2018,1,0.9267199046380685
954,Afghanistan,2019,1,0.9192219322439132
955,Afghanistan,2020,1,0.9037051506320741
956,Afghanistan,2021,1,0.9020051794779277
957,Afghanistan,2022,1,0.8864974374680494
958,Afghanistan,2023,1,0.8806843969591512
959,Turkmenistan,2017,0,0.05704901823400131
960,Turkmenistan,2018,0,0.06539814355822914
961,Turkmenistan,2019,0,0.07919198637792517
962,Turkmenistan,2020,0,0.07652282179731693
963,Turkmenistan,2021,0,0.10622451262939869
964,Turkmenistan,2022,0,0.09965293260996055
965,Turkmenistan,2023,0,0.11610021467682535
966,Tajikistan,2017,0,0.16615609477640286
967,Tajikistan,2018,0,0.21198554474064357
968,Tajikistan,2019,0,0.2594071562875031
969,Tajikistan,2020,0,0.27061736321367635
970,Tajikistan,2021,0,0.2850423814825929
971,Tajikistan,2022,0,0.3005234458042914
972,Tajikistan,2023,0,0.31174486102154314
973,Kyrgyzstan,2017,0,0.04393519005681225
974,Kyrgyzstan,2018,0,0.06752244350608522
975,Kyrgyzstan,2019,0,0.07349521583232298
976,Kyrgyzstan,2020,0,0.09581363446046427
977,Kyrgyzstan,2021,0,0.1224538111219634
978,Kyrgyzstan,2022,0,0.13219512572106248
979,Kyrgyzstan,2023,0,0.16137049434820994
980,Uzbekistan,2017,0,0.10910108988637614
981,Uzbekistan,2018,0,0.1638146398262369
982,Uzbekistan,2019,0,0.1482565750506415
983,Uzbekistan,2020,0,0.20173798734435333
984,Uzbekistan,2021,0,0.17072720877906442
985,Uzbekistan,2022,0,0.17379431489058098
986,Uzbekistan,2023,0,0.18849631715361442
987,Kazakhstan,2017,0,0.033477743710008986
988,Kazakhstan,2018,0,0.04634467549635962
989,Kazakhstan,2019,0,0.06712541255945634
990,Kazakhstan,2020,0,0.06769064505766617
991,Kazakhstan,2021,0,0.07189774911248625
992,Kazakhstan,2022,0,0.09051859191599787
993,Kazakhstan,2023,0,0.11977137471965243
994,China,2017,1,0.23504683977409924
995,China,2018,0,0.39353844229436286
996,China,2019,0,0.2330922788057821
997,China,2020,0,0.3219991121537606
998,China,2021,0,0.3068519715700707
999,China,2022,0,0.3362714053945401
1000,China,2023,1,0.3741720353816249
1001,Mongolia,2017,0,0.041232870612519096
1002,Mongolia,2018,0,0.05403287854522306
1003,Mongolia,2019,0,0.05292447230384948
1004,Mongolia,2020,0,0.08380959509107858
1005,Mongolia,2021,0,0.07843484551698744
1006,Mongolia,2022,0,0.0896140120662321
1007,Mongolia,2023,0,0.15061909290449385
1008,South Korea,2017,0,0.018310709527020293
1009,South Korea,2018,0,0.023085308705436087
1010,South Korea,2019,0,0.026165057078669916
1011,South Korea,2020,0,0.021840322249249266
1012,South Korea,2021,0,0.02306199208800192
1013,South Korea,2022,0,0.025603704268466303
1014,South Korea,2023,0,0.023958130993969214
1015,Japan,2017,0,0.0063581440251081305
1016,Japan,2018,0,0.008485995762259224
1017,Japan,2019,0,0.00907820476395571
1018,Japan,2020,0,0.015013884077542741
1019,Japan,2021,0,0.01830436318355213
1020,Japan,2022,0,0.02446842261281798
1021,Japan,2023,0,0.026444528035545485
1022,India,2017,1,0.906834828020826
1023,India,2018,1,0.946581891397793
1024,India,2019,1,0.884112803588349
1025,India,2020,1,0.8707779188410097
1026,India,2021,1,0.8339986639875662
1027,India,2022,1,0.8160966870903299
1028,India,2023,1,0.7741312634400364
1029,Bhutan,2017,0,0.020832957430883627
1030,Bhutan,2018,0,0.06953285631782377
1031,Bhutan,2019,0,0.06868138714514825
1032,Bhutan,2020,0,0.08710146583301602
1033,Bhutan,2021,0,0.08443176095945899
1034,Bhutan,2022,0,0.08084368879710699
1035,Bhutan,2023,0,0.0872416386849689
1036,Pakistan,2017,1,0.9664551678201473
1037,Pakistan,2018,1,0.9595984499276472
1038,Pakistan,2019,1,0.9745335664769263
1039,Pakistan,2020,1,0.9558548369032454
1040,Pakistan,2021,1,0.920977849806794
1041,Pakistan,2022,1,0.9252606382978409
1042,Pakistan,2023,1,0.8219760043391858
1043,Bangladesh,2017,1,0.7397139498640695
1044,Bangladesh,2018,1,0.701398609297761
1045,Bangladesh,2019,1,0.6944164236001973
1046,Bangladesh,2020,1,0.6489277694816158
1047,Bangladesh,2021,0,0.7081272285230937
1048,Bangladesh,2022,1,0.5508774246489708
1049,Bangladesh,2023,0,0.6448312144495536
1050,Myanmar (Burma),2017,1,0.9357810304996461
1051,Myanmar (Burma),2018,1,0.919727518299475
1052,Myanmar (Burma),2019,1,0.9036424877503114
1053,Myanmar (Burma),2020,1,0.9117542015514292
1054,Myanmar (Burma),2021,1,0.9174244418437434
1055,Myanmar (Burma),2022,1,0.9003631633194218
1056,Myanmar (Burma),2023,1,0.8925978108217155
1057,Sri Lanka,2017,0,0.1307670337432534
1058,Sri Lanka,2018,0,0.19159455625134236
1059,Sri Lanka,2019,0,0.1527560474644465
1060,Sri Lanka,2020,0,0.1831044101807009
1061,Sri Lanka,2021,0,0.1950199389131465
1062,Sri Lanka,2022,0,0.28642878285589
1063,Sri Lanka,2023,0,0.20056072077516915
1064,Maldives,2017,0,0.017484859669870255
1065,Maldives,2018,0,0.03093142901785347
1066,Maldives,2019,0,0.03456840464343856
1067,Maldives,2020,0,0.0353777569457571
1068,Maldives,2021,0,0.045972402620297934
1069,Maldives,2022,0,0.051096482513655006
1070,Maldives,2023,0,0.05668453367064187
1071,Nepal,2017,0,0.12118475416461957
1072,Nepal,2018,0,0.11490054596935967
1073,Nepal,2019,0,0.12283836098474618
1074,Nepal,2020,0,0.16883776689429333
1075,Nepal,2021,0,0.19409834100040152
1076,Nepal,2022,0,0.22594178890041514
1077,Nepal,2023,0,0.23853770154151008
1078,Thailand,2017,1,0.8148933408492645
1079,Thailand,2018,1,0.8323134375241715
1080,Thailand,2019,1,0.7520961319247687
1081,Thailand,2020,1,0.7444408738326251
1082,Thailand,2021,1,0.7319373043615036
1083,Thailand,2022,1,0.7091768446084039
1084,Thailand,2023,1,0.6953600104894263
1085,Cambodia (Kampuchea),2017,0,0.07049726678397816
1086,Cambodia (Kampuchea),2018,0,0.10183500284303001
1087,Cambodia (Kampuchea),2019,0,0.11298037850203249
1088,Cambodia (Kampuchea),2020,0,0.16212108505565048
1089,Cambodia (Kampuchea),2021,0,0.20544710039801334
1090,Cambodia (Kampuchea),2022,0,0.22787664628670584
1091,Cambodia (Kampuchea),2023,0,0.23318783002640367
1092,Laos,2017,0,0.04090138460948034
1093,Laos,2018,0,0.05015849451732792
1094,Laos,2019,0,0.06020460040201565
1095,Laos,2020,0,0.06969184302052418
1096,Laos,2021,0,0.07323555148721743
1097,Laos,2022,0,0.07247890937483889
1098,Laos,2023,0,0.1443387551119918
1099,Vietnam,2017,0,0.03400004668451228
1100,Vietnam,2018,0,0.0601285855517417
1101,Vietnam,2019,0,0.0627709199212162
1102,Vietnam,2020,0,0.07402112053162527
1103,Vietnam,2021,0,0.07830686696844913
1104,Vietnam,2022,0,0.09038652191329438
1105,Vietnam,2023,0,0.09706061358348649
1106,Malaysia,2017,1,0.1432298043933149
1107,Malaysia,2018,0,0.30011659227338355
1108,Malaysia,2019,0,0.18128903084924602
1109,Malaysia,2020,0,0.1315730856517092
1110,Malaysia,2021,0,0.1820677331898841
1111,Malaysia,2022,0,0.12157877821756918
1112,Malaysia,2023,0,0.11445706723773871
1113,Singapore,2017,0,0.005913550041061113
1114,Singapore,2018,0,0.008515853838401219
1115,Singapore,2019,0,0.009822707456909122
1116,Singapore,2020,0,0.009047640645679388
1117,Singapore,2021,0,0.009200932550914115
1118,Singapore,2022,0,0.013065699616839718
1119,Singapore,2023,0,0.013220765125169719
1120,Philippines,2017,1,0.8319401787990452
1121,Philippines,2018,1,0.8123930568494135
1122,Philippines,2019,1,0.7707193550009478
1123,Philippines,2020,1,0.7440910247143221
1124,Philippines,2021,1,0.7253181909454989
1125,Philippines,2022,1,0.65412987276932
1126,Philippines,2023,1,0.6435342272607435
1127,Indonesia,2017,1,0.2321873169141508
1128,Indonesia,2018,1,0.4549537982005968
1129,Indonesia,2019,1,0.33252608247245896
1130,Indonesia,2020,1,0.3008108848376163
1131,Indonesia,2021,1,0.2966011105707521
1132,Indonesia,2022,1,0.30008289945575817
1133,Indonesia,2023,1,0.2676146791107378
1134,East Timor,2017,0,0.02479481776401147
1135,East Timor,2018,0,0.03593650749479384
1136,East Timor,2019,0,0.03636672673951234
1137,East Timor,2020,0,0.034313628264758735
1138,East Timor,2021,0,0.03568330034891942
1139,East Timor,2022,0,0.036037849147508336
1140,East Timor,2023,0,0.0417010368040871
1141,Australia,2017,0,0.010217462110406807
1142,Australia,2018,1,0.0070523190260376074
1143,Australia,2019,0,0.20539524434687426
1144,Australia,2020,0,0.05761176004804172
1145,Australia,2021,0,0.019088236696421405
1146,Australia,2022,0,0.02171320774949468
1147,Australia,2023,0,0.04672307572210624
1148,Papua New Guinea,2017,0,0.05711160227404439
1149,Papua New Guinea,2018,0,0.06563795821043805
1150,Papua New Guinea,2019,0,0.07515284062267011
1151,Papua New Guinea,2020,0,0.07023594452650075
1152,Papua New Guinea,2021,0,0.06995521455959942
1153,Papua New Guinea,2022,0,0.10236501244571782
1154,Papua New Guinea,2023,0,0.14518124367810759
1155,New Zealand,2017,0,0.024079060303630908
1156,New Zealand,2018,0,0.02214861156704531
1157,New Zealand,2019,0,0.011531143515824523
1158,New Zealand,2020,0,0.009008485777542437
1159,New Zealand,2021,0,0.00996943883535575
1160,New Zealand,2022,0,0.048514698562713954
1161,New Zealand,2023,0,0.05101420747823753
1162,Solomon Islands,2017,0,0.03308894554284554
1163,Solomon Islands,2018,0,0.020788662216289798
1164,Solomon Islands,2019,0,0.026696452497853462
1165,Solomon Islands,2020,0,0.03959253743816721
1166,Solomon Islands,2021,0,0.02704019956058957
1167,Solomon Islands,2022,0,0.04896722267962609
1168,Solomon Islands,2023,0,0.07854268698808997
1169,Fiji,2017,0,0.01843853900444414
1170,Fiji,2018,0,0.028418291160496333
1171,Fiji,2019,0,0.023906779470020262
1172,Fiji,2020,0,0.0230406379453488
1173,Fiji,2021,0,0.02744507665017759
1174,Fiji,2022,0,0.03768019197295686
1175,Fiji,2023,0,0.09519532604542359
