,country,year,d_osv,preds_proba
0,United States of America,2017,1,0.32647840102951964
1,United States of America,2018,1,0.38047342714782995
2,United States of America,2019,0,0.37689948153397446
3,United States of America,2020,0,0.3103359883980131
4,United States of America,2021,0,0.31522484593492717
5,United States of America,2022,0,0.30311342107700395
6,United States of America,2023,0,0.3087376059786333
7,Canada,2017,0,0.020259880332255235
8,Canada,2018,0,0.026524624065905427
9,Canada,2019,0,0.02783228786563238
10,Canada,2020,0,0.03313867305459059
11,Canada,2021,0,0.048782392599109485
12,Canada,2022,0,0.052680991369531624
13,Canada,2023,0,0.05789155349107746
14,Cuba,2017,0,0.004091468028706107
15,Cuba,2018,0,0.00430752341474667
16,Cuba,2019,0,0.004101695391261271
17,Cuba,2020,0,0.00454138055408084
18,Cuba,2021,0,0.005346421607481076
19,Cuba,2022,0,0.024423385965960498
20,Cuba,2023,0,0.02446569418739281
21,Haiti,2017,1,0.08771051910244271
22,Haiti,2018,1,0.20009678716615092
23,Haiti,2019,1,0.2118267725990948
24,Haiti,2020,1,0.2568174163204807
25,Haiti,2021,1,0.29012856723478675
26,Haiti,2022,1,0.32584441391118985
27,Haiti,2023,1,0.3229626081836131
28,Dominican Republic,2017,0,0.00850367097623573
29,Dominican Republic,2018,0,0.01567839430186494
30,Dominican Republic,2019,0,0.023049858053066252
31,Dominican Republic,2020,0,0.016353679689528812
32,Dominican Republic,2021,0,0.019873459603287378
33,Dominican Republic,2022,0,0.022566495243699122
34,Dominican Republic,2023,0,0.035507329573262976
35,Jamaica,2017,0,0.0013878962261395299
36,Jamaica,2018,0,0.001129917049869719
37,Jamaica,2019,0,0.004930309867084103
38,Jamaica,2020,0,0.0010037345391603592
39,Jamaica,2021,0,0.0012271757040241643
40,Jamaica,2022,0,0.021884877559583495
41,Jamaica,2023,0,0.09831782601193592
42,Trinidad and Tobago,2017,0,0.002031588080045175
43,Trinidad and Tobago,2018,0,0.002031588080045175
44,Trinidad and Tobago,2019,0,0.009759773947811152
45,Trinidad and Tobago,2020,0,0.010750785597760694
46,Trinidad and Tobago,2021,0,0.004445791240856351
47,Trinidad and Tobago,2022,0,0.004197122448823169
48,Trinidad and Tobago,2023,0,0.01885376552736868
49,Barbados,2017,0,0.03167659917478323
50,Barbados,2018,0,0.028769312852986274
51,Barbados,2019,0,0.09212080372561443
52,Barbados,2020,0,0.11158903104106974
53,Barbados,2021,0,0.004109652736909089
54,Barbados,2022,0,0.07340488493169806
55,Barbados,2023,0,0.05850662291186591
56,Mexico,2017,1,0.8536480302119991
57,Mexico,2018,1,0.8047603915532475
58,Mexico,2019,1,0.7719911312300294
59,Mexico,2020,1,0.7717345428170914
60,Mexico,2021,1,0.669111239668147
61,Mexico,2022,1,0.5934619538351583
62,Mexico,2023,1,0.5628856627427019
63,Guatemala,2017,0,0.10760226827003477
64,Guatemala,2018,0,0.10373640932041853
65,Guatemala,2019,0,0.11051087939262075
66,Guatemala,2020,0,0.07391234475026619
67,Guatemala,2021,0,0.1430278010282783
68,Guatemala,2022,0,0.1589207514293837
69,Guatemala,2023,0,0.18822342915371737
70,Honduras,2017,0,0.18633378453125055
71,Honduras,2018,0,0.16050356741169247
72,Honduras,2019,1,0.11197472817538062
73,Honduras,2020,0,0.23416443524222377
74,Honduras,2021,1,0.14595619674180704
75,Honduras,2022,1,0.21022532966224183
76,Honduras,2023,1,0.22541450821561598
77,El Salvador,2017,0,0.02745823875880251
78,El Salvador,2018,0,0.09852752515837024
79,El Salvador,2019,1,0.04257301319097563
80,El Salvador,2020,0,0.16897101060799669
81,El Salvador,2021,1,0.07788150178630457
82,El Salvador,2022,1,0.1619030467679779
83,El Salvador,2023,0,0.16935214196654785
84,Nicaragua,2017,0,0.019336688653581544
85,Nicaragua,2018,0,0.08460113280103465
86,Nicaragua,2019,0,0.14834967950710334
87,Nicaragua,2020,0,0.04740745259190978
88,Nicaragua,2021,0,0.037150800227627796
89,Nicaragua,2022,0,0.0729857135162413
90,Nicaragua,2023,0,0.08463991178758704
91,Costa Rica,2017,0,0.004128543642873675
92,Costa Rica,2018,0,0.00423927682529619
93,Costa Rica,2019,0,0.004261086122780059
94,Costa Rica,2020,0,0.004747119195687501
95,Costa Rica,2021,0,0.0041327326641884266
96,Costa Rica,2022,0,0.006756658463452457
97,Costa Rica,2023,0,0.02151624108431263
98,Panama,2017,0,0.003130126399064906
99,Panama,2018,0,0.0030034110453185763
100,Panama,2019,0,0.0033476633436595217
101,Panama,2020,0,0.0036860627469842136
102,Panama,2021,0,0.018706510093787734
103,Panama,2022,0,0.010494976371534091
104,Panama,2023,0,0.026398479284685198
105,Colombia,2017,1,0.6758046115113457
106,Colombia,2018,1,0.6086415271093722
107,Colombia,2019,1,0.6531060442750947
108,Colombia,2020,1,0.6245290070834841
109,Colombia,2021,1,0.6134997606605408
110,Colombia,2022,1,0.6030517848538857
111,Colombia,2023,1,0.5334979763105331
112,Venezuela,2017,1,0.816628543258926
113,Venezuela,2018,1,0.8174589146544605
114,Venezuela,2019,1,0.8315451962520938
115,Venezuela,2020,1,0.7759261425919017
116,Venezuela,2021,1,0.8049877844944852
117,Venezuela,2022,1,0.7319224513357707
118,Venezuela,2023,1,0.7628687945502797
119,Guyana,2017,0,0.034339572127597334
120,Guyana,2018,0,0.035622606138481304
121,Guyana,2019,0,0.03461359589212386
122,Guyana,2020,0,0.034986791794375215
123,Guyana,2021,0,0.06508838319747551
124,Guyana,2022,0,0.050474832683672644
125,Guyana,2023,0,0.05877063915555249
126,Suriname,2017,0,0.04740391558993126
127,Suriname,2018,0,0.038473535204245936
128,Suriname,2019,0,0.038309899164032185
129,Suriname,2020,0,0.04756796312152174
130,Suriname,2021,0,0.0425206013674403
131,Suriname,2022,0,0.06783440345474644
132,Suriname,2023,0,0.06846296667561605
133,Ecuador,2017,0,0.034313541057976196
134,Ecuador,2018,0,0.03695019943466711
135,Ecuador,2019,0,0.038658139485688095
136,Ecuador,2020,0,0.04338151536453353
137,Ecuador,2021,0,0.05350740927427968
138,Ecuador,2022,1,0.08113402332198758
139,Ecuador,2023,0,0.16245294582252592
140,Peru,2017,0,0.4739274673650693
141,Peru,2018,0,0.3213347931162395
142,Peru,2019,1,0.31756810988731454
143,Peru,2020,1,0.40305183166081465
144,Peru,2021,0,0.381455799322263
145,Peru,2022,1,0.308127234910384
146,Peru,2023,0,0.44715090507730726
147,Brazil,2017,1,0.5804355697040331
148,Brazil,2018,1,0.5687918941760417
149,Brazil,2019,1,0.6123916002353931
150,Brazil,2020,1,0.5280778995877302
151,Brazil,2021,1,0.56965267492265
152,Brazil,2022,1,0.5686928453305162
153,Brazil,2023,1,0.6143108998655853
154,Bolivia,2017,0,0.03883392181628081
155,Bolivia,2018,0,0.03816778339379236
156,Bolivia,2019,0,0.07067701254581728
157,Bolivia,2020,0,0.0483141828342685
158,Bolivia,2021,0,0.033129372541019976
159,Bolivia,2022,0,0.05411362721716395
160,Bolivia,2023,0,0.06485835365700343
161,Paraguay,2017,0,0.03681496210413956
162,Paraguay,2018,1,0.03971279553020029
163,Paraguay,2019,0,0.16424813036816494
164,Paraguay,2020,1,0.13478279641825144
165,Paraguay,2021,1,0.16749965945191558
166,Paraguay,2022,0,0.18868619640397014
167,Paraguay,2023,0,0.12016830178424934
168,Chile,2017,0,0.06273827751794357
169,Chile,2018,0,0.05166716254056094
170,Chile,2019,0,0.2801602875848263
171,Chile,2020,0,0.30085382497527613
172,Chile,2021,0,0.22646137217943368
173,Chile,2022,0,0.19603305889801884
174,Chile,2023,0,0.20395737244972192
175,Argentina,2017,0,0.04797461559416709
176,Argentina,2018,0,0.02733498293151696
177,Argentina,2019,0,0.07397717130641553
178,Argentina,2020,0,0.03978498756394312
179,Argentina,2021,0,0.028450345306358652
180,Argentina,2022,0,0.1381880055346237
181,Argentina,2023,0,0.08143383209023206
182,Uruguay,2017,0,0.031226287026440036
183,Uruguay,2018,0,0.027422456774387635
184,Uruguay,2019,0,0.019725823114041953
185,Uruguay,2020,0,0.01736914947837874
186,Uruguay,2021,0,0.01736914947837874
187,Uruguay,2022,0,0.01748739665547916
188,Uruguay,2023,0,0.01736914947837874
189,United Kingdom,2017,0,0.05289900509547442
190,United Kingdom,2018,0,0.07227600177120638
191,United Kingdom,2019,1,0.06925287473956371
192,United Kingdom,2020,0,0.21655435425236694
193,United Kingdom,2021,0,0.12829349919565486
194,United Kingdom,2022,0,0.13705514812781838
195,United Kingdom,2023,0,0.12410448717015912
196,Ireland,2017,0,0.0014936240969525207
197,Ireland,2018,0,0.013976634026576866
198,Ireland,2019,0,0.02754813364422576
199,Ireland,2020,0,0.02912402696924261
200,Ireland,2021,0,0.027231518991889823
201,Ireland,2022,0,0.027235180196518917
202,Ireland,2023,0,0.02711446444700258
203,Netherlands,2017,0,0.06696053779973202
204,Netherlands,2018,0,0.058745229692269696
205,Netherlands,2019,0,0.0492863009462938
206,Netherlands,2020,0,0.03500918759373223
207,Netherlands,2021,0,0.035950404702653024
208,Netherlands,2022,0,0.0546405027918926
209,Netherlands,2023,0,0.0551553977003828
210,Belgium,2017,0,0.407840379670487
211,Belgium,2018,1,0.2649860986226055
212,Belgium,2019,0,0.3721238499137804
213,Belgium,2020,0,0.24939642388777405
214,Belgium,2021,0,0.2478038427022158
215,Belgium,2022,0,0.25242860659257804
216,Belgium,2023,1,0.2227193970583586
217,Luxembourg,2017,0,0.0023057894015268347
218,Luxembourg,2018,0,0.000887386040239151
219,Luxembourg,2019,0,0.004002242712276062
220,Luxembourg,2020,0,0.03778612497926525
221,Luxembourg,2021,0,0.03001481222213532
222,Luxembourg,2022,0,0.0462160175963562
223,Luxembourg,2023,0,0.0462160175963562
224,France,2017,0,0.4601751421901872
225,France,2018,1,0.42090137547389467
226,France,2019,0,0.4106613119658423
227,France,2020,0,0.3472250778734701
228,France,2021,0,0.3436807314337707
229,France,2022,0,0.29447019283544534
230,France,2023,1,0.26380858300649535
231,Switzerland,2017,0,0.035832732991165475
232,Switzerland,2018,0,0.019535280114716332
233,Switzerland,2019,0,0.03758244679618175
234,Switzerland,2020,0,0.02128007294576878
235,Switzerland,2021,0,0.0376633353057123
236,Switzerland,2022,0,0.024855795932237263
237,Switzerland,2023,0,0.025094569963697463
238,Spain,2017,1,0.043674418425206724
239,Spain,2018,0,0.19657813436925162
240,Spain,2019,0,0.1119700946390338
241,Spain,2020,0,0.11606802688692855
242,Spain,2021,0,0.11004155094825578
243,Spain,2022,0,0.13113145814890975
244,Spain,2023,0,0.1368412013429765
245,Portugal,2017,0,0.001211549485629757
246,Portugal,2018,0,0.017509002362078894
247,Portugal,2019,0,0.07337154751460583
248,Portugal,2020,0,0.08054338820202603
249,Portugal,2021,0,0.07420172987547692
250,Portugal,2022,0,0.09188249148285725
251,Portugal,2023,0,0.09142880533580955
252,Germany,2017,0,0.2862423564051899
253,Germany,2018,0,0.11049795922066295
254,Germany,2019,0,0.16338827529430838
255,Germany,2020,0,0.14596982089310157
256,Germany,2021,0,0.15284936257277398
257,Germany,2022,0,0.11408442751853988
258,Germany,2023,0,0.11996825396707736
259,Poland,2017,0,0.0028573614136037846
260,Poland,2018,0,0.0010160380856362968
261,Poland,2019,0,0.005119003588448454
262,Poland,2020,0,0.001082151568348586
263,Poland,2021,0,0.0029225925846238354
264,Poland,2022,0,0.009345585611145806
265,Poland,2023,0,0.008939668033540479
266,Austria,2017,0,0.004063915495861683
267,Austria,2018,0,0.0025001337845785925
268,Austria,2019,0,0.0025089494827985025
269,Austria,2020,1,0.0026702522484924503
270,Austria,2021,0,0.08649282780914903
271,Austria,2022,0,0.050355523598798003
272,Austria,2023,0,0.017926430008429427
273,Hungary,2017,0,0.0008565002057741524
274,Hungary,2018,0,0.0008565002057741524
275,Hungary,2019,0,0.0008565002057741524
276,Hungary,2020,0,0.0008630068010396433
277,Hungary,2021,0,0.0023052845770442755
278,Hungary,2022,0,0.021684028402991887
279,Hungary,2023,0,0.029326094610808907
280,Czechia,2017,0,0.001222490742811646
281,Czechia,2018,0,0.016242833218514892
282,Czechia,2019,0,0.040360755302242424
283,Czechia,2020,0,0.04024698001863148
284,Czechia,2021,0,0.07082374769554958
285,Czechia,2022,0,0.10575043773704672
286,Czechia,2023,0,0.08457519989506963
287,Slovakia,2017,0,0.022600461831467286
288,Slovakia,2018,0,0.02229365994599812
289,Slovakia,2019,0,0.02396070631488673
290,Slovakia,2020,0,0.023503912810917838
291,Slovakia,2021,0,0.016844050671954106
292,Slovakia,2022,0,0.03869953744109904
293,Slovakia,2023,0,0.03770094186312609
294,Italy,2017,0,0.021910105193749356
295,Italy,2018,0,0.03276010480168425
296,Italy,2019,0,0.032981323253265304
297,Italy,2020,0,0.013171664313092385
298,Italy,2021,0,0.04932621607188364
299,Italy,2022,0,0.017245941009158338
300,Italy,2023,0,0.01689684276905735
301,Malta,2017,0,0.0707226189497286
302,Malta,2018,0,0.06350522813811717
303,Malta,2019,0,0.06493962847029906
304,Malta,2020,0,0.04189535548088041
305,Malta,2021,0,0.043018893247997896
306,Malta,2022,0,0.06645500085858984
307,Malta,2023,0,0.07568316435958324
308,Albania,2017,0,0.0008674035900890819
309,Albania,2018,0,0.020546847084569313
310,Albania,2019,0,0.0027304083109040886
311,Albania,2020,0,0.02240985180538432
312,Albania,2021,0,0.011599905643381585
313,Albania,2022,0,0.058537348966684305
314,Albania,2023,0,0.06154614403701637
315,Serbia,2017,0,0.0040119620967955915
316,Serbia,2018,0,0.010975023474075196
317,Serbia,2019,0,0.030717748923606736
318,Serbia,2020,0,0.030532501976742864
319,Serbia,2021,0,0.03221910523596763
320,Serbia,2022,0,0.07027399786559141
321,Serbia,2023,0,0.06526123178729412
322,Montenegro,2017,0,0.017544635527750804
323,Montenegro,2018,0,0.022465515505779035
324,Montenegro,2019,0,0.022906747934927557
325,Montenegro,2020,0,0.04262283064994775
326,Montenegro,2021,0,0.04485702846895101
327,Montenegro,2022,0,0.06386496119882326
328,Montenegro,2023,0,0.04627183156372795
329,North Macedonia,2017,0,0.02831087039697031
330,North Macedonia,2018,0,0.05137949165136355
331,North Macedonia,2019,0,0.014965549671839072
332,North Macedonia,2020,0,0.00968224091237386
333,North Macedonia,2021,0,0.01680836617587237
334,North Macedonia,2022,0,0.05999293495383195
335,North Macedonia,2023,0,0.0693077028186424
336,Croatia,2017,0,0.0016322174691187903
337,Croatia,2018,0,0.0016322174691187903
338,Croatia,2019,0,0.01914997232470421
339,Croatia,2020,0,0.009590013933491027
340,Croatia,2021,0,0.01327836782426148
341,Croatia,2022,0,0.029892589344298986
342,Croatia,2023,0,0.03900839670792581
343,Bosnia-Herzegovina,2017,0,0.03811317069341761
344,Bosnia-Herzegovina,2018,0,0.06602244959714326
345,Bosnia-Herzegovina,2019,0,0.07428306302689545
346,Bosnia-Herzegovina,2020,0,0.08864049483653426
347,Bosnia-Herzegovina,2021,0,0.09016367154210837
348,Bosnia-Herzegovina,2022,0,0.12936098945948643
349,Bosnia-Herzegovina,2023,0,0.1307236460817249
350,Slovenia,2017,0,0.02504917171391599
351,Slovenia,2018,0,0.02497924405090918
352,Slovenia,2019,0,0.03712335913986546
353,Slovenia,2020,0,0.04419787783836697
354,Slovenia,2021,0,0.02885379160112424
355,Slovenia,2022,0,0.07540052978109596
356,Slovenia,2023,0,0.10887227550788893
357,Greece,2017,0,0.03175562853665172
358,Greece,2018,0,0.025806626289759705
359,Greece,2019,0,0.06616081163473429
360,Greece,2020,0,0.0818201703552174
361,Greece,2021,0,0.10772960831032413
362,Greece,2022,0,0.11558166494756722
363,Greece,2023,0,0.13302331709682735
364,Cyprus,2017,0,0.0013522045453269375
365,Cyprus,2018,0,0.0014803502361838846
366,Cyprus,2019,0,0.0015941255197948242
367,Cyprus,2020,0,0.0018015928219936085
368,Cyprus,2021,0,0.06932726504150981
369,Cyprus,2022,0,0.06536823765411594
370,Cyprus,2023,0,0.06627939985025211
371,Bulgaria,2017,0,0.011577479195360785
372,Bulgaria,2018,0,0.039103046865128666
373,Bulgaria,2019,0,0.06517750417875832
374,Bulgaria,2020,0,0.0663932578316708
375,Bulgaria,2021,0,0.06086659544545905
376,Bulgaria,2022,0,0.07572671934494092
377,Bulgaria,2023,0,0.07174603725946589
378,Moldova,2017,0,0.040694767802223905
379,Moldova,2018,0,0.08110813562137614
380,Moldova,2019,0,0.08644421139083847
381,Moldova,2020,0,0.06121007347541871
382,Moldova,2021,0,0.07270130418202797
383,Moldova,2022,0,0.18233324605638662
384,Moldova,2023,0,0.13880368940124216
385,Romania,2017,0,0.006203410861520694
386,Romania,2018,0,0.013057702230018276
387,Romania,2019,0,0.022971091778218846
388,Romania,2020,0,0.01943966775787348
389,Romania,2021,0,0.011099181106058528
390,Romania,2022,0,0.03115015224262402
391,Romania,2023,0,0.03839971581954417
392,Russia (Soviet Union),2017,0,0.8243447006361541
393,Russia (Soviet Union),2018,1,0.6640235137979037
394,Russia (Soviet Union),2019,0,0.7466036385140936
395,Russia (Soviet Union),2020,1,0.7008796226809957
396,Russia (Soviet Union),2021,0,0.7703608896633699
397,Russia (Soviet Union),2022,0,0.6441027782282864
398,Russia (Soviet Union),2023,0,0.6237229667699039
399,Estonia,2017,0,0.001142322694387615
400,Estonia,2018,0,0.008889653801271491
401,Estonia,2019,0,0.007331688279785845
402,Estonia,2020,0,0.016166201901517494
403,Estonia,2021,0,0.013392589664341058
404,Estonia,2022,0,0.05165770600577269
405,Estonia,2023,0,0.018477365038481
406,Latvia,2017,0,0.014821792890558011
407,Latvia,2018,0,0.03518250914815533
408,Latvia,2019,0,0.03192999125949818
409,Latvia,2020,0,0.050040223143787164
410,Latvia,2021,0,0.03256249818138476
411,Latvia,2022,0,0.031297112899508275
412,Latvia,2023,0,0.018155260587139087
413,Lithuania,2017,0,0.007983381358910122
414,Lithuania,2018,0,0.016034232751947118
415,Lithuania,2019,0,0.010765188914834403
416,Lithuania,2020,0,0.016144333244892294
417,Lithuania,2021,0,0.00814326264298968
418,Lithuania,2022,0,0.02731676561482832
419,Lithuania,2023,0,0.021721605971756937
420,Ukraine,2017,0,0.06954892097315983
421,Ukraine,2018,0,0.10620118295607796
422,Ukraine,2019,0,0.2162107385559546
423,Ukraine,2020,0,0.23792900688777943
424,Ukraine,2021,0,0.23283411007776547
425,Ukraine,2022,1,0.10646851443764568
426,Ukraine,2023,1,0.38851006853816294
427,Belarus,2017,0,0.023455674153031063
428,Belarus,2018,0,0.023732251130420788
429,Belarus,2019,0,0.023451069206564416
430,Belarus,2020,0,0.2053373389687931
431,Belarus,2021,0,0.17048292474979213
432,Belarus,2022,0,0.1978242937403913
433,Belarus,2023,0,0.17856217853021777
434,Armenia,2017,0,0.17066082379493647
435,Armenia,2018,0,0.14784985719965676
436,Armenia,2019,0,0.12854731516428025
437,Armenia,2020,0,0.18019413954560873
438,Armenia,2021,0,0.18694254016734446
439,Armenia,2022,0,0.1384371310172258
440,Armenia,2023,0,0.1460957464342171
441,Georgia,2017,0,0.028070033942141477
442,Georgia,2018,0,0.04210540514675434
443,Georgia,2019,0,0.04157296024975145
444,Georgia,2020,0,0.04125655790780424
445,Georgia,2021,0,0.058073104937948566
446,Georgia,2022,0,0.07370970815343227
447,Georgia,2023,1,0.05277381521607945
448,Azerbaijan,2017,0,0.04968156392797901
449,Azerbaijan,2018,0,0.08099154356808708
450,Azerbaijan,2019,0,0.10609607024256518
451,Azerbaijan,2020,0,0.08735123678604079
452,Azerbaijan,2021,0,0.08812678703796611
453,Azerbaijan,2022,0,0.14001758104431913
454,Azerbaijan,2023,0,0.14640682386796114
455,Finland,2017,0,0.006260353854224221
456,Finland,2018,0,0.006277774240212981
457,Finland,2019,0,0.006773969987949627
458,Finland,2020,0,0.005321157306591591
459,Finland,2021,0,0.007082563572091004
460,Finland,2022,0,0.012673568877973183
461,Finland,2023,0,0.022783162852929834
462,Sweden,2017,1,0.02381701276213749
463,Sweden,2018,0,0.18843500883772027
464,Sweden,2019,0,0.09362790623423313
465,Sweden,2020,0,0.07637447009776525
466,Sweden,2021,0,0.062165962771036073
467,Sweden,2022,0,0.04750539436940381
468,Sweden,2023,0,0.04121122049783789
469,Norway,2017,0,0.01704381014663195
470,Norway,2018,0,0.024226246061055556
471,Norway,2019,0,0.02643578405186398
472,Norway,2020,0,0.031661157058421555
473,Norway,2021,0,0.031720100273187536
474,Norway,2022,0,0.04129795704707221
475,Norway,2023,0,0.036643683684403086
476,Denmark,2017,0,0.03564069650269439
477,Denmark,2018,0,0.019991581945980594
478,Denmark,2019,0,0.01945765627090443
479,Denmark,2020,0,0.019428415748691398
480,Denmark,2021,0,0.019314640465080458
481,Denmark,2022,0,0.030560036747640587
482,Denmark,2023,0,0.032475368437020494
483,Iceland,2017,0,0.018750110846577277
484,Iceland,2018,0,0.022377037585172233
485,Iceland,2019,0,0.02243807384215834
486,Iceland,2020,0,0.026352485385439474
487,Iceland,2021,0,0.02604701362629342
488,Iceland,2022,0,0.01568731654738517
489,Iceland,2023,0,0.019612933869834644
490,Cabo Verde,2017,0,0.0032724754377190203
491,Cabo Verde,2018,0,0.0038982394975791883
492,Cabo Verde,2019,0,0.003958919648838355
493,Cabo Verde,2020,0,0.003958919648838355
494,Cabo Verde,2021,0,0.0038223893085052286
495,Cabo Verde,2022,0,0.011200481770455468
496,Cabo Verde,2023,0,0.01110837796943709
497,Guinea-Bissau,2017,0,0.03658359489688806
498,Guinea-Bissau,2018,0,0.03305955197556937
499,Guinea-Bissau,2019,0,0.082638180480312
500,Guinea-Bissau,2020,0,0.08541558783756173
501,Guinea-Bissau,2021,0,0.0746044890840624
502,Guinea-Bissau,2022,0,0.09483809735252009
503,Guinea-Bissau,2023,0,0.11102916990318157
504,Equatorial Guinea,2017,0,0.08579109105226396
505,Equatorial Guinea,2018,0,0.09725660022896832
506,Equatorial Guinea,2019,0,0.09949914575608611
507,Equatorial Guinea,2020,0,0.10885094300874588
508,Equatorial Guinea,2021,0,0.09450751333009932
509,Equatorial Guinea,2022,0,0.12916924291140147
510,Equatorial Guinea,2023,0,0.13612577938331508
511,Gambia,2017,0,0.1028489036645075
512,Gambia,2018,0,0.06342815736053506
513,Gambia,2019,0,0.1020221677737984
514,Gambia,2020,0,0.10995103022317669
515,Gambia,2021,0,0.1561468472637241
516,Gambia,2022,0,0.08040141089497467
517,Gambia,2023,0,0.07468113301048569
518,Mali,2017,1,0.9100704135233832
519,Mali,2018,1,0.9010813435515937
520,Mali,2019,1,0.8959377656497716
521,Mali,2020,1,0.8621976167953982
522,Mali,2021,1,0.8675074084014742
523,Mali,2022,1,0.8494777707448933
524,Mali,2023,1,0.845137493915133
525,Senegal,2017,0,0.13755983473353567
526,Senegal,2018,1,0.15305524411883303
527,Senegal,2019,0,0.24996825577061066
528,Senegal,2020,0,0.14658762107443649
529,Senegal,2021,0,0.10650054112207978
530,Senegal,2022,0,0.1534062802626376
531,Senegal,2023,0,0.16426965118125886
532,Benin,2017,0,0.10580863917289221
533,Benin,2018,0,0.12309620138563052
534,Benin,2019,1,0.15339100566080355
535,Benin,2020,0,0.2683124659547375
536,Benin,2021,0,0.17930672629392275
537,Benin,2022,0,0.1414229043314554
538,Benin,2023,1,0.1773348695977568
539,Mauritania,2017,0,0.15074673108907005
540,Mauritania,2018,0,0.16138207236142882
541,Mauritania,2019,0,0.18918884957829252
542,Mauritania,2020,0,0.17864556463959266
543,Mauritania,2021,0,0.18004787232218694
544,Mauritania,2022,0,0.16217653115189612
545,Mauritania,2023,0,0.14887398529685536
546,Niger,2017,1,0.6254231084237221
547,Niger,2018,1,0.6244263411224146
548,Niger,2019,1,0.6250151645502201
549,Niger,2020,1,0.6202461023909043
550,Niger,2021,1,0.6031737215579157
551,Niger,2022,1,0.6107171426551606
552,Niger,2023,1,0.6414645343633547
553,Ivory Coast,2017,0,0.6618317117141246
554,Ivory Coast,2018,0,0.4479343587771752
555,Ivory Coast,2019,0,0.5330720838834182
556,Ivory Coast,2020,1,0.5739637766278322
557,Ivory Coast,2021,0,0.588891608886605
558,Ivory Coast,2022,0,0.5283307283164425
559,Ivory Coast,2023,0,0.4957576945397386
560,Guinea,2017,0,0.2832784711269688
561,Guinea,2018,0,0.24211084264104443
562,Guinea,2019,1,0.27559084734448946
563,Guinea,2020,0,0.40419699914925294
564,Guinea,2021,0,0.3013810108807317
565,Guinea,2022,0,0.278536793547255
566,Guinea,2023,0,0.3074506662191231
567,Burkina Faso,2017,1,0.5398547681695004
568,Burkina Faso,2018,1,0.47753877821610025
569,Burkina Faso,2019,1,0.44854826949789983
570,Burkina Faso,2020,1,0.4457762746667435
571,Burkina Faso,2021,1,0.45886845794886044
572,Burkina Faso,2022,1,0.5052111815337355
573,Burkina Faso,2023,1,0.5343866879467428
574,Liberia,2017,0,0.09005979072522187
575,Liberia,2018,0,0.11482202345407343
576,Liberia,2019,1,0.17206928121884385
577,Liberia,2020,1,0.3537674775421174
578,Liberia,2021,0,0.344769143865681
579,Liberia,2022,0,0.23280986264702574
580,Liberia,2023,0,0.19696600813044593
581,Sierra Leone,2017,0,0.06103519426878037
582,Sierra Leone,2018,0,0.11066267579160383
583,Sierra Leone,2019,0,0.10362603320923741
584,Sierra Leone,2020,0,0.11347548683073751
585,Sierra Leone,2021,1,0.09566998360703415
586,Sierra Leone,2022,0,0.3010206728093348
587,Sierra Leone,2023,0,0.1961097339388735
588,Ghana,2017,0,0.10027217246373311
589,Ghana,2018,0,0.1022559969065336
590,Ghana,2019,0,0.10697209850992383
591,Ghana,2020,0,0.11122614412777429
592,Ghana,2021,0,0.11465883182169313
593,Ghana,2022,0,0.12688687994589676
594,Ghana,2023,0,0.13752304000718044
595,Togo,2017,0,0.11032923189861493
596,Togo,2018,0,0.18681949588007885
597,Togo,2019,1,0.16506231809731342
598,Togo,2020,0,0.26258377749956474
599,Togo,2021,0,0.1310242374099537
600,Togo,2022,1,0.13391927877204207
601,Togo,2023,1,0.3739137856305226
602,Cameroon,2017,1,0.785900684869676
603,Cameroon,2018,1,0.7349855979184581
604,Cameroon,2019,1,0.7172198992287002
605,Cameroon,2020,1,0.654024323695817
606,Cameroon,2021,1,0.7145800395361164
607,Cameroon,2022,1,0.7289299653856123
608,Cameroon,2023,1,0.6745950921053356
609,Nigeria,2017,1,0.9552964725924951
610,Nigeria,2018,1,0.9506552633664831
611,Nigeria,2019,1,0.9409668857555087
612,Nigeria,2020,1,0.930958855362968
613,Nigeria,2021,1,0.9353039531027822
614,Nigeria,2022,1,0.9214036048778133
615,Nigeria,2023,1,0.9042662841933771
616,Gabon,2017,0,0.04456170012784545
617,Gabon,2018,0,0.046733806487456356
618,Gabon,2019,0,0.04194941562392958
619,Gabon,2020,0,0.047798369013289384
620,Gabon,2021,0,0.04939702242940375
621,Gabon,2022,0,0.07169924936915026
622,Gabon,2023,0,0.08462804159733699
623,Central African Republic,2017,1,0.9461652037270536
624,Central African Republic,2018,1,0.9350416439628546
625,Central African Republic,2019,1,0.9177635993954134
626,Central African Republic,2020,1,0.8973245791282436
627,Central African Republic,2021,1,0.9022276577809942
628,Central African Republic,2022,1,0.9069732049969305
629,Central African Republic,2023,1,0.9109379701155085
630,Chad,2017,1,0.7868991303180074
631,Chad,2018,1,0.7313781713940964
632,Chad,2019,1,0.7452090203687329
633,Chad,2020,1,0.7322140716837171
634,Chad,2021,1,0.6110076623985276
635,Chad,2022,1,0.5966596864942495
636,Chad,2023,1,0.5992763078659288
637,Congo,2017,0,0.0937081908340679
638,Congo,2018,0,0.14441945929334224
639,Congo,2019,0,0.14996590187499145
640,Congo,2020,0,0.16552404114466854
641,Congo,2021,0,0.10922831067094463
642,Congo,2022,0,0.1080865837225462
643,Congo,2023,0,0.10946956054271162
644,DR Congo (Zaire),2017,1,0.9688631474583909
645,DR Congo (Zaire),2018,1,0.9493395248530654
646,DR Congo (Zaire),2019,1,0.8088648039859054
647,DR Congo (Zaire),2020,1,0.9083159180788327
648,DR Congo (Zaire),2021,1,0.8097577987007492
649,DR Congo (Zaire),2022,1,0.9467812421612052
650,DR Congo (Zaire),2023,1,0.937983738502786
651,Uganda,2017,0,0.28367118449441736
652,Uganda,2018,1,0.3192691214809782
653,Uganda,2019,1,0.4768856649468139
654,Uganda,2020,0,0.4848277464003423
655,Uganda,2021,1,0.4066212991343231
656,Uganda,2022,0,0.4909932287957647
657,Uganda,2023,1,0.47027521286417584
658,Kenya,2017,1,0.9192890967520695
659,Kenya,2018,1,0.9197612150759245
660,Kenya,2019,1,0.9201907499955493
661,Kenya,2020,1,0.8938110448237567
662,Kenya,2021,1,0.8859022368705032
663,Kenya,2022,1,0.7869893413206487
664,Kenya,2023,1,0.7649934441100585
665,Tanzania,2017,1,0.3412883479375248
666,Tanzania,2018,1,0.4341338026546177
667,Tanzania,2019,1,0.4374730039343977
668,Tanzania,2020,1,0.4159053842587571
669,Tanzania,2021,1,0.38444350288533685
670,Tanzania,2022,1,0.377382929946701
671,Tanzania,2023,0,0.4046676369749938
672,Burundi,2017,1,0.8134701227252373
673,Burundi,2018,1,0.7141874018443555
674,Burundi,2019,1,0.6998715566089505
675,Burundi,2020,1,0.6585986154265103
676,Burundi,2021,1,0.6030176147493128
677,Burundi,2022,1,0.5624094683437388
678,Burundi,2023,1,0.5171409359931589
679,Rwanda,2017,1,0.5342118035639153
680,Rwanda,2018,1,0.5428246761751354
681,Rwanda,2019,0,0.5443902837132485
682,Rwanda,2020,0,0.4257018514320161
683,Rwanda,2021,0,0.3629902155613567
684,Rwanda,2022,1,0.4002547110978555
685,Rwanda,2023,0,0.5716330541031303
686,Somalia,2017,1,0.8712926223051555
687,Somalia,2018,1,0.778484985408431
688,Somalia,2019,1,0.7978423014107299
689,Somalia,2020,1,0.7925252848168195
690,Somalia,2021,1,0.7368896783467166
691,Somalia,2022,1,0.6548206135623298
692,Somalia,2023,1,0.6474832719526641
693,Djibouti,2017,0,0.13125191306617248
694,Djibouti,2018,0,0.07067461365816724
695,Djibouti,2019,0,0.07087223151029064
696,Djibouti,2020,0,0.07049342618248933
697,Djibouti,2021,0,0.09325717344934029
698,Djibouti,2022,0,0.08841603093345922
699,Djibouti,2023,0,0.08694461106768592
700,Ethiopia,2017,1,0.838594917304271
701,Ethiopia,2018,1,0.8361411904523517
702,Ethiopia,2019,1,0.8080922348821643
703,Ethiopia,2020,1,0.8485807019886689
704,Ethiopia,2021,1,0.8582765991827966
705,Ethiopia,2022,1,0.8503941134285008
706,Ethiopia,2023,1,0.8599217791821956
707,Eritrea,2017,0,0.03377914458417717
708,Eritrea,2018,0,0.0613513242254013
709,Eritrea,2019,0,0.09142212935830729
710,Eritrea,2020,0,0.13561485988085967
711,Eritrea,2021,0,0.13765764173131834
712,Eritrea,2022,0,0.12718876387664987
713,Eritrea,2023,0,0.11126216989253067
714,Angola,2017,1,0.43017839711198536
715,Angola,2018,1,0.40339791928244323
716,Angola,2019,1,0.42815798172944447
717,Angola,2020,1,0.4396158489472319
718,Angola,2021,1,0.45844326709004496
719,Angola,2022,1,0.44814838478349067
720,Angola,2023,0,0.4844696607263165
721,Mozambique,2017,1,0.4568892344916218
722,Mozambique,2018,1,0.41013488582431246
723,Mozambique,2019,1,0.38252470277017914
724,Mozambique,2020,1,0.5679393146646823
725,Mozambique,2021,1,0.5364206485673616
726,Mozambique,2022,1,0.4859140863705128
727,Mozambique,2023,1,0.4898526278519419
728,Zambia,2017,0,0.06289071600321076
729,Zambia,2018,0,0.10718985461241284
730,Zambia,2019,0,0.14749000170010623
731,Zambia,2020,0,0.1965363491245454
732,Zambia,2021,0,0.18773226163486917
733,Zambia,2022,0,0.14857357773135685
734,Zambia,2023,0,0.16157460723179945
735,Zimbabwe,2017,0,0.19073263374919408
736,Zimbabwe,2018,1,0.16390888775285797
737,Zimbabwe,2019,1,0.3756342983908352
738,Zimbabwe,2020,1,0.4640918640213958
739,Zimbabwe,2021,0,0.42774269042917856
740,Zimbabwe,2022,0,0.27091411866752046
741,Zimbabwe,2023,0,0.2890647703546504
742,Malawi,2017,0,0.11003005578573839
743,Malawi,2018,0,0.11621595641666446
744,Malawi,2019,0,0.11854796866844831
745,Malawi,2020,0,0.14852699346091647
746,Malawi,2021,0,0.15879574244713912
747,Malawi,2022,0,0.19707752716268107
748,Malawi,2023,0,0.2420170022802059
749,South Africa,2017,0,0.1665827068607523
750,South Africa,2018,1,0.16100677180180262
751,South Africa,2019,1,0.2794306259737901
752,South Africa,2020,1,0.2507918945449586
753,South Africa,2021,0,0.3556667415564535
754,South Africa,2022,0,0.29294653140766863
755,South Africa,2023,1,0.2798121634027269
756,Namibia,2017,0,0.026635859674531043
757,Namibia,2018,0,0.07737873603844005
758,Namibia,2019,0,0.07779701101710959
759,Namibia,2020,0,0.15264545954386202
760,Namibia,2021,0,0.1631525047164464
761,Namibia,2022,0,0.15238045218018223
762,Namibia,2023,0,0.11093718567605859
763,Lesotho,2017,0,0.04754805653924444
764,Lesotho,2018,0,0.04839197671944182
765,Lesotho,2019,0,0.0913509785823306
766,Lesotho,2020,0,0.0758248920792676
767,Lesotho,2021,0,0.07400733372850773
768,Lesotho,2022,0,0.07375086240170763
769,Lesotho,2023,0,0.06048662379613172
770,Botswana,2017,0,0.009096811472605425
771,Botswana,2018,0,0.00895867294745715
772,Botswana,2019,0,0.049243819781990376
773,Botswana,2020,0,0.04213157739614267
774,Botswana,2021,0,0.05691882847194626
775,Botswana,2022,0,0.02271439228230086
776,Botswana,2023,0,0.038461436317096157
777,eSwatini,2017,0,0.049716378112161744
778,eSwatini,2018,0,0.07857209198094231
779,eSwatini,2019,1,0.04976670290386977
780,eSwatini,2020,1,0.15569986819549833
781,eSwatini,2021,1,0.13462760607004476
782,eSwatini,2022,1,0.20763128787925267
783,eSwatini,2023,1,0.21994653612396697
784,Madagascar,2017,1,0.09068771268736778
785,Madagascar,2018,0,0.24237174488557797
786,Madagascar,2019,1,0.19751742304493508
787,Madagascar,2020,1,0.3252906706393426
788,Madagascar,2021,0,0.33690875027505485
789,Madagascar,2022,0,0.24282651437499347
790,Madagascar,2023,0,0.19855077457083517
791,Comoros,2017,0,0.02773740909792853
792,Comoros,2018,0,0.036583555151098304
793,Comoros,2019,0,0.01975762840818094
794,Comoros,2020,0,0.026319684192323226
795,Comoros,2021,0,0.03284871849407302
796,Comoros,2022,0,0.02645375421822411
797,Comoros,2023,0,0.030046044406040195
798,Mauritius,2017,0,0.011158378554384901
799,Mauritius,2018,0,0.011618988673085532
800,Mauritius,2019,0,0.011694838862159494
801,Mauritius,2020,0,0.058028697577899656
802,Mauritius,2021,0,0.06208137453278093
803,Mauritius,2022,0,0.06386782272546127
804,Mauritius,2023,0,0.07064258939211826
805,Morocco,2017,0,0.13108700480066943
806,Morocco,2018,0,0.08390124070012808
807,Morocco,2019,0,0.11928016325719895
808,Morocco,2020,0,0.12439846083849514
809,Morocco,2021,0,0.13555063797597064
810,Morocco,2022,0,0.14009004162013522
811,Morocco,2023,0,0.15480938124968707
812,Algeria,2017,0,0.2630963784685811
813,Algeria,2018,1,0.23750636986149654
814,Algeria,2019,1,0.44334621058426105
815,Algeria,2020,0,0.35417943323470313
816,Algeria,2021,0,0.2956525417058399
817,Algeria,2022,0,0.19337762791858504
818,Algeria,2023,0,0.22305406660083427
819,Tunisia,2017,0,0.28595559670053183
820,Tunisia,2018,1,0.24240498899175078
821,Tunisia,2019,0,0.411133431141537
822,Tunisia,2020,0,0.25952700381968064
823,Tunisia,2021,0,0.2515012861484544
824,Tunisia,2022,0,0.2571778621576891
825,Tunisia,2023,0,0.22965378295592298
826,Libya,2017,1,0.6669741085952713
827,Libya,2018,1,0.6166763511971574
828,Libya,2019,1,0.5278236915731437
829,Libya,2020,1,0.4829305640779594
830,Libya,2021,0,0.478264835994722
831,Libya,2022,0,0.35379283369279435
832,Libya,2023,0,0.3784271970316848
833,Sudan,2017,1,0.9100980804017607
834,Sudan,2018,1,0.9292294145125495
835,Sudan,2019,1,0.8795258616471615
836,Sudan,2020,1,0.8604277457615012
837,Sudan,2021,1,0.9230920157340758
838,Sudan,2022,1,0.919368661196442
839,Sudan,2023,1,0.9461057027181874
840,South Sudan,2017,1,0.6696280490499057
841,South Sudan,2018,1,0.6692769306277474
842,South Sudan,2019,1,0.6645284247728777
843,South Sudan,2020,1,0.6590516864523597
844,South Sudan,2021,1,0.5826733696380211
845,South Sudan,2022,1,0.5679876224662206
846,South Sudan,2023,1,0.498568800221611
847,Iran,2017,0,0.20565556667431928
848,Iran,2018,1,0.2461760614110765
849,Iran,2019,1,0.40703327168462133
850,Iran,2020,1,0.42351737577427906
851,Iran,2021,1,0.4073491924058341
852,Iran,2022,1,0.4126524750633179
853,Iran,2023,1,0.42956009366465964
854,Turkey,2017,1,0.7090599296388547
855,Turkey,2018,0,0.6661171936173115
856,Turkey,2019,1,0.601747907107451
857,Turkey,2020,1,0.6401252907291222
858,Turkey,2021,0,0.6458837525919676
859,Turkey,2022,1,0.6149229281498021
860,Turkey,2023,1,0.67103268385486
861,Iraq,2017,1,0.8903267953673161
862,Iraq,2018,1,0.8989973579437588
863,Iraq,2019,1,0.8218130456231656
864,Iraq,2020,1,0.8315980468383386
865,Iraq,2021,1,0.8228920670647291
866,Iraq,2022,1,0.7843003159136146
867,Iraq,2023,1,0.7779835504859821
868,Egypt,2017,1,0.6430390709726741
869,Egypt,2018,1,0.5546638129512729
870,Egypt,2019,1,0.4750819874053336
871,Egypt,2020,1,0.4387472529701478
872,Egypt,2021,1,0.43268761992835475
873,Egypt,2022,1,0.4120503596376951
874,Egypt,2023,1,0.431077681838978
875,Syria,2017,1,0.7286209532678775
876,Syria,2018,1,0.7450566490042826
877,Syria,2019,1,0.6696143221195991
878,Syria,2020,1,0.6733673809455034
879,Syria,2021,1,0.6556876665629541
880,Syria,2022,1,0.6448409498447463
881,Syria,2023,1,0.6293789351156531
882,Lebanon,2017,0,0.6595139860209128
883,Lebanon,2018,0,0.5335375928811628
884,Lebanon,2019,0,0.5326754304884483
885,Lebanon,2020,0,0.5396671933531945
886,Lebanon,2021,0,0.5152785594478555
887,Lebanon,2022,0,0.5227204666936569
888,Lebanon,2023,0,0.5061330447270063
889,Jordan,2017,0,0.06734360947689882
890,Jordan,2018,0,0.08574469577609821
891,Jordan,2019,0,0.04973348494102912
892,Jordan,2020,0,0.10219627576470294
893,Jordan,2021,0,0.0974693560217052
894,Jordan,2022,0,0.11918853091012951
895,Jordan,2023,0,0.10441601813286469
896,Israel,2017,1,0.7941481846234746
897,Israel,2018,1,0.789576906869254
898,Israel,2019,1,0.7218784558517202
899,Israel,2020,1,0.7326568122314953
900,Israel,2021,1,0.7818715666810443
901,Israel,2022,1,0.7800558576364657
902,Israel,2023,1,0.7875628613235249
903,Saudi Arabia,2017,0,0.6193804693381569
904,Saudi Arabia,2018,0,0.4531003111392424
905,Saudi Arabia,2019,1,0.4219001985492661
906,Saudi Arabia,2020,0,0.6021463043178703
907,Saudi Arabia,2021,0,0.44026245941375775
908,Saudi Arabia,2022,0,0.3141128941406436
909,Saudi Arabia,2023,0,0.33758198185202704
910,Yemen (North Yemen),2017,1,0.6186962005077076
911,Yemen (North Yemen),2018,1,0.5419983630407533
912,Yemen (North Yemen),2019,1,0.5333144265217252
913,Yemen (North Yemen),2020,1,0.5602717983271488
914,Yemen (North Yemen),2021,1,0.5197507440830302
915,Yemen (North Yemen),2022,1,0.4990912839965994
916,Yemen (North Yemen),2023,1,0.5013582555152334
917,Kuwait,2017,0,0.23550185639867094
918,Kuwait,2018,0,0.23693493577145297
919,Kuwait,2019,0,0.17616580010176167
920,Kuwait,2020,0,0.1804685754318369
921,Kuwait,2021,0,0.14703442083011198
922,Kuwait,2022,0,0.1314541795668453
923,Kuwait,2023,0,0.12219167392754324
924,Bahrain,2017,0,0.12977731640039436
925,Bahrain,2018,0,0.14271392003997446
926,Bahrain,2019,0,0.1274947658394502
927,Bahrain,2020,0,0.12641745524034154
928,Bahrain,2021,0,0.10405325583712517
929,Bahrain,2022,0,0.15055741837424497
930,Bahrain,2023,0,0.12874390173065192
931,Qatar,2017,0,0.033759460519974124
932,Qatar,2018,0,0.00562297397343553
933,Qatar,2019,0,0.00577467435158345
934,Qatar,2020,0,0.03849229453702795
935,Qatar,2021,0,0.014174172439211572
936,Qatar,2022,0,0.022315809750845385
937,Qatar,2023,0,0.0267342265336526
938,United Arab Emirates,2017,0,0.049317973170616744
939,United Arab Emirates,2018,0,0.020412571477165083
940,United Arab Emirates,2019,0,0.020673568242803447
941,United Arab Emirates,2020,0,0.05040841125681962
942,United Arab Emirates,2021,0,0.020965366079861568
943,United Arab Emirates,2022,0,0.021690910657308098
944,United Arab Emirates,2023,0,0.021952270666398627
945,Oman,2017,0,0.037417121088373646
946,Oman,2018,0,0.04419337916361593
947,Oman,2019,0,0.043375184560646596
948,Oman,2020,0,0.043405107673833127
949,Oman,2021,0,0.043397917647768416
950,Oman,2022,0,0.043333974854192714
951,Oman,2023,0,0.042827211589850006
952,Afghanistan,2017,1,0.8890758720415964
953,Afghanistan,2018,1,0.862848845795908
954,Afghanistan,2019,1,0.8258820508046425
955,Afghanistan,2020,1,0.8143623586229469
956,Afghanistan,2021,1,0.781627504862246
957,Afghanistan,2022,1,0.7636599202028891
958,Afghanistan,2023,1,0.7812152786223792
959,Turkmenistan,2017,0,0.030738022787557315
960,Turkmenistan,2018,0,0.029366012962165476
961,Turkmenistan,2019,0,0.05656024574578215
962,Turkmenistan,2020,0,0.048454904813552316
963,Turkmenistan,2021,0,0.055118013321591344
964,Turkmenistan,2022,0,0.06208308236009248
965,Turkmenistan,2023,0,0.06797304305238058
966,Tajikistan,2017,0,0.08991429559684058
967,Tajikistan,2018,1,0.09149038339849956
968,Tajikistan,2019,0,0.24019889209903397
969,Tajikistan,2020,0,0.1692878478027935
970,Tajikistan,2021,0,0.17559863146753907
971,Tajikistan,2022,0,0.2081642547371907
972,Tajikistan,2023,0,0.14897391779920524
973,Kyrgyzstan,2017,0,0.031453238977042344
974,Kyrgyzstan,2018,0,0.06647576875623584
975,Kyrgyzstan,2019,0,0.03255039631115976
976,Kyrgyzstan,2020,0,0.04962663865266119
977,Kyrgyzstan,2021,0,0.10213099178680701
978,Kyrgyzstan,2022,1,0.12196203057718663
979,Kyrgyzstan,2023,0,0.27154772486891016
980,Uzbekistan,2017,0,0.04990969040881811
981,Uzbekistan,2018,0,0.048597345060261796
982,Uzbekistan,2019,0,0.047986335076309256
983,Uzbekistan,2020,0,0.05887234960901243
984,Uzbekistan,2021,0,0.07397492120538762
985,Uzbekistan,2022,0,0.08327328298381376
986,Uzbekistan,2023,0,0.08468917763664918
987,Kazakhstan,2017,0,0.04391336268506871
988,Kazakhstan,2018,0,0.06674350253785052
989,Kazakhstan,2019,0,0.07503450419888469
990,Kazakhstan,2020,0,0.0945628389529927
991,Kazakhstan,2021,0,0.08570439556885089
992,Kazakhstan,2022,0,0.11621611656821872
993,Kazakhstan,2023,0,0.09330105752657147
994,China,2017,0,0.0666303098059567
995,China,2018,0,0.0709370707488229
996,China,2019,0,0.07600897958173128
997,China,2020,0,0.11811483908950594
998,China,2021,0,0.1300931827500177
999,China,2022,0,0.1597709932112169
1000,China,2023,0,0.1566041980154781
1001,Mongolia,2017,0,0.025781416907465382
1002,Mongolia,2018,0,0.049681297636159825
1003,Mongolia,2019,0,0.0689212644650761
1004,Mongolia,2020,0,0.07098160592145494
1005,Mongolia,2021,0,0.06851588845159978
1006,Mongolia,2022,0,0.07502556944224008
1007,Mongolia,2023,0,0.08957998890239259
1008,South Korea,2017,0,0.09403220710881532
1009,South Korea,2018,0,0.09317986519224297
1010,South Korea,2019,0,0.1012137606313661
1011,South Korea,2020,0,0.10039847932378612
1012,South Korea,2021,0,0.10039847932378612
1013,South Korea,2022,0,0.10016965403446779
1014,South Korea,2023,0,0.11567005072089553
1015,Japan,2017,0,0.00693159711679875
1016,Japan,2018,0,0.006934539954815431
1017,Japan,2019,0,0.006934539954815431
1018,Japan,2020,0,0.006934006867542023
1019,Japan,2021,0,0.0069443298129248055
1020,Japan,2022,0,0.006934006867542023
1021,Japan,2023,0,0.06505231281391824
1022,India,2017,1,0.8518945546577684
1023,India,2018,1,0.8761244448059898
1024,India,2019,1,0.8573883319220392
1025,India,2020,1,0.8780151716964048
1026,India,2021,1,0.80960364489205
1027,India,2022,1,0.767707607888326
1028,India,2023,1,0.6221854281122298
1029,Bhutan,2017,0,0.040230589260201
1030,Bhutan,2018,0,0.04150738052382195
1031,Bhutan,2019,0,0.04070211330485544
1032,Bhutan,2020,0,0.03901542465743709
1033,Bhutan,2021,0,0.051482201422426314
1034,Bhutan,2022,0,0.050756128008673185
1035,Bhutan,2023,0,0.05218142728882359
1036,Pakistan,2017,1,0.8643946056186569
1037,Pakistan,2018,1,0.9136862706939938
1038,Pakistan,2019,1,0.9110084474303711
1039,Pakistan,2020,1,0.8665467297443901
1040,Pakistan,2021,1,0.8327464582495016
1041,Pakistan,2022,1,0.8168174493878656
1042,Pakistan,2023,1,0.8436484842054022
1043,Bangladesh,2017,1,0.73873248657955
1044,Bangladesh,2018,1,0.6139750129241405
1045,Bangladesh,2019,0,0.5446726722056389
1046,Bangladesh,2020,1,0.44246732476547695
1047,Bangladesh,2021,1,0.6734299304666691
1048,Bangladesh,2022,1,0.6348323245164607
1049,Bangladesh,2023,1,0.5446599905311282
1050,Myanmar (Burma),2017,1,0.7423483303545009
1051,Myanmar (Burma),2018,1,0.7428999205729925
1052,Myanmar (Burma),2019,1,0.7286699560310903
1053,Myanmar (Burma),2020,1,0.7642225776059699
1054,Myanmar (Burma),2021,1,0.7765137527632274
1055,Myanmar (Burma),2022,1,0.7956290948881275
1056,Myanmar (Burma),2023,1,0.781936480331906
1057,Sri Lanka,2017,1,0.1623907363129087
1058,Sri Lanka,2018,0,0.2856812753831527
1059,Sri Lanka,2019,1,0.13419708169993722
1060,Sri Lanka,2020,0,0.2627538461411277
1061,Sri Lanka,2021,0,0.19887610478976417
1062,Sri Lanka,2022,0,0.26050377293801813
1063,Sri Lanka,2023,0,0.19289290853178995
1064,Maldives,2017,0,0.00939488115045344
1065,Maldives,2018,0,0.014834393464570998
1066,Maldives,2019,0,0.021165469970032987
1067,Maldives,2020,0,0.005395431846499916
1068,Maldives,2021,0,0.022922639122219653
1069,Maldives,2022,0,0.03393614249182182
1070,Maldives,2023,0,0.041379513819467674
1071,Nepal,2017,0,0.09326142939645486
1072,Nepal,2018,0,0.1078986475896063
1073,Nepal,2019,0,0.10718157030389888
1074,Nepal,2020,0,0.08351196097767853
1075,Nepal,2021,0,0.13934359417617773
1076,Nepal,2022,1,0.1648593072022093
1077,Nepal,2023,0,0.2712804227268492
1078,Thailand,2017,1,0.7836682413360994
1079,Thailand,2018,1,0.7910690403126089
1080,Thailand,2019,1,0.6637915923734187
1081,Thailand,2020,1,0.7336404144060853
1082,Thailand,2021,1,0.7160966810803944
1083,Thailand,2022,1,0.6257644706174492
1084,Thailand,2023,1,0.5965305961915912
1085,Cambodia (Kampuchea),2017,0,0.11709506890188234
1086,Cambodia (Kampuchea),2018,0,0.11309657266995153
1087,Cambodia (Kampuchea),2019,0,0.12983693094250806
1088,Cambodia (Kampuchea),2020,0,0.12173937747358074
1089,Cambodia (Kampuchea),2021,0,0.12749126813930586
1090,Cambodia (Kampuchea),2022,0,0.1530944939052643
1091,Cambodia (Kampuchea),2023,0,0.17205321538403873
1092,Laos,2017,0,0.01902938762285016
1093,Laos,2018,0,0.019067741758962795
1094,Laos,2019,0,0.05556382687115753
1095,Laos,2020,0,0.03467305977043095
1096,Laos,2021,0,0.05080593011965415
1097,Laos,2022,0,0.07463136002230356
1098,Laos,2023,0,0.07717360677014977
1099,Vietnam,2017,0,0.04200272915187585
1100,Vietnam,2018,0,0.04869411667255318
1101,Vietnam,2019,0,0.04338847104232671
1102,Vietnam,2020,0,0.051110541409338156
1103,Vietnam,2021,0,0.06621317002248064
1104,Vietnam,2022,0,0.0735660345719049
1105,Vietnam,2023,0,0.07896447558594177
1106,Malaysia,2017,0,0.10585733874626309
1107,Malaysia,2018,0,0.12038853093465854
1108,Malaysia,2019,0,0.1177166001467672
1109,Malaysia,2020,0,0.11891315894521753
1110,Malaysia,2021,0,0.10999348680400442
1111,Malaysia,2022,0,0.10605457463637476
1112,Malaysia,2023,0,0.12165440164078985
1113,Singapore,2017,0,0.015205201670931638
1114,Singapore,2018,0,0.01684580965434747
1115,Singapore,2019,0,0.017900847896354263
1116,Singapore,2020,0,0.01918526553589713
1117,Singapore,2021,0,0.014476275173336432
1118,Singapore,2022,0,0.04035909513243422
1119,Singapore,2023,0,0.039591121439820194
1120,Philippines,2017,1,0.9019980472062479
1121,Philippines,2018,1,0.8847276100815942
1122,Philippines,2019,1,0.8432236458873518
1123,Philippines,2020,1,0.8166728754635453
1124,Philippines,2021,1,0.8074887088108812
1125,Philippines,2022,1,0.7817411874378583
1126,Philippines,2023,1,0.755365166859581
1127,Indonesia,2017,0,0.26476277065141146
1128,Indonesia,2018,1,0.36744884991777826
1129,Indonesia,2019,0,0.39114731793321067
1130,Indonesia,2020,1,0.24423105278518858
1131,Indonesia,2021,1,0.4392759254240517
1132,Indonesia,2022,1,0.45704307720174464
1133,Indonesia,2023,1,0.4347377710275051
1134,East Timor,2017,0,0.03177714220535906
1135,East Timor,2018,0,0.053065296737676924
1136,East Timor,2019,0,0.08161363328310711
1137,East Timor,2020,0,0.08004380052509799
1138,East Timor,2021,0,0.07773092555187246
1139,East Timor,2022,0,0.08748606352614047
1140,East Timor,2023,0,0.08295318740000412
1141,Australia,2017,0,0.0013342707243734061
1142,Australia,2018,1,0.002116108331246982
1143,Australia,2019,0,0.08528759379606587
1144,Australia,2020,0,0.03819540915710952
1145,Australia,2021,0,0.0017356141315024447
1146,Australia,2022,0,0.011779830706886565
1147,Australia,2023,0,0.011938824009221933
1148,Papua New Guinea,2017,0,0.18550187951902014
1149,Papua New Guinea,2018,0,0.22734714893324215
1150,Papua New Guinea,2019,0,0.2323663550257063
1151,Papua New Guinea,2020,0,0.22692343960169734
1152,Papua New Guinea,2021,0,0.2513596650604943
1153,Papua New Guinea,2022,1,0.2392204161205617
1154,Papua New Guinea,2023,1,0.3729494576495491
1155,New Zealand,2017,0,0.09365496052315705
1156,New Zealand,2018,0,0.10759649606857632
1157,New Zealand,2019,0,0.0011248195367816992
1158,New Zealand,2020,0,0.0014076297675541215
1159,New Zealand,2021,0,0.0014221766746301987
1160,New Zealand,2022,0,0.010968799956135237
1161,New Zealand,2023,0,0.023380260346446816
1162,Solomon Islands,2017,0,0.012053753987138158
1163,Solomon Islands,2018,0,0.02570506025070339
1164,Solomon Islands,2019,0,0.008474625837578725
1165,Solomon Islands,2020,0,0.018322925096657974
1166,Solomon Islands,2021,0,0.01962537205294826
1167,Solomon Islands,2022,0,0.02194943221659542
1168,Solomon Islands,2023,0,0.0379139304706618
1169,Fiji,2017,0,0.0013772715629274748
1170,Fiji,2018,0,0.0024872849367855855
1171,Fiji,2019,0,0.015524675167223098
1172,Fiji,2020,0,0.009187480889355698
1173,Fiji,2021,0,0.014053477921526503
1174,Fiji,2022,0,0.044609553358445325
1175,Fiji,2023,0,0.028714859325626722
