,country,year,d_protest,preds,preds_proba
0,Afghanistan,2017,1,1,0.8295749051833124
1,Afghanistan,2018,1,1,0.8247813948588286
2,Afghanistan,2019,1,1,0.8222108091024021
3,Afghanistan,2020,1,1,0.7868020438263801
4,Afghanistan,2021,1,1,0.8199878845343448
5,Afghanistan,2022,1,1,0.8163111040876528
6,Afghanistan,2023,1,1,0.7923435524652338
7,Albania,2018,1,0,0.4710677412557943
8,Albania,2019,1,0,0.48784502739148744
9,Albania,2020,1,0,0.4271149388959123
10,Albania,2021,1,0,0.46066951116729865
11,Albania,2022,1,0,0.449238832701222
12,Albania,2023,1,0,0.4462889801938474
13,Algeria,2017,1,1,0.8840637730018261
14,Algeria,2018,1,1,0.8743872032588846
15,Algeria,2019,1,1,0.843673619890434
16,Algeria,2020,1,1,0.843046776232617
17,Algeria,2021,1,1,0.8316160977665403
18,Algeria,2022,1,1,0.798156342182891
19,Algeria,2023,1,1,0.7119205646860514
20,Angola,2017,1,0,0.007632743362831859
21,Angola,2018,1,0,0.011320058997050148
22,Angola,2019,1,0,0.02688053097345133
23,Angola,2020,1,0,0.007632743362831859
24,Angola,2021,1,0,0.005420353982300886
25,Angola,2022,1,0,0.01890539401601348
26,Angola,2023,1,0,0.03144226717235567
27,Argentina,2018,1,1,0.6699720817530553
28,Argentina,2019,1,1,0.6602375684787192
29,Argentina,2020,1,1,0.6580251790981881
30,Argentina,2021,1,1,0.6624499578592501
31,Argentina,2022,1,1,0.6476269490096926
32,Argentina,2023,1,1,0.6354798777918249
33,Armenia,2018,1,1,0.7644209158589689
34,Armenia,2019,1,1,0.7721642786908273
35,Armenia,2020,1,1,0.7721642786908273
36,Armenia,2021,1,1,0.8119872875403849
37,Armenia,2022,1,1,0.7957630987498242
38,Armenia,2023,1,1,0.7780639837055765
39,Australia,2021,1,1,0.5846863866222274
40,Australia,2022,1,1,0.5763899264452363
41,Australia,2023,1,1,0.5587329521510939
42,Austria,2020,1,1,0.568096818373367
43,Austria,2021,1,1,0.568096818373367
44,Austria,2022,1,1,0.5675068478718921
45,Austria,2023,1,1,0.5524626000842814
46,Azerbaijan,2018,1,1,0.8948728754038486
47,Azerbaijan,2019,1,1,0.8970852647843797
48,Azerbaijan,2020,1,1,0.8948728754038486
49,Azerbaijan,2021,1,1,0.8970852647843797
50,Azerbaijan,2022,1,1,0.8821516364657955
51,Azerbaijan,2023,1,1,0.8618714004775949
52,Bahrain,2017,1,1,0.711277040314651
53,Bahrain,2018,1,1,0.6888581612586037
54,Bahrain,2019,1,1,0.6948684857423795
55,Bahrain,2020,1,1,0.6963434119960669
56,Bahrain,2021,1,1,0.6844333824975418
57,Bahrain,2022,1,1,0.6729289577187806
58,Bahrain,2023,1,1,0.648007971625228
59,Bangladesh,2017,1,1,0.9977876106194691
60,Bangladesh,2018,1,1,0.9960176991150442
61,Bangladesh,2019,1,1,0.9862831858407078
62,Bangladesh,2020,1,1,0.9910398230088495
63,Bangladesh,2021,1,1,0.9857300884955751
64,Bangladesh,2022,1,1,0.975221238938053
65,Bangladesh,2023,1,1,0.9583333333333333
66,Barbados,2018,0,1,0.6007875052675935
67,Barbados,2019,0,1,0.5976980615254949
68,Barbados,2020,0,1,0.6007875052675935
69,Barbados,2021,0,1,0.6126869995785923
70,Barbados,2022,0,1,0.5857327222924567
71,Barbados,2023,0,1,0.5604930467762325
72,Belarus,2018,1,1,0.5889090813316478
73,Belarus,2019,1,1,0.5870654235145386
74,Belarus,2020,1,1,0.5870654235145386
75,Belarus,2021,1,1,0.5870654235145386
76,Belarus,2022,1,1,0.5811657184997895
77,Belarus,2023,0,1,0.5546907922461021
78,Belgium,2020,1,1,0.6712714215479704
79,Belgium,2021,1,1,0.6712714215479704
80,Belgium,2022,1,1,0.668782483494873
81,Belgium,2023,1,1,0.6404638994240764
82,Benin,2017,1,0,0.07457632020359767
83,Benin,2018,0,0,0.12267998644885682
84,Benin,2019,0,0,0.11212372854746616
85,Benin,2020,0,0,0.14433506440924448
86,Benin,2021,0,0,0.03332140378275204
87,Benin,2022,0,0,0.02806697900399098
88,Benin,2023,0,0,0.02806697900399098
89,Bhutan,2020,0,0,0.4259973310858266
90,Bhutan,2021,0,0,0.4282097204663576
91,Bhutan,2022,0,0,0.41272299480264074
92,Bhutan,2023,0,0,0.41198553167579716
93,Bolivia,2018,1,0,0.3849511231148401
94,Bolivia,2019,1,0,0.38893342399979586
95,Bolivia,2020,1,0,0.39992162458976627
96,Bolivia,2021,1,0,0.3993737948383967
97,Bolivia,2022,1,0,0.3947646502956238
98,Bolivia,2023,1,0,0.39181479778824924
99,Bosnia-Herzegovina,2018,1,0,0.49034713442899275
100,Bosnia-Herzegovina,2019,1,0,0.49495627897176564
101,Bosnia-Herzegovina,2020,1,0,0.49495627897176564
102,Bosnia-Herzegovina,2021,1,0,0.4977217656974294
103,Bosnia-Herzegovina,2022,1,0,0.4977217656974294
104,Bosnia-Herzegovina,2023,1,0,0.486364833544037
105,Botswana,2017,0,0,0.06498630425621578
106,Botswana,2018,0,0,0.1135008428150021
107,Botswana,2019,0,0,0.07968640258463268
108,Botswana,2020,0,0,0.00766961651917404
109,Botswana,2021,0,0,0.016113569321533926
110,Botswana,2022,0,0,0.07348293299620734
111,Botswana,2023,0,0,0.07954066582385168
112,Brazil,2018,1,1,0.6030243171282994
113,Brazil,2019,1,1,0.6041305118185649
114,Brazil,2020,1,1,0.6041305118185649
115,Brazil,2021,1,1,0.6052367065088304
116,Brazil,2022,1,1,0.6008119277477685
117,Brazil,2023,1,1,0.5882013082787421
118,Bulgaria,2018,1,1,0.669106440511308
119,Bulgaria,2019,1,1,0.6713188298918389
120,Bulgaria,2020,1,1,0.669106440511308
121,Bulgaria,2021,1,1,0.669106440511308
122,Bulgaria,2022,1,1,0.6602568829891841
123,Bulgaria,2023,1,1,0.6420046705998034
124,Burkina Faso,2017,1,1,0.8773906096361849
125,Burkina Faso,2018,1,1,0.8450897246804326
126,Burkina Faso,2019,1,1,0.8307460668633236
127,Burkina Faso,2020,1,1,0.824993854473943
128,Burkina Faso,2021,1,1,0.8154840918668353
129,Burkina Faso,2022,1,1,0.7020745540103946
130,Burkina Faso,2023,1,1,0.6684673058013765
131,Burundi,2017,1,1,0.6343289085545722
132,Burundi,2018,1,1,0.5000526759376317
133,Burundi,2019,1,1,0.5942109144542772
134,Burundi,2020,0,1,0.5982300884955754
135,Burundi,2021,0,1,0.576369574378424
136,Burundi,2022,1,1,0.5474610198061526
137,Burundi,2023,0,1,0.5323430257058576
138,Cambodia (Kampuchea),2017,1,1,0.9557469447956173
139,Cambodia (Kampuchea),2018,1,1,0.9603297513695744
140,Cambodia (Kampuchea),2019,1,1,0.9619943109987358
141,Cambodia (Kampuchea),2020,1,1,0.953771597134429
142,Cambodia (Kampuchea),2021,1,1,0.940523598820059
143,Cambodia (Kampuchea),2022,1,1,0.9300147492625369
144,Cambodia (Kampuchea),2023,1,1,0.9077802359882007
145,Cameroon,2017,1,0,0.03984934681837337
146,Cameroon,2018,1,0,0.10304993678887485
147,Cameroon,2019,1,0,0.07441793088916984
148,Cameroon,2020,1,0,0.09106616097766541
149,Cameroon,2021,1,0,0.07441793088916984
150,Cameroon,2022,1,0,0.0975189633375474
151,Cameroon,2023,1,0,0.09914138221660344
152,Canada,2021,1,1,0.557857334406007
153,Canada,2022,1,1,0.5510358004827032
154,Canada,2023,1,1,0.5424812282113168
155,Cabo Verde,2020,1,0,0.32666280376457363
156,Cabo Verde,2021,1,0,0.3109864447253827
157,Cabo Verde,2022,1,0,0.25339057451889313
158,Cabo Verde,2023,1,0,0.2201309874982442
159,Central African Republic,2017,1,1,0.6528093833403568
160,Central African Republic,2018,0,0,0.40489008287680844
161,Central African Republic,2019,1,0,0.4450765556960246
162,Central African Republic,2020,1,0,0.44636711616800107
163,Central African Republic,2021,1,0,0.44857950554853204
164,Central African Republic,2022,1,0,0.4364166315493749
165,Central African Republic,2023,0,0,0.4191599943812332
166,Chad,2017,0,0,0.023567214496418035
167,Chad,2018,0,0,0.09127806190859288
168,Chad,2019,1,0,0.11955977282304715
169,Chad,2020,0,0,0.018699957859249897
170,Chad,2021,1,0,0.03103402865571007
171,Chad,2022,1,0,0.09762024479944832
172,Chad,2023,1,0,0.09983263417997928
173,Chile,2018,1,1,0.5795090602612728
174,Chile,2019,1,1,0.5798040455120103
175,Chile,2020,1,1,0.5750842815002108
176,Chile,2021,1,1,0.561809945217025
177,Chile,2022,1,1,0.5347081753055205
178,Chile,2023,1,1,0.5167140750105352
179,China,2018,1,1,0.9048874490799269
180,China,2019,1,1,0.9070998384604579
181,China,2020,1,1,0.902675059699396
182,China,2021,1,1,0.902675059699396
183,China,2022,1,1,0.8910231422952661
184,China,2023,1,1,0.8670854403708386
185,Colombia,2018,1,1,0.5209623893805311
186,Colombia,2019,1,1,0.5169800884955752
187,Colombia,2020,1,1,0.5184734513274337
188,Colombia,2021,1,1,0.5131452802359882
189,Colombia,2022,1,1,0.5036952170248631
190,Colombia,2023,1,0,0.49980509903076287
191,Comoros,2020,0,0,0.12960475488130355
192,Comoros,2021,0,0,0.12960475488130355
193,Comoros,2022,0,0,0.13181714426183452
194,Comoros,2023,0,0,0.13152215901109707
195,Costa Rica,2018,1,0,0.4377133375474084
196,Costa Rica,2019,1,0,0.44695796460177
197,Costa Rica,2020,1,0,0.43259850400337135
198,Costa Rica,2021,1,0,0.43974136114622847
199,Costa Rica,2022,1,0,0.44195375052675945
200,Costa Rica,2023,1,0,0.442875579435314
201,Croatia,2018,1,1,0.5617019595448798
202,Croatia,2019,1,1,0.5617019595448798
203,Croatia,2020,1,1,0.559932048040455
204,Croatia,2021,1,1,0.5577196586599241
205,Croatia,2022,1,1,0.5549172987779183
206,Croatia,2023,1,1,0.5424541719342604
207,Cuba,2018,0,1,0.7751536381514257
208,Cuba,2019,0,1,0.7618793018682398
209,Cuba,2020,1,1,0.7616422601488972
210,Cuba,2021,1,1,0.7704918176710212
211,Cuba,2022,1,1,0.7528664489394578
212,Cuba,2023,1,1,0.719148581261413
213,Cyprus,2018,1,1,0.7716972187104931
214,Cyprus,2019,1,1,0.768673619890434
215,Cyprus,2020,1,1,0.7508638853771598
216,Cyprus,2021,1,1,0.7333491361146228
217,Cyprus,2022,1,1,0.7400969237252424
218,Cyprus,2023,1,1,0.7246101980615256
219,Czechia,2020,1,1,0.6416412066301449
220,Czechia,2021,1,1,0.6411987287540387
221,Czechia,2022,1,1,0.6334553659221802
222,Czechia,2023,1,1,0.6135069883410591
223,DR Congo (Zaire),2017,1,1,0.81093767957706
224,DR Congo (Zaire),2018,1,1,0.7920217503735203
225,DR Congo (Zaire),2019,1,1,0.8317710129103932
226,DR Congo (Zaire),2020,1,1,0.8286578649963605
227,DR Congo (Zaire),2021,1,1,0.8010029977397233
228,DR Congo (Zaire),2022,1,1,0.761806832547983
229,DR Congo (Zaire),2023,1,1,0.7332301363827911
230,Denmark,2020,1,1,0.6578223767383059
231,Denmark,2021,1,1,0.6650126422250316
232,Denmark,2022,1,1,0.6597582174462705
233,Denmark,2023,1,1,0.6251764643910661
234,Djibouti,2017,0,0,0.01516715830875123
235,Djibouti,2018,0,0,0.0
236,Djibouti,2019,0,0,0.001966568338249754
237,Djibouti,2020,1,0,0.001966568338249754
238,Djibouti,2021,0,0,0.0022123893805309734
239,Djibouti,2022,0,0,0.001966568338249754
240,Djibouti,2023,0,0,0.001966568338249754
241,Dominican Republic,2018,1,1,0.6816002949852509
242,Dominican Republic,2019,0,1,0.6967182890855458
243,Dominican Republic,2020,1,1,0.6922935103244838
244,Dominican Republic,2021,1,1,0.6878687315634219
245,Dominican Republic,2022,1,1,0.6642699115044249
246,Dominican Republic,2023,1,1,0.6459808259587021
247,East Timor,2020,0,1,0.634381584492204
248,East Timor,2021,0,1,0.636593973872735
249,East Timor,2022,0,1,0.6351190476190476
250,East Timor,2023,0,1,0.619079224610198
251,Ecuador,2018,1,1,0.5568739704248554
252,Ecuador,2019,1,1,0.56185184653105
253,Ecuador,2020,1,1,0.5544069806791047
254,Ecuador,2021,1,1,0.5455574231569807
255,Ecuador,2022,1,1,0.5539241179174808
256,Ecuador,2023,1,1,0.532611433551699
257,Egypt,2017,1,1,0.746858758252564
258,Egypt,2018,1,1,0.874076415226858
259,Egypt,2019,1,1,0.8450361708105074
260,Egypt,2020,1,1,0.766527953364237
261,Egypt,2021,1,1,0.8672917544598963
262,Egypt,2022,1,1,0.691696516364658
263,Egypt,2023,1,1,0.6570998384604579
264,El Salvador,2018,1,0,0.4630285152409046
265,El Salvador,2019,1,1,0.5247620803483636
266,El Salvador,2020,1,0,0.44938808119117857
267,El Salvador,2021,1,0,0.4925454768928221
268,El Salvador,2022,1,1,0.5072947394296953
269,El Salvador,2023,1,1,0.5168343517347942
270,Equatorial Guinea,2017,0,0,0.0
271,Equatorial Guinea,2018,0,0,0.0
272,Equatorial Guinea,2019,0,0,0.0
273,Equatorial Guinea,2020,0,0,0.0007374631268436578
274,Equatorial Guinea,2021,0,0,0.0
275,Equatorial Guinea,2022,0,0,0.0
276,Equatorial Guinea,2023,0,0,0.0014749262536873156
277,Eritrea,2017,0,0,0.0022123893805309734
278,Eritrea,2018,0,0,0.00331858407079646
279,Eritrea,2019,0,0,0.00331858407079646
280,Eritrea,2020,0,0,0.00331858407079646
281,Eritrea,2021,0,0,0.00331858407079646
282,Eritrea,2022,0,0,0.00331858407079646
283,Eritrea,2023,0,0,0.00331858407079646
284,Estonia,2020,1,1,0.5752589900266891
285,Estonia,2021,1,1,0.5777031535327996
286,Estonia,2022,1,1,0.5731308821463689
287,Estonia,2023,1,1,0.5517444514679029
288,Ethiopia,2017,1,1,0.8726638221660348
289,Ethiopia,2018,1,1,0.7702389731703891
290,Ethiopia,2019,1,1,0.8001053518752634
291,Ethiopia,2020,1,1,0.8063000421407501
292,Ethiopia,2021,1,1,0.8068531394858829
293,Ethiopia,2022,1,1,0.7498551411715129
294,Ethiopia,2023,1,1,0.6487348995645456
295,Fiji,2021,0,0,0.40422373226576774
296,Fiji,2022,0,0,0.3865246172215199
297,Fiji,2023,0,0,0.38526039471835927
298,Finland,2020,1,0,0.36729614412136524
299,Finland,2021,1,0,0.36729614412136524
300,Finland,2022,1,0,0.3706147281921617
301,Finland,2023,1,0,0.3529156131479139
302,France,2020,1,1,0.707814315723608
303,France,2021,1,1,0.7041270000893897
304,France,2022,1,1,0.6997022213283277
305,France,2023,1,1,0.6815114641995175
306,Gabon,2017,0,0,0.004056047197640118
307,Gabon,2018,0,0,0.004056047197640118
308,Gabon,2019,1,0,0.012547408343868522
309,Gabon,2020,0,0,0.009070796460176991
310,Gabon,2021,1,0,0.004056047197640118
311,Gabon,2022,1,0,0.0
312,Gabon,2023,1,0,0.0036873156342182886
313,Gambia,2017,0,0,0.03255899705014749
314,Gambia,2018,0,0,0.014306784660766961
315,Gambia,2019,0,0,0.023156342182890855
316,Gambia,2020,0,0,0.06869469026548673
317,Gambia,2021,0,0,0.028810226155358897
318,Gambia,2022,0,0,0.023156342182890855
319,Gambia,2023,0,0,0.025684787189211966
320,Georgia,2018,1,1,0.7345343447113359
321,Georgia,2019,1,1,0.7404340497260851
322,Georgia,2020,1,1,0.744858828487147
323,Georgia,2021,1,1,0.7404340497260851
324,Georgia,2022,1,1,0.7330594184576485
325,Georgia,2023,1,1,0.7278971765697428
326,Germany,2020,1,1,0.7526924587212198
327,Germany,2021,1,1,0.7526924587212198
328,Germany,2022,1,1,0.7443959985442286
329,Germany,2023,1,1,0.7185847891047006
330,Ghana,2017,1,1,0.6582525635622981
331,Ghana,2018,1,1,0.5974697991290912
332,Ghana,2019,1,1,0.69981124455682
333,Ghana,2020,1,1,0.684324518893103
334,Ghana,2021,1,1,0.6878011307767945
335,Ghana,2022,1,0,0.45417281219272365
336,Ghana,2023,1,0,0.4351251931451046
337,Greece,2018,1,1,0.7162250667228547
338,Greece,2019,1,1,0.7162250667228547
339,Greece,2020,1,1,0.685314826520579
340,Greece,2021,1,1,0.7154770684084847
341,Greece,2022,1,1,0.708724013204102
342,Greece,2023,1,1,0.6548154586318308
343,Guatemala,2018,1,1,0.5652804115746594
344,Guatemala,2019,1,1,0.5724706770613851
345,Guatemala,2020,1,1,0.5724706770613851
346,Guatemala,2021,1,1,0.5713644823711196
347,Guatemala,2022,1,1,0.5654279042000281
348,Guatemala,2023,1,1,0.5567258393032729
349,Guinea,2017,0,0,0.05273424266461747
350,Guinea,2018,1,0,0.062468755938953756
351,Guinea,2019,1,0,0.06932716301859977
352,Guinea,2020,1,0,0.08704471464101865
353,Guinea,2021,1,0,0.1064031217206647
354,Guinea,2022,1,0,0.11225278459466381
355,Guinea,2023,1,0,0.1008958524412715
356,Guinea-Bissau,2017,0,0,0.0042035398230088495
357,Guinea-Bissau,2018,0,0,0.0022123893805309734
358,Guinea-Bissau,2019,0,0,0.0042035398230088495
359,Guinea-Bissau,2020,0,0,0.0042035398230088495
360,Guinea-Bissau,2021,0,0,0.006415929203539823
361,Guinea-Bissau,2022,0,0,0.003097345132743363
362,Guinea-Bissau,2023,0,0,0.003097345132743363
363,Guyana,2018,1,0,0.322907887343728
364,Guyana,2019,1,0,0.3262264714145245
365,Guyana,2020,1,0,0.3326239640398932
366,Guyana,2021,1,0,0.3274617221519876
367,Guyana,2022,1,0,0.3230000702345834
368,Guyana,2023,1,0,0.3146298637449079
369,Haiti,2018,1,0,0.4911179589830032
370,Haiti,2019,1,0,0.3834299058856582
371,Haiti,2020,1,0,0.3811068970361006
372,Haiti,2021,1,0,0.3847942126703189
373,Haiti,2022,1,0,0.3804431802219413
374,Haiti,2023,1,0,0.3774933277145667
375,Honduras,2018,1,0,0.4252133375474083
376,Honduras,2019,1,0,0.47776812052254536
377,Honduras,2020,1,0,0.4273730509903076
378,Honduras,2021,1,0,0.4648625158027813
379,Honduras,2022,1,0,0.47481826801517063
380,Honduras,2023,1,0,0.46832859249894654
381,Hungary,2020,1,1,0.639674638291895
382,Hungary,2021,1,1,0.6312859952240483
383,Hungary,2022,1,1,0.6301798005337828
384,Hungary,2023,1,1,0.6095308329821603
385,Iceland,2020,1,0,0.3601884042702625
386,Iceland,2021,1,0,0.3618476963056607
387,Iceland,2022,1,0,0.35594799129091154
388,Iceland,2023,1,0,0.34636097064194393
389,India,2017,1,1,0.9473574237954768
390,India,2018,1,1,0.9440388397246804
391,India,2019,1,1,0.9440388397246804
392,India,2020,1,1,0.9281254389661467
393,India,2021,1,1,0.9284414945919368
394,India,2022,1,1,0.9277777777777777
395,India,2023,1,1,0.9032869785082172
396,Indonesia,2017,1,1,0.9687921407501053
397,Indonesia,2018,1,1,0.9592051201011378
398,Indonesia,2019,1,1,0.9592051201011378
399,Indonesia,2020,1,1,0.9592051201011378
400,Indonesia,2021,1,1,0.9592051201011378
401,Indonesia,2022,1,1,0.94556205225453
402,Indonesia,2023,1,1,0.9238806363253265
403,Iran,2017,1,1,0.9133717867678045
404,Iran,2018,1,1,0.9133717867678045
405,Iran,2019,1,1,0.9144779814580699
406,Iran,2020,1,1,0.912265592077539
407,Iran,2021,1,1,0.9133717867678045
408,Iran,2022,1,1,0.9006505478297514
409,Iran,2023,1,1,0.8728850611040877
410,Iraq,2017,1,1,0.861973240623683
411,Iraq,2018,1,1,0.8495469869363673
412,Iraq,2019,1,1,0.8694584913611462
413,Iraq,2020,1,1,0.8584334176148334
414,Iraq,2021,1,1,0.8638168984407921
415,Iraq,2022,1,1,0.8446797302991993
416,Iraq,2023,1,1,0.8199905183312262
417,Ireland,2020,1,1,0.6061402584632674
418,Ireland,2021,1,1,0.6267400618064337
419,Ireland,2022,1,1,0.6112717727208878
420,Ireland,2023,1,1,0.5819312754600366
421,Israel,2017,1,1,0.9325941143419018
422,Israel,2018,1,1,0.9348065037224328
423,Israel,2019,1,1,0.9287224329259726
424,Israel,2020,1,1,0.9303817249613708
425,Israel,2021,1,1,0.9290384885517627
426,Israel,2022,1,1,0.882725804185981
427,Israel,2023,1,1,0.882725804185981
428,Italy,2020,1,1,0.7115946921809754
429,Italy,2021,1,1,0.712016099682029
430,Italy,2022,1,1,0.7042200609125387
431,Italy,2023,1,1,0.6882171110600314
432,Ivory Coast,2017,0,1,0.5852498595308326
433,Ivory Coast,2018,0,1,0.5531833824975415
434,Ivory Coast,2019,1,1,0.5581849627756705
435,Ivory Coast,2020,1,1,0.5474390714988058
436,Ivory Coast,2021,1,1,0.5434567706138501
437,Ivory Coast,2022,1,1,0.5293264503441493
438,Ivory Coast,2023,0,0,0.48070480404551197
439,Jamaica,2018,0,1,0.5438685208596713
440,Jamaica,2019,0,1,0.5460809102402022
441,Jamaica,2020,0,0,0.4807846958842533
442,Jamaica,2021,1,0,0.47666719342604297
443,Jamaica,2022,1,0,0.46781763590391906
444,Jamaica,2023,1,0,0.4681863674673409
445,Japan,2018,1,1,0.6853771597134429
446,Japan,2019,1,1,0.6853771597134429
447,Japan,2020,1,1,0.6883480825958703
448,Japan,2021,1,1,0.6883480825958703
449,Japan,2022,1,1,0.6835545722713866
450,Japan,2023,1,1,0.6727138643067847
451,Jordan,2017,1,1,0.7986409608091025
452,Jordan,2018,1,1,0.8100716392751791
453,Jordan,2019,1,1,0.8108091024020229
454,Jordan,2020,1,1,0.8109934681837337
455,Jordan,2021,1,1,0.8114359460598399
456,Jordan,2022,1,1,0.7219184576485461
457,Jordan,2023,1,1,0.7034818794774547
458,Kazakhstan,2018,1,1,0.8165481458069953
459,Kazakhstan,2019,1,1,0.8227428360724821
460,Kazakhstan,2020,1,1,0.822964075010535
461,Kazakhstan,2021,1,1,0.822964075010535
462,Kazakhstan,2022,1,1,0.8126027180783817
463,Kazakhstan,2023,1,1,0.7946665613147912
464,Kenya,2017,1,1,0.9723082595870208
465,Kenya,2018,1,1,0.9243257479983144
466,Kenya,2019,1,1,0.9733091024020228
467,Kenya,2020,1,1,0.9876474926253688
468,Kenya,2021,1,1,0.9677781289506954
469,Kenya,2022,1,1,0.8990412979351031
470,Kenya,2023,1,1,0.7553834808259587
471,Kuwait,2017,0,0,0.22724742686025864
472,Kuwait,2018,0,0,0.22171645340893126
473,Kuwait,2019,0,0,0.22614123216999316
474,Kuwait,2020,0,0,0.22614123216999316
475,Kuwait,2021,0,0,0.21692294308444746
476,Kuwait,2022,0,0,0.2176972793676333
477,Kuwait,2023,0,0,0.20390671889565695
478,Kyrgyzstan,2018,1,1,0.7330919019525213
479,Kyrgyzstan,2019,1,1,0.7233591445427728
480,Kyrgyzstan,2020,1,1,0.7169432153392329
481,Kyrgyzstan,2021,1,1,0.7284722222222221
482,Kyrgyzstan,2022,1,1,0.7040797513695742
483,Kyrgyzstan,2023,1,1,0.6944857072622559
484,Laos,2017,0,0,0.08854825115887062
485,Laos,2018,0,0,0.08633586177833964
486,Laos,2019,0,0,0.09562789717656973
487,Laos,2020,0,0,0.09297302991993256
488,Laos,2021,0,0,0.09076064053940158
489,Laos,2022,0,0,0.09076064053940158
490,Laos,2023,0,0,0.08836388537715971
491,Latvia,2020,1,0,0.4858249051833122
492,Latvia,2021,1,0,0.484368415507796
493,Latvia,2022,1,0,0.46499157184997886
494,Latvia,2023,1,0,0.45982932996207326
495,Lebanon,2017,1,1,0.9041280376457367
496,Lebanon,2018,1,1,0.9019156482652058
497,Lebanon,2019,1,1,0.9019156482652058
498,Lebanon,2020,1,1,0.901362550920073
499,Lebanon,2021,1,1,0.901362550920073
500,Lebanon,2022,1,1,0.8883515943250455
501,Lebanon,2023,1,1,0.8716111813456945
502,Lesotho,2017,0,0,0.025442477876106196
503,Lesotho,2018,0,0,0.025442477876106196
504,Lesotho,2019,0,0,0.032448377581120944
505,Lesotho,2020,0,0,0.023230088495575223
506,Lesotho,2021,0,0,0.025442477876106196
507,Lesotho,2022,0,0,0.023230088495575223
508,Lesotho,2023,0,0,0.024705014749262538
509,Liberia,2017,0,0,0.46049216884393895
510,Liberia,2018,0,0,0.4435305169265348
511,Liberia,2019,1,0,0.41971045792948447
512,Liberia,2020,1,0,0.41322078241326027
513,Liberia,2021,0,0,0.39404674111532506
514,Liberia,2022,0,0,0.38431222784098884
515,Liberia,2023,1,0,0.3762001334457085
516,Libya,2017,1,1,0.9281113122374187
517,Libya,2018,1,1,0.8415313852813853
518,Libya,2019,1,1,0.9350987753642623
519,Libya,2020,1,1,0.9197226691695721
520,Libya,2021,1,1,0.9072393498831552
521,Libya,2022,1,1,0.8825914007329938
522,Libya,2023,1,1,0.8233757454443296
523,Lithuania,2020,1,1,0.5368029217586738
524,Lithuania,2021,1,1,0.5390153111392049
525,Lithuania,2022,1,1,0.5292439247085264
526,Lithuania,2023,1,1,0.5168914173338952
527,Luxembourg,2020,1,1,0.521728824273072
528,Luxembourg,2021,1,1,0.5159766118836915
529,Luxembourg,2022,1,1,0.5074957859249895
530,Luxembourg,2023,1,0,0.48154235145385577
531,Madagascar,2017,0,0,0.32585917646758356
532,Madagascar,2018,0,0,0.38076594005797537
533,Madagascar,2019,1,0,0.3293963656795515
534,Madagascar,2020,1,0,0.3254272337790036
535,Madagascar,2021,1,0,0.3400158347061002
536,Madagascar,2022,1,0,0.3581337234545198
537,Madagascar,2023,1,0,0.3447461339054259
538,Malawi,2017,0,0,0.03987568478718922
539,Malawi,2018,0,0,0.059218289085545724
540,Malawi,2019,1,0,0.06106721449641803
541,Malawi,2020,1,0,0.05363112796741116
542,Malawi,2021,1,0,0.0747629582806574
543,Malawi,2022,1,0,0.05726927939317321
544,Malawi,2023,1,0,0.055662663295406666
545,Malaysia,2018,1,1,0.7927570585756426
546,Malaysia,2019,1,1,0.7927570585756426
547,Malaysia,2020,1,1,0.7927570585756426
548,Malaysia,2021,1,1,0.7927570585756426
549,Malaysia,2022,1,1,0.7861198904340496
550,Malaysia,2023,1,1,0.7798514538558786
551,Maldives,2020,1,1,0.7361514959966287
552,Maldives,2021,1,1,0.7405762747576906
553,Maldives,2022,1,1,0.7427886641382216
554,Maldives,2023,1,1,0.7383638853771597
555,Mali,2017,0,0,0.12972008325990625
556,Mali,2018,1,0,0.12712842712842712
557,Mali,2019,1,0,0.11334664597938932
558,Mali,2020,1,0,0.13617288561978827
559,Mali,2021,1,0,0.13617288561978827
560,Mali,2022,1,0,0.10689384361950732
561,Mali,2023,1,0,0.09612161437382674
562,Malta,2020,1,1,0.5230948869223205
563,Malta,2021,1,0,0.4932276302851523
564,Malta,2022,1,0,0.4814282202556538
565,Malta,2023,1,0,0.46631022615535883
566,Mauritania,2017,1,1,0.621562256573319
567,Mauritania,2018,1,1,0.6533451614756927
568,Mauritania,2019,1,1,0.662863703405739
569,Mauritania,2020,1,1,0.6098611749607329
570,Mauritania,2021,1,1,0.6010116174386091
571,Mauritania,2022,1,1,0.5941900835153052
572,Mauritania,2023,1,1,0.5703173485806233
573,Mauritius,2020,1,0,0.3317021351313386
574,Mauritius,2021,1,0,0.2993459404410732
575,Mauritius,2022,1,0,0.28264240061806434
576,Mauritius,2023,1,0,0.2681881233319287
577,Mexico,2018,1,1,0.7531849787380761
578,Mexico,2019,1,1,0.7584947132513504
579,Mexico,2020,1,1,0.7601171321304065
580,Mexico,2021,1,1,0.7607071026318815
581,Mexico,2022,1,1,0.7300497069302377
582,Mexico,2023,1,1,0.7045940600697237
583,Moldova,2018,1,1,0.5532755653883972
584,Moldova,2019,1,1,0.554049901671583
585,Moldova,2020,1,1,0.5538286627335299
586,Moldova,2021,1,1,0.5673611111111111
587,Moldova,2022,1,1,0.560249859530833
588,Moldova,2023,1,1,0.5626466146930748
589,Mongolia,2018,1,1,0.6787162873999157
590,Mongolia,2019,1,1,0.6765038980193848
591,Mongolia,2020,1,1,0.6750289717656975
592,Mongolia,2021,1,1,0.6750289717656975
593,Mongolia,2022,1,1,0.6752133375474084
594,Mongolia,2023,1,1,0.6615702697008007
595,Montenegro,2018,1,0,0.3189334878494169
596,Montenegro,2019,1,0,0.3189334878494169
597,Montenegro,2020,1,0,0.3156149037786204
598,Montenegro,2021,1,0,0.3189334878494169
599,Montenegro,2022,1,0,0.3189334878494169
600,Montenegro,2023,1,0,0.4444997541789577
601,Morocco,2017,1,1,0.7711625579435314
602,Morocco,2018,1,1,0.880857564264644
603,Morocco,2019,1,1,0.8453715409467621
604,Morocco,2020,1,1,0.8735241958140187
605,Morocco,2021,1,1,0.8823553167579715
606,Morocco,2022,1,1,0.8344017769349625
607,Morocco,2023,1,1,0.7672241536732685
608,Mozambique,2017,0,0,0.014117151285292878
609,Mozambique,2018,0,0,0.013932785503581964
610,Mozambique,2019,0,0,0.026575010535187526
611,Mozambique,2020,0,0,0.017725453013063636
612,Mozambique,2021,0,0,0.05268120522545302
613,Mozambique,2022,1,0,0.06868942267172355
614,Mozambique,2023,1,0,0.06149915718499789
615,Myanmar (Burma),2017,1,1,0.9942477876106195
616,Myanmar (Burma),2018,1,1,0.9765486725663718
617,Myanmar (Burma),2019,1,1,0.969948377581121
618,Myanmar (Burma),2020,1,1,0.96773598820059
619,Myanmar (Burma),2021,1,1,0.969948377581121
620,Myanmar (Burma),2022,1,1,0.9630530973451328
621,Myanmar (Burma),2023,1,1,0.9406342182890856
622,Namibia,2017,0,1,0.9211687034695887
623,Namibia,2018,1,1,0.9265890574518895
624,Namibia,2019,1,1,0.853082420283748
625,Namibia,2020,1,1,0.9099961370979072
626,Namibia,2021,1,1,0.8704994796255858
627,Namibia,2022,1,1,0.8372533010254252
628,Namibia,2023,1,1,0.7697016786065461
629,Nepal,2017,1,1,0.9477612726506532
630,Nepal,2018,1,1,0.9417035398230088
631,Nepal,2019,1,1,0.946286346396966
632,Nepal,2020,1,1,0.9383849557522124
633,Nepal,2021,1,1,0.9383849557522124
634,Nepal,2022,1,1,0.9361725663716813
635,Nepal,2023,1,1,0.9262536873156342
636,Netherlands,2020,1,1,0.6248972819216182
637,Netherlands,2021,1,1,0.6287689633375474
638,Netherlands,2022,1,1,0.621025600505689
639,Netherlands,2023,1,1,0.5958570375052675
640,New Zealand,2021,1,1,0.5345887765135554
641,New Zealand,2022,1,1,0.5323763871330244
642,New Zealand,2023,1,1,0.5113007444865852
643,Nicaragua,2018,1,0,0.45799357353560893
644,Nicaragua,2019,1,0,0.45799357353560893
645,Nicaragua,2020,1,0,0.4436130425621576
646,Nicaragua,2021,0,0,0.4568873788453435
647,Nicaragua,2022,0,0,0.45522808680994525
648,Nicaragua,2023,0,0,0.4544906236831016
649,Niger,2017,0,0,0.00700589970501475
650,Niger,2018,0,0,0.010349065880039332
651,Niger,2019,1,0,0.09265697429414242
652,Niger,2020,0,0,0.09431626632954064
653,Niger,2021,0,0,0.12070515521842955
654,Niger,2022,0,0,0.11486075993819359
655,Niger,2023,1,0,0.10982142857142858
656,Nigeria,2017,1,1,0.9418141592920356
657,Nigeria,2018,1,1,0.9285300061295637
658,Nigeria,2019,1,1,0.9121293529479372
659,Nigeria,2020,1,1,0.9171546373980004
660,Nigeria,2021,1,1,0.9040321834016526
661,Nigeria,2022,1,1,0.8434021791875775
662,Nigeria,2023,1,1,0.7942186562208687
663,North Macedonia,2018,1,1,0.6108968956314088
664,North Macedonia,2019,1,1,0.6672566371681415
665,North Macedonia,2020,1,1,0.6275056187666808
666,North Macedonia,2021,1,1,0.6275056187666808
667,North Macedonia,2022,1,1,0.6476506531816265
668,North Macedonia,2023,1,1,0.6236831015592077
669,Norway,2020,1,0,0.37118538418317165
670,Norway,2021,1,0,0.37118538418317165
671,Norway,2022,1,0,0.3678668001123752
672,Norway,2023,1,0,0.3538550007023457
673,Oman,2017,0,0,0.20459509762607117
674,Oman,2018,0,0,0.20459509762607117
675,Oman,2019,0,0,0.20459509762607117
676,Oman,2020,0,0,0.2068074870066021
677,Oman,2021,0,0,0.20459509762607117
678,Oman,2022,0,0,0.1942706138502599
679,Oman,2023,0,0,0.19165261974996492
680,Pakistan,2017,1,1,0.9926991150442478
681,Pakistan,2018,1,1,0.9948008849557521
682,Pakistan,2019,1,1,0.9953539823008849
683,Pakistan,2020,1,1,0.9933628318584071
684,Pakistan,2021,1,1,0.9878634639696589
685,Pakistan,2022,1,1,0.9732616940581543
686,Pakistan,2023,1,1,0.942398862199747
687,Panama,2018,1,1,0.5263485040033713
688,Panama,2019,1,1,0.5332753898019386
689,Panama,2020,1,0,0.4956331647703329
690,Panama,2021,1,1,0.545259165613148
691,Panama,2022,1,1,0.5360408765276022
692,Panama,2023,1,1,0.531763590391909
693,Papua New Guinea,2021,1,0,0.3706621365360303
694,Papua New Guinea,2022,1,0,0.3658580910240202
695,Papua New Guinea,2023,1,0,0.3618020438263801
696,Paraguay,2018,1,0,0.4040920424216884
697,Paraguay,2019,1,0,0.4040920424216884
698,Paraguay,2020,1,0,0.40785310436859107
699,Paraguay,2021,1,0,0.4018796530411574
700,Paraguay,2022,1,0,0.3966805379969097
701,Paraguay,2023,1,0,0.38617168843938754
702,Peru,2018,1,0,0.4440333326948372
703,Peru,2019,1,0,0.43481504360929146
704,Peru,2020,1,0,0.4255967545237457
705,Peru,2021,1,0,0.43444631204586953
706,Peru,2022,1,0,0.43112772797507315
707,Peru,2023,1,0,0.41717123829955693
708,Philippines,2017,1,1,0.9186578171091444
709,Philippines,2018,1,1,0.9039085545722713
710,Philippines,2019,1,1,0.9003529287821321
711,Philippines,2020,1,1,0.9167614833544036
712,Philippines,2021,1,1,0.902565318162663
713,Philippines,2022,1,1,0.8891066160977665
714,Philippines,2023,1,1,0.8511878423935944
715,Poland,2020,1,1,0.773829556628229
716,Poland,2021,1,1,0.7759998052586548
717,Poland,2022,1,1,0.761982738254862
718,Poland,2023,1,1,0.7289812633286087
719,Portugal,2020,1,1,0.6054967340918668
720,Portugal,2021,1,1,0.6099215128529287
721,Portugal,2022,1,1,0.596926359039191
722,Portugal,2023,1,1,0.5919484829329963
723,Qatar,2017,0,0,0.18129916420845626
724,Qatar,2018,0,0,0.19029621435594893
725,Qatar,2019,0,0,0.19494223205506392
726,Qatar,2020,0,0,0.18941125860373653
727,Qatar,2021,0,0,0.19582718780727632
728,Qatar,2022,0,0,0.18373279252704033
729,Qatar,2023,0,0,0.1842490167158309
730,Congo,2017,0,0,0.0
731,Congo,2018,0,0,0.0
732,Congo,2019,0,0,0.027733881163084704
733,Congo,2020,0,0,0.054598609355246526
734,Congo,2021,0,0,0.017778128950695322
735,Congo,2022,0,0,0.04414770332911926
736,Congo,2023,0,0,0.04179835651074589
737,Romania,2018,1,1,0.6234811771316197
738,Romania,2019,1,1,0.6215216322517209
739,Romania,2020,1,1,0.6261852085967131
740,Romania,2021,1,1,0.6261852085967131
741,Romania,2022,1,1,0.6217604298356512
742,Romania,2023,1,1,0.6118046776232616
743,Russia (Soviet Union),2018,1,1,0.5864507112847821
744,Russia (Soviet Union),2019,1,1,0.5864507112847821
745,Russia (Soviet Union),2020,1,1,0.5864507112847821
746,Russia (Soviet Union),2021,1,1,0.5864507112847821
747,Russia (Soviet Union),2022,1,1,0.5840539561225402
748,Russia (Soviet Union),2023,1,1,0.5732869944706228
749,Rwanda,2017,0,0,0.030081472116870345
750,Rwanda,2018,0,0,0.0649511869644613
751,Rwanda,2019,0,0,0.0813913470993117
752,Rwanda,2020,0,0,0.07999543475207191
753,Rwanda,2021,0,0,0.07638186543053799
754,Rwanda,2022,0,0,0.07638186543053799
755,Rwanda,2023,0,0,0.07896298637449078
756,Saudi Arabia,2017,0,0,0.13504969096783262
757,Saudi Arabia,2018,0,0,0.13504969096783262
758,Saudi Arabia,2019,0,0,0.13283730158730164
759,Saudi Arabia,2020,0,0,0.1435305169265347
760,Saudi Arabia,2021,0,0,0.13763081191178542
761,Saudi Arabia,2022,0,0,0.1359715198763872
762,Saudi Arabia,2023,0,0,0.1507260500070235
763,Senegal,2017,1,1,0.822775319567355
764,Senegal,2018,1,1,0.7871944795617364
765,Senegal,2019,1,1,0.8071244205646859
766,Senegal,2020,1,1,0.8019604228121928
767,Senegal,2021,1,1,0.8012967059980335
768,Senegal,2022,1,1,0.7583412347239781
769,Senegal,2023,1,1,0.6614385798567215
770,Serbia,2018,1,0,0.39774546986936377
771,Serbia,2019,1,0,0.39774546986936377
772,Serbia,2020,1,0,0.3955330804888328
773,Serbia,2021,1,0,0.39398440792246103
774,Serbia,2022,1,0,0.3906658238516646
775,Serbia,2023,1,1,0.5379477454698693
776,Sierra Leone,2017,0,0,0.043829013906447535
777,Sierra Leone,2018,1,0,0.03387326169405816
778,Sierra Leone,2019,0,0,0.05046618204804046
779,Sierra Leone,2020,0,0,0.05046618204804046
780,Sierra Leone,2021,0,0,0.05046618204804046
781,Sierra Leone,2022,0,0,0.04062104930467763
782,Sierra Leone,2023,0,0,0.03811367467340919
783,Singapore,2020,0,1,0.6144797373226576
784,Singapore,2021,0,1,0.6144797373226576
785,Singapore,2022,0,1,0.6000992063492062
786,Singapore,2023,0,1,0.5776276513555273
787,Slovakia,2020,1,1,0.5281421196797302
788,Slovakia,2021,1,1,0.5259297302991993
789,Slovakia,2022,1,1,0.5237173409186683
790,Slovakia,2023,1,1,0.5129135061104088
791,Slovenia,2020,1,0,0.4988859039190897
792,Slovenia,2021,1,0,0.49501949009692364
793,Slovenia,2022,1,0,0.4913321744627054
794,Slovenia,2023,1,0,0.49170090602612726
795,Solomon Islands,2021,0,0,0.3165613147914033
796,Solomon Islands,2022,0,0,0.31093815844922035
797,Solomon Islands,2023,0,0,0.31241308470290774
798,Somalia,2017,1,1,0.9533800393313668
799,Somalia,2018,1,1,0.9352911223486446
800,Somalia,2019,1,1,0.9385605422109847
801,Somalia,2020,1,1,0.9167807978648688
802,Somalia,2021,1,1,0.9459931170108161
803,Somalia,2022,1,1,0.8437965304115748
804,Somalia,2023,1,1,0.7008761764292738
805,South Africa,2017,1,1,0.9623525073746312
806,South Africa,2018,1,1,0.9493942267172354
807,South Africa,2019,1,1,0.9530815423514537
808,South Africa,2020,1,1,0.9712020648967551
809,South Africa,2021,1,1,0.9839233038348082
810,South Africa,2022,1,1,0.9387168141592918
811,South Africa,2023,1,1,0.8851032448377578
812,South Korea,2018,1,1,0.812646614693075
813,South Korea,2019,1,1,0.812646614693075
814,South Korea,2020,1,1,0.812646614693075
815,South Korea,2021,1,1,0.812646614693075
816,South Korea,2022,1,1,0.8110241958140187
817,South Korea,2023,1,1,0.7980448447815705
818,South Sudan,2017,1,1,0.7133507163927523
819,South Sudan,2018,0,1,0.6997629582806576
820,South Sudan,2019,0,1,0.673214285714286
821,South Sudan,2020,1,1,0.6259323640960808
822,South Sudan,2021,1,1,0.7110277075431946
823,South Sudan,2022,1,1,0.6027294915016154
824,South Sudan,2023,1,0,0.3976603104368591
825,Spain,2020,1,1,0.8039830191931964
826,Spain,2021,1,1,0.8054579454468838
827,Spain,2022,1,1,0.7925523407271198
828,Spain,2023,1,1,0.7603129110319378
829,Sri Lanka,2017,1,1,0.9896755162241887
830,Sri Lanka,2018,1,1,0.9929203539823009
831,Sri Lanka,2019,1,1,0.9874631268436578
832,Sri Lanka,2020,1,1,0.9874631268436578
833,Sri Lanka,2021,1,1,0.9951327433628319
834,Sri Lanka,2022,1,1,0.9811946902654868
835,Sri Lanka,2023,1,1,0.9549778761061947
836,Sudan,2017,1,1,0.9638906447534766
837,Sudan,2018,1,1,0.9616782553729457
838,Sudan,2019,1,1,0.94615992414665
839,Sudan,2020,1,1,0.9314686051411714
840,Sudan,2021,1,1,0.9594658659924147
841,Sudan,2022,1,1,0.7245785924989464
842,Sudan,2023,1,0,0.35617888748419735
843,Suriname,2018,1,0,0.3348179168422531
844,Suriname,2019,0,0,0.34718622699817386
845,Suriname,2020,1,0,0.3499517137238376
846,Suriname,2021,1,0,0.33516557803062225
847,Suriname,2022,1,0,0.32919212670318865
848,Suriname,2023,1,0,0.3283809172636606
849,Sweden,2020,1,0,0.3921767453294001
850,Sweden,2021,1,0,0.3921767453294001
851,Sweden,2022,1,0,0.3910705506391346
852,Sweden,2023,1,0,0.37484636184857417
853,Switzerland,2020,1,1,0.5917720185419301
854,Switzerland,2021,1,1,0.5917720185419301
855,Switzerland,2022,1,1,0.5904445849136114
856,Switzerland,2023,1,1,0.5770596291613991
857,Syria,2017,1,1,0.8342946691951115
858,Syria,2018,1,1,0.8469790349768225
859,Syria,2019,1,1,0.8320822798145806
860,Syria,2020,1,1,0.8317872945638431
861,Syria,2021,1,1,0.8311973240623682
862,Syria,2022,1,1,0.793476085124315
863,Syria,2023,1,1,0.7727164981036662
864,Tajikistan,2018,0,1,0.7919616519174042
865,Tajikistan,2019,0,1,0.7930678466076697
866,Tajikistan,2020,0,1,0.7861356932153392
867,Tajikistan,2021,0,1,0.7861356932153392
868,Tajikistan,2022,0,1,0.7738621997471555
869,Tajikistan,2023,0,1,0.7628002528445006
870,Tanzania,2017,0,0,0.10834461138664675
871,Tanzania,2018,0,0,0.16343148616378714
872,Tanzania,2019,0,0,0.1867721941283889
873,Tanzania,2020,0,0,0.18396983424638302
874,Tanzania,2021,0,0,0.17054800533782838
875,Tanzania,2022,0,0,0.236961827503863
876,Tanzania,2023,0,0,0.23356949712038216
877,Thailand,2017,1,1,0.9991150442477876
878,Thailand,2018,1,1,0.9991150442477876
879,Thailand,2019,1,1,0.996755162241888
880,Thailand,2020,1,1,0.996755162241888
881,Thailand,2021,1,1,0.9982300884955754
882,Thailand,2022,1,1,0.9860619469026549
883,Thailand,2023,1,1,0.9599557522123894
884,Togo,2017,1,0,0.149391592920354
885,Togo,2018,0,0,0.1963657218049464
886,Togo,2019,0,0,0.19857811118547739
887,Togo,2020,0,0,0.1763225275360883
888,Togo,2021,0,0,0.18233811961362723
889,Togo,2022,0,0,0.20776702330580538
890,Togo,2023,0,0,0.20179357197837175
891,Trinidad and Tobago,2018,1,1,0.6521526899845486
892,Trinidad and Tobago,2019,1,1,0.6523107177974437
893,Trinidad and Tobago,2020,1,1,0.6500983284169127
894,Trinidad and Tobago,2021,1,1,0.6499403006040175
895,Trinidad and Tobago,2022,1,1,0.6385833684506252
896,Trinidad and Tobago,2023,1,1,0.6248349487287542
897,Tunisia,2017,1,1,0.9110029658149127
898,Tunisia,2018,1,1,0.9263386871240855
899,Tunisia,2019,1,1,0.9139861797494543
900,Tunisia,2020,1,1,0.8521103896103897
901,Tunisia,2021,1,1,0.8539540474274988
902,Tunisia,2022,1,1,0.7918754549285523
903,Tunisia,2023,1,1,0.6874928169175957
904,Turkey,2017,1,1,0.942748279252704
905,Turkey,2018,1,1,0.947173058013766
906,Turkey,2019,1,1,0.947173058013766
907,Turkey,2020,1,1,0.947173058013766
908,Turkey,2021,1,1,0.9442232055063914
909,Turkey,2022,1,1,0.9331612586037364
910,Turkey,2023,1,1,0.9098082595870206
911,Turkmenistan,2018,0,1,0.7113104017418174
912,Turkmenistan,2019,0,1,0.7016680713583366
913,Turkmenistan,2020,0,1,0.7038804607388677
914,Turkmenistan,2021,0,1,0.699086950414384
915,Turkmenistan,2022,0,1,0.6892233810928501
916,Turkmenistan,2023,0,1,0.6580339584211266
917,Uganda,2017,1,1,0.7750245821042285
918,Uganda,2018,1,1,0.7420468113499094
919,Uganda,2019,1,1,0.7582025214215483
920,Uganda,2020,1,1,0.7674945568197786
921,Uganda,2021,1,1,0.7189299761202421
922,Uganda,2022,1,1,0.7132225382778484
923,Uganda,2023,1,1,0.681480018260992
924,Ukraine,2018,1,1,0.7531445938525586
925,Ukraine,2019,1,1,0.7529233549145055
926,Ukraine,2020,1,1,0.7489234953836726
927,Ukraine,2021,1,1,0.7489234953836726
928,Ukraine,2022,1,1,0.7474907098800907
929,Ukraine,2023,1,1,0.724776845573306
930,United Arab Emirates,2017,0,0,0.34341024020227556
931,United Arab Emirates,2018,0,0,0.3371418036241045
932,United Arab Emirates,2019,0,0,0.3402391487568479
933,United Arab Emirates,2020,0,0,0.3402391487568479
934,United Arab Emirates,2021,0,0,0.34245153813737883
935,United Arab Emirates,2022,0,0,0.3297671723556679
936,United Arab Emirates,2023,0,0,0.3134323640960808
937,United Kingdom,2020,1,1,0.7088864306784661
938,United Kingdom,2021,1,1,0.7088864306784661
939,United Kingdom,2022,1,1,0.706821533923304
940,United Kingdom,2023,1,1,0.6874631268436578
941,United States of America,2020,1,1,0.7260568708577558
942,United States of America,2021,1,1,0.7260568708577558
943,United States of America,2022,1,1,0.7087949660958511
944,United States of America,2023,1,1,0.6842611481438915
945,Uruguay,2018,1,1,0.6370294282904901
946,Uruguay,2019,1,1,0.6506119188088214
947,Uruguay,2020,1,1,0.6465242660486022
948,Uruguay,2021,1,1,0.6668703469588424
949,Uruguay,2022,1,1,0.6674260781008567
950,Uruguay,2023,1,1,0.6332288593903637
951,Uzbekistan,2018,0,1,0.8084878494170529
952,Uzbekistan,2019,1,1,0.8084878494170529
953,Uzbekistan,2020,1,1,0.8084878494170529
954,Uzbekistan,2021,1,1,0.8146509341199607
955,Uzbekistan,2022,1,1,0.7964355948869223
956,Uzbekistan,2023,1,1,0.762512291052114
957,Venezuela,2018,1,1,0.5993712408535418
958,Venezuela,2019,1,1,0.5878581963758954
959,Venezuela,2020,1,1,0.5567583227981459
960,Venezuela,2021,1,1,0.5589707121786768
961,Venezuela,2022,1,1,0.5468025705857564
962,Venezuela,2023,1,1,0.5369943109987358
963,Vietnam,2017,1,1,0.6580032307908413
964,Vietnam,2018,1,1,0.657560752914735
965,Vietnam,2019,0,1,0.7674796319707822
966,Vietnam,2020,0,1,0.6737111953926112
967,Vietnam,2021,0,1,0.6544265346256496
968,Vietnam,2022,0,1,0.6282097204663574
969,Vietnam,2023,0,1,0.6177008709088353
970,Yemen (North Yemen),2017,1,1,0.8791131127967411
971,Yemen (North Yemen),2018,1,1,0.8813255021772721
972,Yemen (North Yemen),2019,1,1,0.8813255021772721
973,Yemen (North Yemen),2020,1,1,0.8813255021772721
974,Yemen (North Yemen),2021,1,1,0.8813255021772721
975,Yemen (North Yemen),2022,1,1,0.8383314018822867
976,Yemen (North Yemen),2023,1,1,0.7655806644191596
977,Zambia,2017,0,0,0.33930678466076686
978,Zambia,2018,0,0,0.3388142646439106
979,Zambia,2019,0,0,0.40041350611040866
980,Zambia,2020,0,0,0.3632242941424356
981,Zambia,2021,1,0,0.3121128318584071
982,Zambia,2022,1,0,0.28548514538558795
983,Zambia,2023,0,0,0.24300726927939317
984,Zimbabwe,2017,1,1,0.7715585054080627
985,Zimbabwe,2018,1,1,0.7517391838741395
986,Zimbabwe,2019,1,1,0.6164322587442057
987,Zimbabwe,2020,1,1,0.5384639696586598
988,Zimbabwe,2021,1,1,0.5573640960809102
989,Zimbabwe,2022,1,1,0.5237989886219976
990,Zimbabwe,2023,1,0,0.4775205436156764
991,eSwatini,2017,0,0,0.10874771737603596
992,eSwatini,2018,0,0,0.07390082876808539
993,eSwatini,2019,0,0,0.09898949992976541
994,eSwatini,2020,0,0,0.07828873437280517
995,eSwatini,2021,1,0,0.07334773142295267
996,eSwatini,2022,1,0,0.12639152268577047
997,eSwatini,2023,1,0,0.1273625158027813
