,country,year,d_sb,preds,preds_proba
0,United States of America,2017,0,0,0.1341991341991342
1,United States of America,2018,0,0,0.12554112554112554
2,United States of America,2019,0,0,0.10822510822510822
3,United States of America,2020,0,0,0.09090909090909091
4,United States of America,2021,0,0,0.1645021645021645
5,United States of America,2022,0,0,0.1471861471861472
6,United States of America,2023,0,0,0.1645021645021645
7,Canada,2017,0,0,0.008658008658008658
8,Canada,2018,0,0,0.008658008658008658
9,Canada,2019,0,0,0.004329004329004329
10,Canada,2020,0,0,0.030303030303030304
11,Canada,2021,0,0,0.06926406926406926
12,Canada,2022,0,0,0.1471861471861472
13,Canada,2023,0,0,0.07792207792207792
14,Cuba,2017,0,0,0.021645021645021644
15,Cuba,2018,0,0,0.04329004329004329
16,Cuba,2019,0,0,0.05194805194805195
17,Cuba,2020,0,0,0.06926406926406926
18,Cuba,2021,0,0,0.11255411255411256
19,Cuba,2022,0,0,0.12554112554112554
20,Cuba,2023,0,0,0.08658008658008658
21,Haiti,2017,0,0,0.06926406926406926
22,Haiti,2018,0,0,0.07792207792207792
23,Haiti,2019,0,0,0.21212121212121213
24,Haiti,2020,0,0,0.31601731601731603
25,Haiti,2021,0,0,0.3939393939393939
26,Haiti,2022,0,0,0.3593073593073593
27,Haiti,2023,0,0,0.39826839826839827
28,Dominican Republic,2017,0,0,0.025974025974025976
29,Dominican Republic,2018,0,0,0.04329004329004329
30,Dominican Republic,2019,0,0,0.04329004329004329
31,Dominican Republic,2020,0,0,0.09523809523809523
32,Dominican Republic,2021,0,0,0.09523809523809523
33,Dominican Republic,2022,0,0,0.09523809523809523
34,Dominican Republic,2023,0,0,0.11688311688311688
35,Jamaica,2017,0,0,0.008658008658008658
36,Jamaica,2018,0,0,0.012987012987012988
37,Jamaica,2019,0,0,0.030303030303030304
38,Jamaica,2020,0,0,0.017316017316017316
39,Jamaica,2021,0,0,0.017316017316017316
40,Jamaica,2022,0,0,0.017316017316017316
41,Jamaica,2023,0,0,0.06493506493506493
42,Trinidad and Tobago,2017,0,0,0.021645021645021644
43,Trinidad and Tobago,2018,0,0,0.021645021645021644
44,Trinidad and Tobago,2019,0,0,0.012987012987012988
45,Trinidad and Tobago,2020,0,0,0.04329004329004329
46,Trinidad and Tobago,2021,0,0,0.030303030303030304
47,Trinidad and Tobago,2022,0,0,0.03896103896103896
48,Trinidad and Tobago,2023,0,0,0.03896103896103896
49,Barbados,2017,0,0,0.0
50,Barbados,2018,0,0,0.004329004329004329
51,Barbados,2019,0,0,0.017316017316017316
52,Barbados,2020,0,0,0.05194805194805195
53,Barbados,2021,0,0,0.0
54,Barbados,2022,0,0,0.0
55,Barbados,2023,0,0,0.0
56,Mexico,2017,0,0,0.09090909090909091
57,Mexico,2018,0,0,0.10822510822510822
58,Mexico,2019,0,0,0.19913419913419914
59,Mexico,2020,0,0,0.19047619047619047
60,Mexico,2021,0,0,0.18181818181818182
61,Mexico,2022,0,0,0.1774891774891775
62,Mexico,2023,0,0,0.13852813852813853
63,Guatemala,2017,0,0,0.025974025974025976
64,Guatemala,2018,0,0,0.008658008658008658
65,Guatemala,2019,0,0,0.03463203463203463
66,Guatemala,2020,0,0,0.05194805194805195
67,Guatemala,2021,0,0,0.03896103896103896
68,Guatemala,2022,0,0,0.025974025974025976
69,Guatemala,2023,0,0,0.030303030303030304
70,Honduras,2017,0,0,0.025974025974025976
71,Honduras,2018,0,0,0.017316017316017316
72,Honduras,2019,0,0,0.06926406926406926
73,Honduras,2020,0,0,0.1038961038961039
74,Honduras,2021,0,0,0.12121212121212122
75,Honduras,2022,0,0,0.06493506493506493
76,Honduras,2023,0,0,0.06060606060606061
77,El Salvador,2017,0,0,0.06926406926406926
78,El Salvador,2018,0,0,0.08658008658008658
79,El Salvador,2019,0,0,0.0735930735930736
80,El Salvador,2020,0,0,0.1645021645021645
81,El Salvador,2021,0,0,0.23809523809523808
82,El Salvador,2022,0,0,0.329004329004329
83,El Salvador,2023,0,0,0.354978354978355
84,Nicaragua,2017,0,0,0.11688311688311688
85,Nicaragua,2018,0,0,0.49783549783549785
86,Nicaragua,2019,0,1,0.5541125541125541
87,Nicaragua,2020,0,0,0.30303030303030304
88,Nicaragua,2021,0,0,0.2813852813852814
89,Nicaragua,2022,0,0,0.29004329004329005
90,Nicaragua,2023,0,0,0.2943722943722944
91,Costa Rica,2017,0,0,0.008658008658008658
92,Costa Rica,2018,0,0,0.017316017316017316
93,Costa Rica,2019,0,0,0.012987012987012988
94,Costa Rica,2020,0,0,0.004329004329004329
95,Costa Rica,2021,0,0,0.008658008658008658
96,Costa Rica,2022,0,0,0.008658008658008658
97,Costa Rica,2023,0,0,0.012987012987012988
98,Panama,2017,0,0,0.021645021645021644
99,Panama,2018,0,0,0.12121212121212122
100,Panama,2019,0,0,0.0735930735930736
101,Panama,2020,0,0,0.08225108225108226
102,Panama,2021,0,0,0.08658008658008658
103,Panama,2022,0,0,0.07792207792207792
104,Panama,2023,0,0,0.05194805194805195
105,Colombia,2017,1,1,0.8268398268398268
106,Colombia,2018,1,1,0.7878787878787878
107,Colombia,2019,1,1,0.8181818181818182
108,Colombia,2020,1,1,0.5627705627705628
109,Colombia,2021,1,1,0.7835497835497836
110,Colombia,2022,1,1,0.5584415584415584
111,Colombia,2023,1,1,0.5411255411255411
112,Venezuela,2017,0,0,0.41125541125541126
113,Venezuela,2018,0,0,0.42857142857142855
114,Venezuela,2019,0,1,0.5108225108225108
115,Venezuela,2020,0,1,0.5194805194805194
116,Venezuela,2021,0,0,0.44155844155844154
117,Venezuela,2022,0,0,0.42857142857142855
118,Venezuela,2023,0,0,0.42857142857142855
119,Guyana,2017,0,0,0.012987012987012988
120,Guyana,2018,0,0,0.021645021645021644
121,Guyana,2019,0,0,0.04329004329004329
122,Guyana,2020,0,0,0.025974025974025976
123,Guyana,2021,0,0,0.0735930735930736
124,Guyana,2022,0,0,0.04329004329004329
125,Guyana,2023,0,0,0.07792207792207792
126,Suriname,2017,0,0,0.021645021645021644
127,Suriname,2018,0,0,0.030303030303030304
128,Suriname,2019,0,0,0.14285714285714285
129,Suriname,2020,0,0,0.04329004329004329
130,Suriname,2021,0,0,0.047619047619047616
131,Suriname,2022,0,0,0.047619047619047616
132,Suriname,2023,0,0,0.11255411255411256
133,Ecuador,2017,0,0,0.1038961038961039
134,Ecuador,2018,0,0,0.10822510822510822
135,Ecuador,2019,1,0,0.11255411255411256
136,Ecuador,2020,0,0,0.15151515151515152
137,Ecuador,2021,0,0,0.15151515151515152
138,Ecuador,2022,0,0,0.12554112554112554
139,Ecuador,2023,0,0,0.16017316017316016
140,Peru,2017,1,1,0.6147186147186147
141,Peru,2018,0,1,0.6190476190476191
142,Peru,2019,0,0,0.4199134199134199
143,Peru,2020,1,1,0.5021645021645021
144,Peru,2021,1,0,0.33766233766233766
145,Peru,2022,1,0,0.2727272727272727
146,Peru,2023,1,0,0.1645021645021645
147,Brazil,2017,0,0,0.09956709956709957
148,Brazil,2018,0,0,0.11688311688311688
149,Brazil,2019,0,0,0.39826839826839827
150,Brazil,2020,0,0,0.3463203463203463
151,Brazil,2021,0,0,0.341991341991342
152,Brazil,2022,0,0,0.3463203463203463
153,Brazil,2023,0,0,0.12987012987012986
154,Bolivia,2017,0,0,0.05194805194805195
155,Bolivia,2018,0,0,0.047619047619047616
156,Bolivia,2019,0,0,0.12987012987012986
157,Bolivia,2020,0,0,0.1471861471861472
158,Bolivia,2021,0,0,0.0735930735930736
159,Bolivia,2022,0,0,0.09090909090909091
160,Bolivia,2023,0,0,0.08658008658008658
161,Paraguay,2017,0,0,0.03463203463203463
162,Paraguay,2018,0,0,0.03896103896103896
163,Paraguay,2019,0,0,0.03896103896103896
164,Paraguay,2020,0,0,0.05627705627705628
165,Paraguay,2021,0,0,0.047619047619047616
166,Paraguay,2022,0,0,0.05194805194805195
167,Paraguay,2023,0,0,0.07792207792207792
168,Chile,2017,0,0,0.017316017316017316
169,Chile,2018,0,0,0.021645021645021644
170,Chile,2019,0,0,0.030303030303030304
171,Chile,2020,0,0,0.06060606060606061
172,Chile,2021,0,0,0.030303030303030304
173,Chile,2022,0,0,0.012987012987012988
174,Chile,2023,0,0,0.030303030303030304
175,Argentina,2017,0,0,0.030303030303030304
176,Argentina,2018,0,0,0.004329004329004329
177,Argentina,2019,0,0,0.021645021645021644
178,Argentina,2020,0,0,0.008658008658008658
179,Argentina,2021,0,0,0.11255411255411256
180,Argentina,2022,0,0,0.04329004329004329
181,Argentina,2023,0,0,0.017316017316017316
182,Uruguay,2017,0,0,0.0
183,Uruguay,2018,0,0,0.021645021645021644
184,Uruguay,2019,0,0,0.030303030303030304
185,Uruguay,2020,0,0,0.017316017316017316
186,Uruguay,2021,0,0,0.03896103896103896
187,Uruguay,2022,0,0,0.025974025974025976
188,Uruguay,2023,0,0,0.025974025974025976
189,United Kingdom,2017,0,0,0.07792207792207792
190,United Kingdom,2018,0,0,0.17316017316017315
191,United Kingdom,2019,1,0,0.06060606060606061
192,United Kingdom,2020,0,0,0.12987012987012986
193,United Kingdom,2021,0,0,0.12121212121212122
194,United Kingdom,2022,0,0,0.13852813852813853
195,United Kingdom,2023,0,0,0.14285714285714285
196,Ireland,2017,0,0,0.05627705627705628
197,Ireland,2018,0,0,0.06060606060606061
198,Ireland,2019,0,0,0.06493506493506493
199,Ireland,2020,0,0,0.06926406926406926
200,Ireland,2021,0,0,0.07792207792207792
201,Ireland,2022,0,0,0.06060606060606061
202,Ireland,2023,0,0,0.06926406926406926
203,Netherlands,2017,0,0,0.07792207792207792
204,Netherlands,2018,0,0,0.09523809523809523
205,Netherlands,2019,0,0,0.008658008658008658
206,Netherlands,2020,0,0,0.021645021645021644
207,Netherlands,2021,0,0,0.03463203463203463
208,Netherlands,2022,0,0,0.04329004329004329
209,Netherlands,2023,0,0,0.030303030303030304
210,Belgium,2017,0,0,0.4069264069264069
211,Belgium,2018,1,0,0.39826839826839827
212,Belgium,2019,0,0,0.329004329004329
213,Belgium,2020,0,0,0.22510822510822512
214,Belgium,2021,0,0,0.21212121212121213
215,Belgium,2022,0,0,0.2077922077922078
216,Belgium,2023,0,0,0.2857142857142857
217,Luxembourg,2017,0,0,0.004329004329004329
218,Luxembourg,2018,0,0,0.0
219,Luxembourg,2019,0,0,0.012987012987012988
220,Luxembourg,2020,0,0,0.021645021645021644
221,Luxembourg,2021,0,0,0.030303030303030304
222,Luxembourg,2022,0,0,0.025974025974025976
223,Luxembourg,2023,0,0,0.025974025974025976
224,France,2017,1,0,0.18181818181818182
225,France,2018,1,0,0.20346320346320346
226,France,2019,0,0,0.14285714285714285
227,France,2020,0,0,0.09523809523809523
228,France,2021,0,0,0.12121212121212122
229,France,2022,0,0,0.1038961038961039
230,France,2023,0,0,0.12554112554112554
231,Switzerland,2017,0,0,0.004329004329004329
232,Switzerland,2018,0,0,0.008658008658008658
233,Switzerland,2019,0,0,0.012987012987012988
234,Switzerland,2020,0,0,0.017316017316017316
235,Switzerland,2021,0,0,0.012987012987012988
236,Switzerland,2022,0,0,0.012987012987012988
237,Switzerland,2023,0,0,0.008658008658008658
238,Spain,2017,0,0,0.03463203463203463
239,Spain,2018,0,0,0.012987012987012988
240,Spain,2019,0,0,0.017316017316017316
241,Spain,2020,0,0,0.03463203463203463
242,Spain,2021,0,0,0.047619047619047616
243,Spain,2022,0,0,0.05194805194805195
244,Spain,2023,0,0,0.09956709956709957
245,Portugal,2017,0,0,0.017316017316017316
246,Portugal,2018,0,0,0.017316017316017316
247,Portugal,2019,0,0,0.04329004329004329
248,Portugal,2020,0,0,0.03896103896103896
249,Portugal,2021,0,0,0.06060606060606061
250,Portugal,2022,0,0,0.05627705627705628
251,Portugal,2023,0,0,0.0735930735930736
252,Germany,2017,0,0,0.021645021645021644
253,Germany,2018,0,0,0.03896103896103896
254,Germany,2019,0,0,0.06493506493506493
255,Germany,2020,0,0,0.06493506493506493
256,Germany,2021,0,0,0.06926406926406926
257,Germany,2022,0,0,0.06926406926406926
258,Germany,2023,0,0,0.08225108225108226
259,Poland,2017,0,0,0.012987012987012988
260,Poland,2018,0,0,0.012987012987012988
261,Poland,2019,0,0,0.047619047619047616
262,Poland,2020,0,0,0.05194805194805195
263,Poland,2021,0,0,0.04329004329004329
264,Poland,2022,0,0,0.047619047619047616
265,Poland,2023,0,0,0.06926406926406926
266,Austria,2017,0,0,0.025974025974025976
267,Austria,2018,0,0,0.03463203463203463
268,Austria,2019,0,0,0.047619047619047616
269,Austria,2020,0,0,0.04329004329004329
270,Austria,2021,0,0,0.05194805194805195
271,Austria,2022,0,0,0.05627705627705628
272,Austria,2023,0,0,0.05194805194805195
273,Hungary,2017,0,0,0.017316017316017316
274,Hungary,2018,0,0,0.05194805194805195
275,Hungary,2019,0,0,0.06060606060606061
276,Hungary,2020,0,0,0.06493506493506493
277,Hungary,2021,0,0,0.09090909090909091
278,Hungary,2022,0,0,0.08658008658008658
279,Hungary,2023,0,0,0.1038961038961039
280,Czechia,2017,0,0,0.004329004329004329
281,Czechia,2018,0,0,0.0
282,Czechia,2019,0,0,0.0
283,Czechia,2020,0,0,0.03896103896103896
284,Czechia,2021,0,0,0.004329004329004329
285,Czechia,2022,0,0,0.05194805194805195
286,Czechia,2023,0,0,0.05627705627705628
287,Slovakia,2017,0,0,0.004329004329004329
288,Slovakia,2018,0,0,0.012987012987012988
289,Slovakia,2019,0,0,0.008658008658008658
290,Slovakia,2020,0,0,0.04329004329004329
291,Slovakia,2021,0,0,0.047619047619047616
292,Slovakia,2022,0,0,0.047619047619047616
293,Slovakia,2023,0,0,0.021645021645021644
294,Italy,2017,0,0,0.008658008658008658
295,Italy,2018,0,0,0.008658008658008658
296,Italy,2019,0,0,0.025974025974025976
297,Italy,2020,0,0,0.008658008658008658
298,Italy,2021,0,0,0.008658008658008658
299,Italy,2022,0,0,0.008658008658008658
300,Italy,2023,0,0,0.004329004329004329
301,Malta,2017,0,0,0.07792207792207792
302,Malta,2018,0,0,0.08658008658008658
303,Malta,2019,0,0,0.06926406926406926
304,Malta,2020,0,0,0.05627705627705628
305,Malta,2021,0,0,0.03463203463203463
306,Malta,2022,0,0,0.03463203463203463
307,Malta,2023,0,0,0.03463203463203463
308,Albania,2017,0,0,0.025974025974025976
309,Albania,2018,0,0,0.008658008658008658
310,Albania,2019,0,0,0.017316017316017316
311,Albania,2020,0,0,0.030303030303030304
312,Albania,2021,0,0,0.03896103896103896
313,Albania,2022,0,0,0.047619047619047616
314,Albania,2023,0,0,0.06060606060606061
315,Serbia,2017,0,0,0.06926406926406926
316,Serbia,2018,0,0,0.1341991341991342
317,Serbia,2019,0,0,0.10822510822510822
318,Serbia,2020,0,0,0.12121212121212122
319,Serbia,2021,0,0,0.12987012987012986
320,Serbia,2022,0,0,0.14285714285714285
321,Serbia,2023,0,0,0.16017316017316016
322,Montenegro,2017,0,0,0.021645021645021644
323,Montenegro,2018,0,0,0.05627705627705628
324,Montenegro,2019,0,0,0.09956709956709957
325,Montenegro,2020,0,0,0.1038961038961039
326,Montenegro,2021,0,0,0.05627705627705628
327,Montenegro,2022,0,0,0.05194805194805195
328,Montenegro,2023,0,0,0.021645021645021644
329,North Macedonia,2017,0,0,0.1038961038961039
330,North Macedonia,2018,0,0,0.15584415584415584
331,North Macedonia,2019,0,0,0.09090909090909091
332,North Macedonia,2020,0,0,0.1038961038961039
333,North Macedonia,2021,0,0,0.12121212121212122
334,North Macedonia,2022,0,0,0.10822510822510822
335,North Macedonia,2023,0,0,0.08658008658008658
336,Croatia,2017,0,0,0.017316017316017316
337,Croatia,2018,0,0,0.008658008658008658
338,Croatia,2019,0,0,0.012987012987012988
339,Croatia,2020,0,0,0.05194805194805195
340,Croatia,2021,0,0,0.004329004329004329
341,Croatia,2022,0,0,0.0
342,Croatia,2023,0,0,0.0
343,Bosnia-Herzegovina,2017,0,0,0.017316017316017316
344,Bosnia-Herzegovina,2018,0,0,0.06060606060606061
345,Bosnia-Herzegovina,2019,0,0,0.030303030303030304
346,Bosnia-Herzegovina,2020,0,0,0.06493506493506493
347,Bosnia-Herzegovina,2021,0,0,0.09090909090909091
348,Bosnia-Herzegovina,2022,0,0,0.09956709956709957
349,Bosnia-Herzegovina,2023,0,0,0.1038961038961039
350,Slovenia,2017,0,0,0.0
351,Slovenia,2018,0,0,0.0
352,Slovenia,2019,0,0,0.0
353,Slovenia,2020,0,0,0.04329004329004329
354,Slovenia,2021,0,0,0.04329004329004329
355,Slovenia,2022,0,0,0.012987012987012988
356,Slovenia,2023,0,0,0.017316017316017316
357,Greece,2017,0,0,0.012987012987012988
358,Greece,2018,0,0,0.030303030303030304
359,Greece,2019,0,0,0.047619047619047616
360,Greece,2020,0,0,0.03463203463203463
361,Greece,2021,0,0,0.09090909090909091
362,Greece,2022,0,0,0.08225108225108226
363,Greece,2023,0,0,0.05627705627705628
364,Cyprus,2017,0,0,0.004329004329004329
365,Cyprus,2018,0,0,0.008658008658008658
366,Cyprus,2019,0,0,0.017316017316017316
367,Cyprus,2020,0,0,0.021645021645021644
368,Cyprus,2021,0,0,0.025974025974025976
369,Cyprus,2022,0,0,0.047619047619047616
370,Cyprus,2023,0,0,0.03463203463203463
371,Bulgaria,2017,0,0,0.004329004329004329
372,Bulgaria,2018,0,0,0.017316017316017316
373,Bulgaria,2019,0,0,0.021645021645021644
374,Bulgaria,2020,0,0,0.004329004329004329
375,Bulgaria,2021,0,0,0.0
376,Bulgaria,2022,0,0,0.008658008658008658
377,Bulgaria,2023,0,0,0.0
378,Moldova,2017,0,0,0.030303030303030304
379,Moldova,2018,0,0,0.03463203463203463
380,Moldova,2019,0,0,0.030303030303030304
381,Moldova,2020,0,0,0.08225108225108226
382,Moldova,2021,0,0,0.09090909090909091
383,Moldova,2022,0,0,0.047619047619047616
384,Moldova,2023,0,0,0.1038961038961039
385,Romania,2017,0,0,0.025974025974025976
386,Romania,2018,0,0,0.03463203463203463
387,Romania,2019,0,0,0.025974025974025976
388,Romania,2020,0,0,0.12121212121212122
389,Romania,2021,0,0,0.08658008658008658
390,Romania,2022,0,0,0.06060606060606061
391,Romania,2023,0,0,0.012987012987012988
392,Russia (Soviet Union),2017,1,1,0.70995670995671
393,Russia (Soviet Union),2018,1,1,0.6406926406926406
394,Russia (Soviet Union),2019,1,1,0.6060606060606061
395,Russia (Soviet Union),2020,1,1,0.6406926406926406
396,Russia (Soviet Union),2021,1,1,0.670995670995671
397,Russia (Soviet Union),2022,1,1,0.5714285714285714
398,Russia (Soviet Union),2023,1,1,0.5670995670995671
399,Estonia,2017,0,0,0.017316017316017316
400,Estonia,2018,0,0,0.021645021645021644
401,Estonia,2019,0,0,0.008658008658008658
402,Estonia,2020,0,0,0.0
403,Estonia,2021,0,0,0.021645021645021644
404,Estonia,2022,0,0,0.030303030303030304
405,Estonia,2023,0,0,0.05194805194805195
406,Latvia,2017,0,0,0.0
407,Latvia,2018,0,0,0.008658008658008658
408,Latvia,2019,0,0,0.017316017316017316
409,Latvia,2020,0,0,0.012987012987012988
410,Latvia,2021,0,0,0.021645021645021644
411,Latvia,2022,0,0,0.008658008658008658
412,Latvia,2023,0,0,0.025974025974025976
413,Lithuania,2017,0,0,0.004329004329004329
414,Lithuania,2018,0,0,0.0
415,Lithuania,2019,0,0,0.004329004329004329
416,Lithuania,2020,0,0,0.008658008658008658
417,Lithuania,2021,0,0,0.012987012987012988
418,Lithuania,2022,0,0,0.025974025974025976
419,Lithuania,2023,0,0,0.047619047619047616
420,Ukraine,2017,1,1,0.8311688311688312
421,Ukraine,2018,1,1,0.7748917748917749
422,Ukraine,2019,1,1,0.6103896103896104
423,Ukraine,2020,1,1,0.6103896103896104
424,Ukraine,2021,1,1,0.5974025974025974
425,Ukraine,2022,1,1,0.7619047619047619
426,Ukraine,2023,0,1,0.7445887445887446
427,Belarus,2017,0,0,0.05194805194805195
428,Belarus,2018,0,0,0.06493506493506493
429,Belarus,2019,0,0,0.06926406926406926
430,Belarus,2020,0,0,0.3722943722943723
431,Belarus,2021,0,0,0.354978354978355
432,Belarus,2022,0,0,0.36796536796536794
433,Belarus,2023,0,0,0.37662337662337664
434,Armenia,2017,0,1,0.5541125541125541
435,Armenia,2018,1,0,0.12987012987012986
436,Armenia,2019,1,0,0.1471861471861472
437,Armenia,2020,1,0,0.2510822510822511
438,Armenia,2021,1,0,0.26406926406926406
439,Armenia,2022,1,0,0.24242424242424243
440,Armenia,2023,1,0,0.35064935064935066
441,Georgia,2017,0,0,0.030303030303030304
442,Georgia,2018,0,0,0.030303030303030304
443,Georgia,2019,0,0,0.047619047619047616
444,Georgia,2020,0,0,0.047619047619047616
445,Georgia,2021,0,0,0.04329004329004329
446,Georgia,2022,0,0,0.047619047619047616
447,Georgia,2023,0,0,0.030303030303030304
448,Azerbaijan,2017,1,1,0.8051948051948052
449,Azerbaijan,2018,1,1,0.8268398268398268
450,Azerbaijan,2019,1,1,0.7878787878787878
451,Azerbaijan,2020,1,1,0.8181818181818182
452,Azerbaijan,2021,1,1,0.670995670995671
453,Azerbaijan,2022,1,1,0.5930735930735931
454,Azerbaijan,2023,1,1,0.5887445887445888
455,Finland,2017,0,0,0.004329004329004329
456,Finland,2018,0,0,0.012987012987012988
457,Finland,2019,0,0,0.0
458,Finland,2020,0,0,0.004329004329004329
459,Finland,2021,0,0,0.008658008658008658
460,Finland,2022,0,0,0.008658008658008658
461,Finland,2023,0,0,0.06493506493506493
462,Sweden,2017,0,0,0.008658008658008658
463,Sweden,2018,0,0,0.008658008658008658
464,Sweden,2019,0,0,0.008658008658008658
465,Sweden,2020,0,0,0.017316017316017316
466,Sweden,2021,0,0,0.021645021645021644
467,Sweden,2022,0,0,0.017316017316017316
468,Sweden,2023,0,0,0.05194805194805195
469,Norway,2017,0,0,0.012987012987012988
470,Norway,2018,0,0,0.017316017316017316
471,Norway,2019,0,0,0.012987012987012988
472,Norway,2020,0,0,0.03896103896103896
473,Norway,2021,0,0,0.05194805194805195
474,Norway,2022,0,0,0.03896103896103896
475,Norway,2023,0,0,0.047619047619047616
476,Denmark,2017,0,0,0.0
477,Denmark,2018,0,0,0.0
478,Denmark,2019,0,0,0.004329004329004329
479,Denmark,2020,0,0,0.004329004329004329
480,Denmark,2021,0,0,0.0
481,Denmark,2022,0,0,0.0
482,Denmark,2023,0,0,0.008658008658008658
483,Iceland,2017,0,0,0.030303030303030304
484,Iceland,2018,0,0,0.021645021645021644
485,Iceland,2019,0,0,0.03463203463203463
486,Iceland,2020,0,0,0.03463203463203463
487,Iceland,2021,0,0,0.012987012987012988
488,Iceland,2022,0,0,0.030303030303030304
489,Iceland,2023,0,0,0.025974025974025976
490,Cabo Verde,2017,0,0,0.012987012987012988
491,Cabo Verde,2018,0,0,0.008658008658008658
492,Cabo Verde,2019,0,0,0.008658008658008658
493,Cabo Verde,2020,0,0,0.017316017316017316
494,Cabo Verde,2021,0,0,0.017316017316017316
495,Cabo Verde,2022,0,0,0.017316017316017316
496,Cabo Verde,2023,0,0,0.017316017316017316
497,Guinea-Bissau,2017,0,0,0.025974025974025976
498,Guinea-Bissau,2018,0,0,0.0735930735930736
499,Guinea-Bissau,2019,0,0,0.05627705627705628
500,Guinea-Bissau,2020,0,0,0.09523809523809523
501,Guinea-Bissau,2021,0,0,0.08658008658008658
502,Guinea-Bissau,2022,0,0,0.12554112554112554
503,Guinea-Bissau,2023,0,0,0.11688311688311688
504,Equatorial Guinea,2017,0,0,0.06926406926406926
505,Equatorial Guinea,2018,0,0,0.07792207792207792
506,Equatorial Guinea,2019,0,0,0.07792207792207792
507,Equatorial Guinea,2020,0,0,0.11688311688311688
508,Equatorial Guinea,2021,0,0,0.14285714285714285
509,Equatorial Guinea,2022,0,0,0.23376623376623376
510,Equatorial Guinea,2023,0,0,0.24242424242424243
511,Gambia,2017,0,0,0.05194805194805195
512,Gambia,2018,0,0,0.03896103896103896
513,Gambia,2019,0,0,0.017316017316017316
514,Gambia,2020,0,0,0.017316017316017316
515,Gambia,2021,0,0,0.021645021645021644
516,Gambia,2022,0,0,0.03463203463203463
517,Gambia,2023,0,0,0.05194805194805195
518,Mali,2017,1,1,0.8095238095238095
519,Mali,2018,1,1,0.7532467532467533
520,Mali,2019,1,1,0.7402597402597403
521,Mali,2020,1,1,0.6493506493506493
522,Mali,2021,1,1,0.5584415584415584
523,Mali,2022,1,1,0.5757575757575758
524,Mali,2023,1,1,0.5844155844155844
525,Senegal,2017,0,0,0.21645021645021645
526,Senegal,2018,0,0,0.22077922077922077
527,Senegal,2019,0,0,0.15584415584415584
528,Senegal,2020,0,0,0.11255411255411256
529,Senegal,2021,0,0,0.08225108225108226
530,Senegal,2022,0,0,0.12987012987012986
531,Senegal,2023,0,0,0.26406926406926406
532,Benin,2017,0,0,0.04329004329004329
533,Benin,2018,0,0,0.03896103896103896
534,Benin,2019,0,0,0.06926406926406926
535,Benin,2020,1,0,0.06926406926406926
536,Benin,2021,1,0,0.08225108225108226
537,Benin,2022,1,0,0.08658008658008658
538,Benin,2023,1,0,0.0735930735930736
539,Mauritania,2017,0,0,0.14285714285714285
540,Mauritania,2018,0,0,0.15584415584415584
541,Mauritania,2019,0,0,0.21212121212121213
542,Mauritania,2020,0,0,0.22510822510822512
543,Mauritania,2021,0,0,0.2077922077922078
544,Mauritania,2022,0,0,0.21212121212121213
545,Mauritania,2023,1,0,0.24242424242424243
546,Niger,2017,1,1,0.6406926406926406
547,Niger,2018,1,1,0.5757575757575758
548,Niger,2019,1,1,0.5930735930735931
549,Niger,2020,1,1,0.5714285714285714
550,Niger,2021,1,1,0.5194805194805194
551,Niger,2022,1,1,0.5281385281385281
552,Niger,2023,1,1,0.5497835497835498
553,Ivory Coast,2017,0,0,0.341991341991342
554,Ivory Coast,2018,0,0,0.2813852813852814
555,Ivory Coast,2019,0,0,0.4069264069264069
556,Ivory Coast,2020,0,0,0.3939393939393939
557,Ivory Coast,2021,0,0,0.19913419913419914
558,Ivory Coast,2022,0,0,0.12987012987012986
559,Ivory Coast,2023,0,0,0.16017316017316016
560,Guinea,2017,0,0,0.1038961038961039
561,Guinea,2018,0,0,0.16883116883116883
562,Guinea,2019,0,0,0.27705627705627706
563,Guinea,2020,0,0,0.2554112554112554
564,Guinea,2021,0,0,0.4155844155844156
565,Guinea,2022,0,0,0.38095238095238093
566,Guinea,2023,0,0,0.37662337662337664
567,Burkina Faso,2017,1,0,0.19480519480519481
568,Burkina Faso,2018,1,0,0.37662337662337664
569,Burkina Faso,2019,1,0,0.4935064935064935
570,Burkina Faso,2020,1,0,0.4935064935064935
571,Burkina Faso,2021,1,0,0.4805194805194805
572,Burkina Faso,2022,1,0,0.42857142857142855
573,Burkina Faso,2023,1,1,0.5324675324675324
574,Liberia,2017,0,0,0.04329004329004329
575,Liberia,2018,0,0,0.13852813852813853
576,Liberia,2019,0,0,0.19047619047619047
577,Liberia,2020,0,0,0.12554112554112554
578,Liberia,2021,0,0,0.13852813852813853
579,Liberia,2022,0,0,0.16017316017316016
580,Liberia,2023,0,0,0.1341991341991342
581,Sierra Leone,2017,0,0,0.06493506493506493
582,Sierra Leone,2018,0,0,0.09090909090909091
583,Sierra Leone,2019,0,0,0.1038961038961039
584,Sierra Leone,2020,0,0,0.1471861471861472
585,Sierra Leone,2021,0,0,0.1471861471861472
586,Sierra Leone,2022,0,0,0.22077922077922077
587,Sierra Leone,2023,0,0,0.12554112554112554
588,Ghana,2017,0,0,0.0
589,Ghana,2018,0,0,0.008658008658008658
590,Ghana,2019,0,0,0.004329004329004329
591,Ghana,2020,0,0,0.008658008658008658
592,Ghana,2021,0,0,0.008658008658008658
593,Ghana,2022,0,0,0.008658008658008658
594,Ghana,2023,0,0,0.012987012987012988
595,Togo,2017,0,0,0.26406926406926406
596,Togo,2018,0,0,0.2987012987012987
597,Togo,2019,0,0,0.43722943722943725
598,Togo,2020,0,0,0.4155844155844156
599,Togo,2021,0,0,0.2727272727272727
600,Togo,2022,1,0,0.354978354978355
601,Togo,2023,1,0,0.48484848484848486
602,Cameroon,2017,1,1,0.6536796536796536
603,Cameroon,2018,1,1,0.5367965367965368
604,Cameroon,2019,1,1,0.670995670995671
605,Cameroon,2020,1,1,0.6536796536796536
606,Cameroon,2021,1,1,0.5584415584415584
607,Cameroon,2022,1,1,0.5887445887445888
608,Cameroon,2023,1,1,0.5497835497835498
609,Nigeria,2017,1,1,0.9090909090909091
610,Nigeria,2018,1,1,0.9004329004329005
611,Nigeria,2019,1,1,0.8138528138528138
612,Nigeria,2020,1,1,0.8008658008658008
613,Nigeria,2021,1,1,0.7445887445887446
614,Nigeria,2022,1,1,0.7186147186147186
615,Nigeria,2023,1,1,0.7229437229437229
616,Gabon,2017,0,0,0.03463203463203463
617,Gabon,2018,0,0,0.021645021645021644
618,Gabon,2019,0,0,0.030303030303030304
619,Gabon,2020,0,0,0.04329004329004329
620,Gabon,2021,0,0,0.05627705627705628
621,Gabon,2022,0,0,0.09523809523809523
622,Gabon,2023,0,0,0.09090909090909091
623,Central African Republic,2017,1,1,0.6536796536796536
624,Central African Republic,2018,1,1,0.7012987012987013
625,Central African Republic,2019,1,1,0.7792207792207793
626,Central African Republic,2020,1,1,0.7922077922077922
627,Central African Republic,2021,1,1,0.7532467532467533
628,Central African Republic,2022,1,1,0.7359307359307359
629,Central African Republic,2023,1,1,0.6666666666666666
630,Chad,2017,1,1,0.7532467532467533
631,Chad,2018,1,1,0.7012987012987013
632,Chad,2019,1,1,0.7056277056277056
633,Chad,2020,1,1,0.70995670995671
634,Chad,2021,1,1,0.7359307359307359
635,Chad,2022,1,1,0.7359307359307359
636,Chad,2023,1,1,0.7272727272727273
637,Congo,2017,1,0,0.4935064935064935
638,Congo,2018,0,0,0.48917748917748916
639,Congo,2019,0,0,0.42424242424242425
640,Congo,2020,0,0,0.36796536796536794
641,Congo,2021,0,0,0.3939393939393939
642,Congo,2022,1,0,0.36796536796536794
643,Congo,2023,0,0,0.37662337662337664
644,DR Congo (Zaire),2017,1,1,0.9004329004329005
645,DR Congo (Zaire),2018,1,1,0.8528138528138528
646,DR Congo (Zaire),2019,1,1,0.6017316017316018
647,DR Congo (Zaire),2020,1,1,0.7489177489177489
648,DR Congo (Zaire),2021,1,1,0.670995670995671
649,DR Congo (Zaire),2022,1,1,0.6320346320346321
650,DR Congo (Zaire),2023,1,1,0.7878787878787878
651,Uganda,2017,0,0,0.11255411255411256
652,Uganda,2018,0,0,0.1645021645021645
653,Uganda,2019,0,0,0.19913419913419914
654,Uganda,2020,0,0,0.3333333333333333
655,Uganda,2021,1,0,0.3722943722943723
656,Uganda,2022,1,0,0.2510822510822511
657,Uganda,2023,1,0,0.2510822510822511
658,Kenya,2017,1,1,0.8354978354978355
659,Kenya,2018,1,1,0.7705627705627706
660,Kenya,2019,1,1,0.7489177489177489
661,Kenya,2020,1,1,0.7142857142857143
662,Kenya,2021,1,1,0.5714285714285714
663,Kenya,2022,1,1,0.5757575757575758
664,Kenya,2023,1,0,0.49783549783549785
665,Tanzania,2017,0,0,0.0735930735930736
666,Tanzania,2018,0,0,0.1038961038961039
667,Tanzania,2019,0,0,0.15151515151515152
668,Tanzania,2020,1,0,0.19047619047619047
669,Tanzania,2021,1,0,0.15584415584415584
670,Tanzania,2022,1,0,0.1471861471861472
671,Tanzania,2023,0,0,0.11255411255411256
672,Burundi,2017,1,1,0.8138528138528138
673,Burundi,2018,1,1,0.8095238095238095
674,Burundi,2019,1,1,0.8138528138528138
675,Burundi,2020,1,1,0.7359307359307359
676,Burundi,2021,1,1,0.6753246753246753
677,Burundi,2022,1,1,0.6233766233766234
678,Burundi,2023,1,1,0.6277056277056277
679,Rwanda,2017,0,0,0.16883116883116883
680,Rwanda,2018,1,0,0.1645021645021645
681,Rwanda,2019,1,0,0.19047619047619047
682,Rwanda,2020,0,0,0.19913419913419914
683,Rwanda,2021,1,0,0.23809523809523808
684,Rwanda,2022,1,0,0.22077922077922077
685,Rwanda,2023,0,0,0.29004329004329005
686,Somalia,2017,1,1,0.9307359307359307
687,Somalia,2018,1,1,0.9090909090909091
688,Somalia,2019,1,1,0.9134199134199135
689,Somalia,2020,1,1,0.9047619047619048
690,Somalia,2021,1,1,0.7835497835497836
691,Somalia,2022,1,1,0.7878787878787878
692,Somalia,2023,1,1,0.7489177489177489
693,Djibouti,2017,0,0,0.21212121212121213
694,Djibouti,2018,0,0,0.10822510822510822
695,Djibouti,2019,0,0,0.15151515151515152
696,Djibouti,2020,0,0,0.18181818181818182
697,Djibouti,2021,0,0,0.2554112554112554
698,Djibouti,2022,0,0,0.2683982683982684
699,Djibouti,2023,0,0,0.2987012987012987
700,Ethiopia,2017,0,1,0.9134199134199135
701,Ethiopia,2018,1,1,0.5714285714285714
702,Ethiopia,2019,1,1,0.5108225108225108
703,Ethiopia,2020,1,1,0.6147186147186147
704,Ethiopia,2021,1,1,0.6103896103896104
705,Ethiopia,2022,1,1,0.6926406926406926
706,Ethiopia,2023,1,1,0.6883116883116883
707,Eritrea,2017,0,0,0.07792207792207792
708,Eritrea,2018,0,0,0.17316017316017315
709,Eritrea,2019,0,0,0.21645021645021645
710,Eritrea,2020,0,0,0.37662337662337664
711,Eritrea,2021,0,0,0.3333333333333333
712,Eritrea,2022,1,0,0.3939393939393939
713,Eritrea,2023,0,0,0.341991341991342
714,Angola,2017,1,0,0.36796536796536794
715,Angola,2018,1,0,0.12554112554112554
716,Angola,2019,1,0,0.09956709956709957
717,Angola,2020,1,0,0.10822510822510822
718,Angola,2021,0,0,0.15151515151515152
719,Angola,2022,1,0,0.09956709956709957
720,Angola,2023,0,0,0.15151515151515152
721,Mozambique,2017,0,1,0.5064935064935064
722,Mozambique,2018,1,0,0.41125541125541126
723,Mozambique,2019,1,0,0.3852813852813853
724,Mozambique,2020,1,0,0.47186147186147187
725,Mozambique,2021,1,0,0.4675324675324675
726,Mozambique,2022,1,0,0.45454545454545453
727,Mozambique,2023,1,0,0.45021645021645024
728,Zambia,2017,0,0,0.12987012987012986
729,Zambia,2018,0,0,0.07792207792207792
730,Zambia,2019,0,0,0.13852813852813853
731,Zambia,2020,0,0,0.22077922077922077
732,Zambia,2021,0,0,0.15584415584415584
733,Zambia,2022,0,0,0.11255411255411256
734,Zambia,2023,0,0,0.08225108225108226
735,Zimbabwe,2017,0,0,0.17316017316017315
736,Zimbabwe,2018,0,0,0.19047619047619047
737,Zimbabwe,2019,0,0,0.2597402597402597
738,Zimbabwe,2020,0,0,0.2813852813852814
739,Zimbabwe,2021,0,0,0.31601731601731603
740,Zimbabwe,2022,0,0,0.27705627705627706
741,Zimbabwe,2023,0,0,0.2813852813852814
742,Malawi,2017,0,0,0.03463203463203463
743,Malawi,2018,0,0,0.030303030303030304
744,Malawi,2019,0,0,0.047619047619047616
745,Malawi,2020,0,0,0.03463203463203463
746,Malawi,2021,0,0,0.05627705627705628
747,Malawi,2022,0,0,0.15584415584415584
748,Malawi,2023,0,0,0.09956709956709957
749,South Africa,2017,0,0,0.12121212121212122
750,South Africa,2018,0,0,0.06060606060606061
751,South Africa,2019,0,0,0.3116883116883117
752,South Africa,2020,0,0,0.22943722943722944
753,South Africa,2021,0,0,0.29004329004329005
754,South Africa,2022,0,0,0.24675324675324675
755,South Africa,2023,0,0,0.19913419913419914
756,Namibia,2017,0,0,0.05194805194805195
757,Namibia,2018,0,0,0.047619047619047616
758,Namibia,2019,0,0,0.08225108225108226
759,Namibia,2020,0,0,0.06493506493506493
760,Namibia,2021,0,0,0.08658008658008658
761,Namibia,2022,0,0,0.11688311688311688
762,Namibia,2023,0,0,0.11255411255411256
763,Lesotho,2017,0,0,0.12987012987012986
764,Lesotho,2018,0,0,0.12121212121212122
765,Lesotho,2019,0,0,0.22510822510822512
766,Lesotho,2020,0,0,0.19913419913419914
767,Lesotho,2021,0,0,0.18614718614718614
768,Lesotho,2022,0,0,0.1774891774891775
769,Lesotho,2023,0,0,0.12987012987012986
770,Botswana,2017,0,0,0.025974025974025976
771,Botswana,2018,0,0,0.021645021645021644
772,Botswana,2019,0,0,0.012987012987012988
773,Botswana,2020,0,0,0.021645021645021644
774,Botswana,2021,0,0,0.08225108225108226
775,Botswana,2022,0,0,0.06493506493506493
776,Botswana,2023,0,0,0.06060606060606061
777,eSwatini,2017,0,0,0.008658008658008658
778,eSwatini,2018,0,0,0.03463203463203463
779,eSwatini,2019,0,0,0.09523809523809523
780,eSwatini,2020,0,0,0.07792207792207792
781,eSwatini,2021,0,0,0.13852813852813853
782,eSwatini,2022,0,0,0.17316017316017315
783,eSwatini,2023,0,0,0.15151515151515152
784,Madagascar,2017,0,0,0.017316017316017316
785,Madagascar,2018,0,0,0.047619047619047616
786,Madagascar,2019,0,0,0.12987012987012986
787,Madagascar,2020,0,0,0.11255411255411256
788,Madagascar,2021,0,0,0.13852813852813853
789,Madagascar,2022,0,0,0.12121212121212122
790,Madagascar,2023,0,0,0.15584415584415584
791,Comoros,2017,0,0,0.021645021645021644
792,Comoros,2018,0,0,0.03896103896103896
793,Comoros,2019,0,0,0.12121212121212122
794,Comoros,2020,0,0,0.16017316017316016
795,Comoros,2021,0,0,0.16883116883116883
796,Comoros,2022,0,0,0.17316017316017315
797,Comoros,2023,0,0,0.1774891774891775
798,Mauritius,2017,0,0,0.05627705627705628
799,Mauritius,2018,0,0,0.1038961038961039
800,Mauritius,2019,0,0,0.12121212121212122
801,Mauritius,2020,0,0,0.22943722943722944
802,Mauritius,2021,0,0,0.3203463203463203
803,Mauritius,2022,0,0,0.3333333333333333
804,Mauritius,2023,0,0,0.3203463203463203
805,Morocco,2017,0,0,0.030303030303030304
806,Morocco,2018,0,0,0.03896103896103896
807,Morocco,2019,0,0,0.047619047619047616
808,Morocco,2020,1,0,0.11255411255411256
809,Morocco,2021,1,0,0.1038961038961039
810,Morocco,2022,1,0,0.11255411255411256
811,Morocco,2023,1,0,0.12121212121212122
812,Algeria,2017,1,1,0.8398268398268398
813,Algeria,2018,1,1,0.7922077922077922
814,Algeria,2019,1,1,0.7532467532467533
815,Algeria,2020,1,1,0.7012987012987013
816,Algeria,2021,1,1,0.7056277056277056
817,Algeria,2022,1,0,0.4458874458874459
818,Algeria,2023,1,0,0.4199134199134199
819,Tunisia,2017,1,1,0.8268398268398268
820,Tunisia,2018,1,1,0.8311688311688312
821,Tunisia,2019,1,1,0.8398268398268398
822,Tunisia,2020,1,1,0.6017316017316018
823,Tunisia,2021,1,0,0.45021645021645024
824,Tunisia,2022,1,0,0.2813852813852814
825,Tunisia,2023,1,0,0.2554112554112554
826,Libya,2017,1,1,0.8268398268398268
827,Libya,2018,1,1,0.7965367965367965
828,Libya,2019,1,1,0.8138528138528138
829,Libya,2020,1,1,0.8658008658008658
830,Libya,2021,1,1,0.8528138528138528
831,Libya,2022,1,1,0.8354978354978355
832,Libya,2023,1,1,0.7359307359307359
833,Sudan,2017,1,1,0.9393939393939394
834,Sudan,2018,1,1,0.9090909090909091
835,Sudan,2019,1,1,0.8441558441558441
836,Sudan,2020,1,1,0.8225108225108225
837,Sudan,2021,1,1,0.7575757575757576
838,Sudan,2022,1,1,0.7662337662337663
839,Sudan,2023,1,1,0.7575757575757576
840,South Sudan,2017,1,1,0.9567099567099567
841,South Sudan,2018,1,1,0.9567099567099567
842,South Sudan,2019,1,1,0.935064935064935
843,South Sudan,2020,1,1,0.9134199134199135
844,South Sudan,2021,1,1,0.8614718614718615
845,South Sudan,2022,1,1,0.8831168831168831
846,South Sudan,2023,1,1,0.8744588744588745
847,Iran,2017,1,1,0.8917748917748918
848,Iran,2018,1,1,0.9004329004329005
849,Iran,2019,1,1,0.8961038961038961
850,Iran,2020,1,1,0.8571428571428571
851,Iran,2021,1,1,0.8225108225108225
852,Iran,2022,1,1,0.8138528138528138
853,Iran,2023,1,1,0.8008658008658008
854,Turkey,2017,1,1,0.8484848484848485
855,Turkey,2018,1,1,0.8008658008658008
856,Turkey,2019,1,1,0.7316017316017316
857,Turkey,2020,1,1,0.6796536796536796
858,Turkey,2021,1,1,0.6666666666666666
859,Turkey,2022,1,1,0.6277056277056277
860,Turkey,2023,1,1,0.5844155844155844
861,Iraq,2017,1,1,0.9004329004329005
862,Iraq,2018,1,1,0.8528138528138528
863,Iraq,2019,1,1,0.8311688311688312
864,Iraq,2020,1,1,0.8398268398268398
865,Iraq,2021,1,1,0.7835497835497836
866,Iraq,2022,1,1,0.7272727272727273
867,Iraq,2023,1,1,0.7532467532467533
868,Egypt,2017,1,1,0.7792207792207793
869,Egypt,2018,1,1,0.7142857142857143
870,Egypt,2019,1,1,0.6190476190476191
871,Egypt,2020,1,1,0.5281385281385281
872,Egypt,2021,1,1,0.5627705627705628
873,Egypt,2022,1,1,0.5627705627705628
874,Egypt,2023,1,0,0.43722943722943725
875,Syria,2017,1,1,0.935064935064935
876,Syria,2018,1,1,0.922077922077922
877,Syria,2019,1,1,0.9177489177489178
878,Syria,2020,1,1,0.9047619047619048
879,Syria,2021,1,1,0.8051948051948052
880,Syria,2022,1,1,0.8008658008658008
881,Syria,2023,1,1,0.7835497835497836
882,Lebanon,2017,1,1,0.7965367965367965
883,Lebanon,2018,1,1,0.7445887445887446
884,Lebanon,2019,0,1,0.6666666666666666
885,Lebanon,2020,1,1,0.5887445887445888
886,Lebanon,2021,0,1,0.5757575757575758
887,Lebanon,2022,0,1,0.5541125541125541
888,Lebanon,2023,1,1,0.5670995670995671
889,Jordan,2017,0,0,0.4588744588744589
890,Jordan,2018,0,0,0.42424242424242425
891,Jordan,2019,0,0,0.27705627705627706
892,Jordan,2020,0,0,0.329004329004329
893,Jordan,2021,0,0,0.3203463203463203
894,Jordan,2022,0,0,0.2683982683982684
895,Jordan,2023,0,0,0.31601731601731603
896,Israel,2017,1,1,0.8874458874458875
897,Israel,2018,1,1,0.8441558441558441
898,Israel,2019,1,1,0.8398268398268398
899,Israel,2020,1,1,0.8354978354978355
900,Israel,2021,1,1,0.8787878787878788
901,Israel,2022,1,1,0.7878787878787878
902,Israel,2023,1,1,0.8701298701298701
903,Saudi Arabia,2017,1,1,0.696969696969697
904,Saudi Arabia,2018,1,1,0.5757575757575758
905,Saudi Arabia,2019,1,1,0.5021645021645021
906,Saudi Arabia,2020,0,1,0.5108225108225108
907,Saudi Arabia,2021,1,0,0.46320346320346323
908,Saudi Arabia,2022,0,0,0.39826839826839827
909,Saudi Arabia,2023,1,0,0.36363636363636365
910,Yemen (North Yemen),2017,1,1,0.9004329004329005
911,Yemen (North Yemen),2018,1,1,0.9134199134199135
912,Yemen (North Yemen),2019,1,1,0.9177489177489178
913,Yemen (North Yemen),2020,1,1,0.9177489177489178
914,Yemen (North Yemen),2021,1,1,0.8354978354978355
915,Yemen (North Yemen),2022,1,1,0.8441558441558441
916,Yemen (North Yemen),2023,1,1,0.8051948051948052
917,Kuwait,2017,0,0,0.047619047619047616
918,Kuwait,2018,0,0,0.06926406926406926
919,Kuwait,2019,0,0,0.0735930735930736
920,Kuwait,2020,0,0,0.06060606060606061
921,Kuwait,2021,0,0,0.09090909090909091
922,Kuwait,2022,0,0,0.07792207792207792
923,Kuwait,2023,0,0,0.08658008658008658
924,Bahrain,2017,0,0,0.15584415584415584
925,Bahrain,2018,0,0,0.21212121212121213
926,Bahrain,2019,0,0,0.19047619047619047
927,Bahrain,2020,0,0,0.19047619047619047
928,Bahrain,2021,0,0,0.14285714285714285
929,Bahrain,2022,0,0,0.09523809523809523
930,Bahrain,2023,0,0,0.09090909090909091
931,Qatar,2017,0,0,0.03463203463203463
932,Qatar,2018,0,0,0.047619047619047616
933,Qatar,2019,0,0,0.04329004329004329
934,Qatar,2020,0,0,0.04329004329004329
935,Qatar,2021,0,0,0.09956709956709957
936,Qatar,2022,0,0,0.11255411255411256
937,Qatar,2023,0,0,0.11688311688311688
938,United Arab Emirates,2017,0,0,0.04329004329004329
939,United Arab Emirates,2018,0,0,0.03896103896103896
940,United Arab Emirates,2019,0,0,0.04329004329004329
941,United Arab Emirates,2020,0,0,0.06926406926406926
942,United Arab Emirates,2021,0,0,0.09956709956709957
943,United Arab Emirates,2022,1,0,0.09090909090909091
944,United Arab Emirates,2023,0,0,0.09090909090909091
945,Oman,2017,0,0,0.03463203463203463
946,Oman,2018,0,0,0.030303030303030304
947,Oman,2019,0,0,0.025974025974025976
948,Oman,2020,0,0,0.06493506493506493
949,Oman,2021,0,0,0.07792207792207792
950,Oman,2022,0,0,0.05194805194805195
951,Oman,2023,0,0,0.05194805194805195
952,Afghanistan,2017,1,1,0.8484848484848485
953,Afghanistan,2018,1,1,0.8354978354978355
954,Afghanistan,2019,1,1,0.8225108225108225
955,Afghanistan,2020,1,1,0.7619047619047619
956,Afghanistan,2021,1,1,0.7748917748917749
957,Afghanistan,2022,1,1,0.7229437229437229
958,Afghanistan,2023,1,1,0.7965367965367965
959,Turkmenistan,2017,0,0,0.15584415584415584
960,Turkmenistan,2018,0,0,0.15584415584415584
961,Turkmenistan,2019,0,0,0.11255411255411256
962,Turkmenistan,2020,0,0,0.07792207792207792
963,Turkmenistan,2021,0,0,0.19047619047619047
964,Turkmenistan,2022,0,0,0.15584415584415584
965,Turkmenistan,2023,0,0,0.12987012987012986
966,Tajikistan,2017,0,0,0.2943722943722944
967,Tajikistan,2018,0,0,0.35064935064935066
968,Tajikistan,2019,0,0,0.3722943722943723
969,Tajikistan,2020,0,0,0.41125541125541126
970,Tajikistan,2021,0,0,0.4155844155844156
971,Tajikistan,2022,0,0,0.45454545454545453
972,Tajikistan,2023,0,0,0.42424242424242425
973,Kyrgyzstan,2017,0,0,0.05627705627705628
974,Kyrgyzstan,2018,0,0,0.08225108225108226
975,Kyrgyzstan,2019,0,0,0.08225108225108226
976,Kyrgyzstan,2020,0,0,0.12121212121212122
977,Kyrgyzstan,2021,0,0,0.21645021645021645
978,Kyrgyzstan,2022,0,0,0.21212121212121213
979,Kyrgyzstan,2023,0,0,0.354978354978355
980,Uzbekistan,2017,0,0,0.08658008658008658
981,Uzbekistan,2018,0,0,0.2077922077922078
982,Uzbekistan,2019,0,0,0.22943722943722944
983,Uzbekistan,2020,0,0,0.2813852813852814
984,Uzbekistan,2021,0,0,0.2943722943722944
985,Uzbekistan,2022,0,0,0.2987012987012987
986,Uzbekistan,2023,0,0,0.2943722943722944
987,Kazakhstan,2017,0,0,0.021645021645021644
988,Kazakhstan,2018,0,0,0.05627705627705628
989,Kazakhstan,2019,0,0,0.14285714285714285
990,Kazakhstan,2020,0,0,0.12121212121212122
991,Kazakhstan,2021,0,0,0.11688311688311688
992,Kazakhstan,2022,0,0,0.16017316017316016
993,Kazakhstan,2023,0,0,0.14285714285714285
994,China,2017,1,0,0.2857142857142857
995,China,2018,0,0,0.3246753246753247
996,China,2019,0,0,0.329004329004329
997,China,2020,0,0,0.354978354978355
998,China,2021,0,0,0.3463203463203463
999,China,2022,0,0,0.329004329004329
1000,China,2023,1,0,0.354978354978355
1001,Mongolia,2017,0,0,0.004329004329004329
1002,Mongolia,2018,0,0,0.008658008658008658
1003,Mongolia,2019,0,0,0.0
1004,Mongolia,2020,0,0,0.09523809523809523
1005,Mongolia,2021,0,0,0.06493506493506493
1006,Mongolia,2022,0,0,0.05194805194805195
1007,Mongolia,2023,0,0,0.14285714285714285
1008,South Korea,2017,0,0,0.05194805194805195
1009,South Korea,2018,0,0,0.03896103896103896
1010,South Korea,2019,0,0,0.06926406926406926
1011,South Korea,2020,0,0,0.05194805194805195
1012,South Korea,2021,0,0,0.05627705627705628
1013,South Korea,2022,0,0,0.06060606060606061
1014,South Korea,2023,0,0,0.05194805194805195
1015,Japan,2017,0,0,0.008658008658008658
1016,Japan,2018,0,0,0.017316017316017316
1017,Japan,2019,0,0,0.017316017316017316
1018,Japan,2020,0,0,0.030303030303030304
1019,Japan,2021,0,0,0.04329004329004329
1020,Japan,2022,0,0,0.03896103896103896
1021,Japan,2023,0,0,0.03896103896103896
1022,India,2017,1,1,0.6753246753246753
1023,India,2018,1,1,0.8744588744588745
1024,India,2019,1,1,0.6190476190476191
1025,India,2020,1,1,0.6233766233766234
1026,India,2021,1,0,0.48917748917748916
1027,India,2022,1,0,0.42424242424242425
1028,India,2023,1,0,0.44155844155844154
1029,Bhutan,2017,0,0,0.03896103896103896
1030,Bhutan,2018,0,0,0.09956709956709957
1031,Bhutan,2019,0,0,0.1038961038961039
1032,Bhutan,2020,0,0,0.09956709956709957
1033,Bhutan,2021,0,0,0.11688311688311688
1034,Bhutan,2022,0,0,0.12554112554112554
1035,Bhutan,2023,0,0,0.12121212121212122
1036,Pakistan,2017,1,1,0.935064935064935
1037,Pakistan,2018,1,1,0.9004329004329005
1038,Pakistan,2019,1,1,0.9307359307359307
1039,Pakistan,2020,1,1,0.8744588744588745
1040,Pakistan,2021,1,1,0.8441558441558441
1041,Pakistan,2022,1,1,0.8787878787878788
1042,Pakistan,2023,1,1,0.8095238095238095
1043,Bangladesh,2017,1,1,0.8051948051948052
1044,Bangladesh,2018,1,1,0.6060606060606061
1045,Bangladesh,2019,1,1,0.5670995670995671
1046,Bangladesh,2020,1,1,0.5670995670995671
1047,Bangladesh,2021,0,1,0.7056277056277056
1048,Bangladesh,2022,1,1,0.5974025974025974
1049,Bangladesh,2023,0,1,0.5584415584415584
1050,Myanmar (Burma),2017,1,1,0.7965367965367965
1051,Myanmar (Burma),2018,1,1,0.7402597402597403
1052,Myanmar (Burma),2019,1,1,0.7272727272727273
1053,Myanmar (Burma),2020,1,1,0.7748917748917749
1054,Myanmar (Burma),2021,1,1,0.8051948051948052
1055,Myanmar (Burma),2022,1,1,0.7878787878787878
1056,Myanmar (Burma),2023,1,1,0.7662337662337663
1057,Sri Lanka,2017,0,0,0.1038961038961039
1058,Sri Lanka,2018,0,0,0.11255411255411256
1059,Sri Lanka,2019,0,0,0.15584415584415584
1060,Sri Lanka,2020,0,0,0.2943722943722944
1061,Sri Lanka,2021,0,0,0.30303030303030304
1062,Sri Lanka,2022,0,0,0.4675324675324675
1063,Sri Lanka,2023,0,0,0.2077922077922078
1064,Maldives,2017,0,0,0.05194805194805195
1065,Maldives,2018,0,0,0.1038961038961039
1066,Maldives,2019,0,0,0.10822510822510822
1067,Maldives,2020,0,0,0.10822510822510822
1068,Maldives,2021,0,0,0.1341991341991342
1069,Maldives,2022,0,0,0.11688311688311688
1070,Maldives,2023,0,0,0.13852813852813853
1071,Nepal,2017,0,0,0.17316017316017315
1072,Nepal,2018,0,0,0.1645021645021645
1073,Nepal,2019,0,0,0.17316017316017315
1074,Nepal,2020,0,0,0.1774891774891775
1075,Nepal,2021,0,0,0.16883116883116883
1076,Nepal,2022,0,0,0.2077922077922078
1077,Nepal,2023,0,0,0.22510822510822512
1078,Thailand,2017,1,1,0.6017316017316018
1079,Thailand,2018,1,1,0.7272727272727273
1080,Thailand,2019,1,0,0.42857142857142855
1081,Thailand,2020,1,0,0.4329004329004329
1082,Thailand,2021,1,0,0.43722943722943725
1083,Thailand,2022,1,0,0.3852813852813853
1084,Thailand,2023,1,0,0.341991341991342
1085,Cambodia (Kampuchea),2017,0,0,0.16017316017316016
1086,Cambodia (Kampuchea),2018,0,0,0.22077922077922077
1087,Cambodia (Kampuchea),2019,0,0,0.21645021645021645
1088,Cambodia (Kampuchea),2020,0,0,0.24242424242424243
1089,Cambodia (Kampuchea),2021,0,0,0.2857142857142857
1090,Cambodia (Kampuchea),2022,0,0,0.2987012987012987
1091,Cambodia (Kampuchea),2023,0,0,0.30735930735930733
1092,Laos,2017,0,0,0.09523809523809523
1093,Laos,2018,0,0,0.11255411255411256
1094,Laos,2019,0,0,0.14285714285714285
1095,Laos,2020,0,0,0.16017316017316016
1096,Laos,2021,0,0,0.1645021645021645
1097,Laos,2022,0,0,0.13852813852813853
1098,Laos,2023,0,0,0.18181818181818182
1099,Vietnam,2017,0,0,0.030303030303030304
1100,Vietnam,2018,0,0,0.03896103896103896
1101,Vietnam,2019,0,0,0.08225108225108226
1102,Vietnam,2020,0,0,0.1341991341991342
1103,Vietnam,2021,0,0,0.11255411255411256
1104,Vietnam,2022,0,0,0.09090909090909091
1105,Vietnam,2023,0,0,0.08658008658008658
1106,Malaysia,2017,1,0,0.05194805194805195
1107,Malaysia,2018,0,0,0.14285714285714285
1108,Malaysia,2019,0,0,0.14285714285714285
1109,Malaysia,2020,0,0,0.12987012987012986
1110,Malaysia,2021,0,0,0.15151515151515152
1111,Malaysia,2022,0,0,0.12554112554112554
1112,Malaysia,2023,0,0,0.15151515151515152
1113,Singapore,2017,0,0,0.012987012987012988
1114,Singapore,2018,0,0,0.017316017316017316
1115,Singapore,2019,0,0,0.021645021645021644
1116,Singapore,2020,0,0,0.017316017316017316
1117,Singapore,2021,0,0,0.021645021645021644
1118,Singapore,2022,0,0,0.025974025974025976
1119,Singapore,2023,0,0,0.021645021645021644
1120,Philippines,2017,1,1,0.922077922077922
1121,Philippines,2018,1,1,0.8744588744588745
1122,Philippines,2019,1,1,0.7316017316017316
1123,Philippines,2020,1,1,0.658008658008658
1124,Philippines,2021,1,1,0.7662337662337663
1125,Philippines,2022,1,0,0.48484848484848486
1126,Philippines,2023,1,0,0.48917748917748916
1127,Indonesia,2017,1,0,0.329004329004329
1128,Indonesia,2018,1,0,0.3939393939393939
1129,Indonesia,2019,1,0,0.47186147186147187
1130,Indonesia,2020,1,0,0.4805194805194805
1131,Indonesia,2021,1,0,0.4199134199134199
1132,Indonesia,2022,1,0,0.4199134199134199
1133,Indonesia,2023,1,0,0.2987012987012987
1134,East Timor,2017,0,0,0.09090909090909091
1135,East Timor,2018,0,0,0.13852813852813853
1136,East Timor,2019,0,0,0.13852813852813853
1137,East Timor,2020,0,0,0.12554112554112554
1138,East Timor,2021,0,0,0.1341991341991342
1139,East Timor,2022,0,0,0.12554112554112554
1140,East Timor,2023,0,0,0.13852813852813853
1141,Australia,2017,0,0,0.030303030303030304
1142,Australia,2018,1,0,0.021645021645021644
1143,Australia,2019,0,0,0.07792207792207792
1144,Australia,2020,0,0,0.06060606060606061
1145,Australia,2021,0,0,0.06926406926406926
1146,Australia,2022,0,0,0.03896103896103896
1147,Australia,2023,0,0,0.03896103896103896
1148,Papua New Guinea,2017,0,0,0.04329004329004329
1149,Papua New Guinea,2018,0,0,0.05627705627705628
1150,Papua New Guinea,2019,0,0,0.07792207792207792
1151,Papua New Guinea,2020,0,0,0.0735930735930736
1152,Papua New Guinea,2021,0,0,0.06493506493506493
1153,Papua New Guinea,2022,0,0,0.09956709956709957
1154,Papua New Guinea,2023,0,0,0.08658008658008658
1155,New Zealand,2017,0,0,0.09523809523809523
1156,New Zealand,2018,0,0,0.08658008658008658
1157,New Zealand,2019,0,0,0.03896103896103896
1158,New Zealand,2020,0,0,0.030303030303030304
1159,New Zealand,2021,0,0,0.03463203463203463
1160,New Zealand,2022,0,0,0.025974025974025976
1161,New Zealand,2023,0,0,0.04329004329004329
1162,Solomon Islands,2017,0,0,0.047619047619047616
1163,Solomon Islands,2018,0,0,0.06493506493506493
1164,Solomon Islands,2019,0,0,0.08658008658008658
1165,Solomon Islands,2020,0,0,0.14285714285714285
1166,Solomon Islands,2021,0,0,0.09090909090909091
1167,Solomon Islands,2022,0,0,0.11688311688311688
1168,Solomon Islands,2023,0,0,0.12121212121212122
1169,Fiji,2017,0,0,0.05194805194805195
1170,Fiji,2018,0,0,0.09956709956709957
1171,Fiji,2019,0,0,0.07792207792207792
1172,Fiji,2020,0,0,0.0735930735930736
1173,Fiji,2021,0,0,0.08658008658008658
1174,Fiji,2022,0,0,0.09956709956709957
1175,Fiji,2023,0,0,0.11255411255411256
