,year,country,gw_codes,acled_codes,n_protest_events,fatalities
0,2017,Afghanistan,700,4,131,16
1,2018,Afghanistan,700,4,216,18
2,2019,Afghanistan,700,4,59,5
3,2020,Afghanistan,700,4,141,3
4,2021,Afghanistan,700,4,227,14
5,2022,Afghanistan,700,4,274,1
6,2023,Afghanistan,700,4,198,0
7,2018,Albania,339,8,209,0
8,2019,Albania,339,8,242,0
9,2020,Albania,339,8,205,0
10,2021,Albania,339,8,146,0
11,2022,Albania,339,8,147,0
12,2023,Albania,339,8,94,0
13,1997,Algeria,615,12,0,0
14,1998,Algeria,615,12,1,0
15,1999,Algeria,615,12,0,0
16,2000,Algeria,615,12,2,0
17,2001,Algeria,615,12,18,0
18,2002,Algeria,615,12,12,0
19,2003,Algeria,615,12,28,0
20,2004,Algeria,615,12,12,0
21,2005,Algeria,615,12,6,0
22,2006,Algeria,615,12,7,0
23,2007,Algeria,615,12,2,0
24,2008,Algeria,615,12,9,0
25,2009,Algeria,615,12,12,0
26,2010,Algeria,615,12,8,0
27,2011,Algeria,615,12,90,0
28,2012,Algeria,615,12,60,1
29,2013,Algeria,615,12,103,0
30,2014,Algeria,615,12,126,0
31,2015,Algeria,615,12,240,0
32,2016,Algeria,615,12,233,0
33,2017,Algeria,615,12,360,0
34,2018,Algeria,615,12,508,0
35,2019,Algeria,615,12,2079,0
36,2020,Algeria,615,12,2017,0
37,2021,Algeria,615,12,1667,0
38,2022,Algeria,615,12,325,0
39,2023,Algeria,615,12,391,0
40,2020,Andorra,232,20,5,0
41,2021,Andorra,232,20,6,0
42,2022,Andorra,232,20,4,0
43,2023,Andorra,232,20,8,0
44,1997,Angola,540,24,42,0
45,1998,Angola,540,24,3,0
46,1999,Angola,540,24,14,0
47,2000,Angola,540,24,7,0
48,2001,Angola,540,24,3,0
49,2002,Angola,540,24,2,0
50,2003,Angola,540,24,4,0
51,2004,Angola,540,24,1,0
52,2005,Angola,540,24,1,0
53,2006,Angola,540,24,2,0
54,2007,Angola,540,24,1,0
55,2008,Angola,540,24,0,0
56,2009,Angola,540,24,1,0
57,2010,Angola,540,24,0,0
58,2011,Angola,540,24,10,0
59,2012,Angola,540,24,7,0
60,2013,Angola,540,24,11,1
61,2014,Angola,540,24,6,0
62,2015,Angola,540,24,6,0
63,2016,Angola,540,24,16,1
64,2017,Angola,540,24,36,4
65,2018,Angola,540,24,37,1
66,2019,Angola,540,24,38,0
67,2020,Angola,540,24,54,1
68,2021,Angola,540,24,96,100
69,2022,Angola,540,24,94,3
70,2023,Angola,540,24,101,0
71,2018,Antigua and Barbuda,58,28,23,0
72,2019,Antigua and Barbuda,58,28,8,0
73,2020,Antigua and Barbuda,58,28,7,0
74,2021,Antigua and Barbuda,58,28,14,0
75,2022,Antigua and Barbuda,58,28,21,0
76,2023,Antigua and Barbuda,58,28,14,0
77,2018,Argentina,160,32,1930,1
78,2019,Argentina,160,32,1120,0
79,2020,Argentina,160,32,2759,2
80,2021,Argentina,160,32,2808,1
81,2022,Argentina,160,32,2469,0
82,2023,Argentina,160,32,2214,0
83,2018,Armenia,371,51,351,0
84,2019,Armenia,371,51,304,0
85,2020,Armenia,371,51,317,0
86,2021,Armenia,371,51,367,0
87,2022,Armenia,371,51,420,0
88,2023,Armenia,371,51,294,0
89,2021,Australia,900,36,681,0
90,2022,Australia,900,36,794,0
91,2023,Australia,900,36,870,0
92,2020,Austria,305,40,354,0
93,2021,Austria,305,40,562,0
94,2022,Austria,305,40,294,0
95,2023,Austria,305,40,429,0
96,2018,Azerbaijan,373,31,61,0
97,2019,Azerbaijan,373,31,59,0
98,2020,Azerbaijan,373,31,72,0
99,2021,Azerbaijan,373,31,115,0
100,2022,Azerbaijan,373,31,121,0
101,2023,Azerbaijan,373,31,186,0
102,2018,Bahamas,31,44,21,0
103,2019,Bahamas,31,44,6,0
104,2020,Bahamas,31,44,6,0
105,2021,Bahamas,31,44,13,0
106,2022,Bahamas,31,44,3,0
107,2023,Bahamas,31,44,4,0
108,2016,Bahrain,692,48,2036,0
109,2017,Bahrain,692,48,2387,2
110,2018,Bahrain,692,48,877,0
111,2019,Bahrain,692,48,365,1
112,2020,Bahrain,692,48,165,0
113,2021,Bahrain,692,48,1074,0
114,2022,Bahrain,692,48,667,0
115,2023,Bahrain,692,48,716,0
116,2010,Bangladesh,771,50,576,1
117,2011,Bangladesh,771,50,638,1
118,2012,Bangladesh,771,50,462,6
119,2013,Bangladesh,771,50,349,12
120,2014,Bangladesh,771,50,143,1
121,2015,Bangladesh,771,50,353,1
122,2016,Bangladesh,771,50,268,3
123,2017,Bangladesh,771,50,254,0
124,2018,Bangladesh,771,50,524,0
125,2019,Bangladesh,771,50,941,1
126,2020,Bangladesh,771,50,971,0
127,2021,Bangladesh,771,50,1612,0
128,2022,Bangladesh,771,50,1281,0
129,2023,Bangladesh,771,50,1244,1
130,2018,Barbados,53,52,2,0
131,2019,Barbados,53,52,0,0
132,2020,Barbados,53,52,7,0
133,2021,Barbados,53,52,2,0
134,2022,Barbados,53,52,1,0
135,2023,Barbados,53,52,3,0
136,2018,Belarus,370,112,104,0
137,2019,Belarus,370,112,170,0
138,2020,Belarus,370,112,1741,3
139,2021,Belarus,370,112,1393,0
140,2022,Belarus,370,112,82,0
141,2023,Belarus,370,112,5,0
142,2020,Belgium,211,56,784,0
143,2021,Belgium,211,56,833,0
144,2022,Belgium,211,56,523,0
145,2023,Belgium,211,56,681,0
146,2018,Belize,80,84,30,0
147,2019,Belize,80,84,25,0
148,2020,Belize,80,84,22,0
149,2021,Belize,80,84,71,0
150,2022,Belize,80,84,25,0
151,2023,Belize,80,84,23,0
152,1997,Benin,434,204,2,0
153,1998,Benin,434,204,2,0
154,1999,Benin,434,204,1,0
155,2000,Benin,434,204,0,0
156,2001,Benin,434,204,0,0
157,2002,Benin,434,204,1,0
158,2003,Benin,434,204,1,0
159,2004,Benin,434,204,1,0
160,2005,Benin,434,204,2,0
161,2006,Benin,434,204,1,0
162,2007,Benin,434,204,0,0
163,2008,Benin,434,204,1,0
164,2009,Benin,434,204,1,0
165,2010,Benin,434,204,9,0
166,2011,Benin,434,204,4,0
167,2012,Benin,434,204,11,0
168,2013,Benin,434,204,7,0
169,2014,Benin,434,204,6,0
170,2015,Benin,434,204,3,0
171,2016,Benin,434,204,8,1
172,2017,Benin,434,204,27,0
173,2018,Benin,434,204,10,0
174,2019,Benin,434,204,18,0
175,2020,Benin,434,204,20,0
176,2021,Benin,434,204,16,0
177,2022,Benin,434,204,6,2
178,2023,Benin,434,204,7,0
179,2020,Bhutan,760,64,1,0
180,2021,Bhutan,760,64,1,0
181,2022,Bhutan,760,64,0,0
182,2023,Bhutan,760,64,0,0
183,2018,Bolivia,145,68,284,1
184,2019,Bolivia,145,68,453,0
185,2020,Bolivia,145,68,645,0
186,2021,Bolivia,145,68,868,0
187,2022,Bolivia,145,68,1043,0
188,2023,Bolivia,145,68,1159,0
189,2018,Bosnia and Herzegovina,346,70,215,0
190,2019,Bosnia and Herzegovina,346,70,143,0
191,2020,Bosnia and Herzegovina,346,70,133,0
192,2021,Bosnia and Herzegovina,346,70,137,0
193,2022,Bosnia and Herzegovina,346,70,151,0
194,2023,Bosnia and Herzegovina,346,70,130,0
195,1997,Botswana,571,72,1,0
196,1998,Botswana,571,72,0,0
197,1999,Botswana,571,72,0,0
198,2000,Botswana,571,72,1,0
199,2001,Botswana,571,72,0,0
200,2002,Botswana,571,72,0,0
201,2003,Botswana,571,72,1,0
202,2004,Botswana,571,72,5,0
203,2005,Botswana,571,72,2,0
204,2006,Botswana,571,72,2,0
205,2007,Botswana,571,72,1,0
206,2008,Botswana,571,72,1,0
207,2009,Botswana,571,72,1,0
208,2010,Botswana,571,72,0,0
209,2011,Botswana,571,72,0,0
210,2012,Botswana,571,72,0,0
211,2013,Botswana,571,72,0,0
212,2014,Botswana,571,72,3,0
213,2015,Botswana,571,72,1,0
214,2016,Botswana,571,72,2,0
215,2017,Botswana,571,72,2,0
216,2018,Botswana,571,72,7,0
217,2019,Botswana,571,72,11,0
218,2020,Botswana,571,72,2,0
219,2021,Botswana,571,72,5,0
220,2022,Botswana,571,72,8,0
221,2023,Botswana,571,72,10,0
222,2018,Brazil,140,76,6549,3
223,2019,Brazil,140,76,3346,1
224,2020,Brazil,140,76,2514,0
225,2021,Brazil,140,76,4060,1
226,2022,Brazil,140,76,3728,0
227,2023,Brazil,140,76,1597,1
228,2020,Brunei,835,96,0,0
229,2021,Brunei,835,96,0,0
230,2022,Brunei,835,96,0,0
231,2023,Brunei,835,96,1,0
232,2018,Bulgaria,355,100,366,0
233,2019,Bulgaria,355,100,378,0
234,2020,Bulgaria,355,100,873,0
235,2021,Bulgaria,355,100,485,0
236,2022,Bulgaria,355,100,605,0
237,2023,Bulgaria,355,100,576,0
238,1997,Burkina Faso,439,854,4,0
239,1998,Burkina Faso,439,854,2,0
240,1999,Burkina Faso,439,854,17,0
241,2000,Burkina Faso,439,854,7,0
242,2001,Burkina Faso,439,854,2,0
243,2002,Burkina Faso,439,854,1,0
244,2003,Burkina Faso,439,854,0,0
245,2004,Burkina Faso,439,854,0,0
246,2005,Burkina Faso,439,854,6,0
247,2006,Burkina Faso,439,854,2,0
248,2007,Burkina Faso,439,854,1,0
249,2008,Burkina Faso,439,854,2,0
250,2009,Burkina Faso,439,854,1,0
251,2010,Burkina Faso,439,854,3,0
252,2011,Burkina Faso,439,854,36,0
253,2012,Burkina Faso,439,854,42,0
254,2013,Burkina Faso,439,854,26,0
255,2014,Burkina Faso,439,854,82,1
256,2015,Burkina Faso,439,854,61,3
257,2016,Burkina Faso,439,854,46,0
258,2017,Burkina Faso,439,854,68,0
259,2018,Burkina Faso,439,854,85,0
260,2019,Burkina Faso,439,854,136,0
261,2020,Burkina Faso,439,854,77,0
262,2021,Burkina Faso,439,854,146,1
263,2022,Burkina Faso,439,854,130,0
264,2023,Burkina Faso,439,854,145,0
265,1997,Burundi,516,108,1,0
266,1998,Burundi,516,108,3,1
267,1999,Burundi,516,108,0,0
268,2000,Burundi,516,108,6,0
269,2001,Burundi,516,108,3,0
270,2002,Burundi,516,108,3,0
271,2003,Burundi,516,108,0,0
272,2004,Burundi,516,108,0,0
273,2005,Burundi,516,108,0,0
274,2006,Burundi,516,108,1,0
275,2007,Burundi,516,108,0,0
276,2008,Burundi,516,108,3,0
277,2009,Burundi,516,108,6,0
278,2010,Burundi,516,108,3,0
279,2011,Burundi,516,108,2,0
280,2012,Burundi,516,108,0,0
281,2013,Burundi,516,108,0,0
282,2014,Burundi,516,108,10,0
283,2015,Burundi,516,108,212,13
284,2016,Burundi,516,108,93,0
285,2017,Burundi,516,108,120,0
286,2018,Burundi,516,108,85,0
287,2019,Burundi,516,108,51,0
288,2020,Burundi,516,108,9,0
289,2021,Burundi,516,108,9,0
290,2022,Burundi,516,108,56,0
291,2023,Burundi,516,108,9,1
292,2010,Cambodia,811,116,179,0
293,2011,Cambodia,811,116,147,0
294,2012,Cambodia,811,116,163,0
295,2013,Cambodia,811,116,172,0
296,2014,Cambodia,811,116,198,0
297,2015,Cambodia,811,116,120,0
298,2016,Cambodia,811,116,182,0
299,2017,Cambodia,811,116,95,0
300,2018,Cambodia,811,116,63,8
301,2019,Cambodia,811,116,69,0
302,2020,Cambodia,811,116,96,0
303,2021,Cambodia,811,116,48,0
304,2022,Cambodia,811,116,128,0
305,2023,Cambodia,811,116,87,0
306,1997,Cameroon,471,120,1,0
307,1998,Cameroon,471,120,1,0
308,1999,Cameroon,471,120,1,0
309,2000,Cameroon,471,120,4,0
310,2001,Cameroon,471,120,3,3
311,2002,Cameroon,471,120,1,0
312,2003,Cameroon,471,120,0,0
313,2004,Cameroon,471,120,10,0
314,2005,Cameroon,471,120,2,0
315,2006,Cameroon,471,120,1,0
316,2007,Cameroon,471,120,2,3
317,2008,Cameroon,471,120,2,0
318,2009,Cameroon,471,120,2,0
319,2010,Cameroon,471,120,4,0
320,2011,Cameroon,471,120,0,0
321,2012,Cameroon,471,120,5,0
322,2013,Cameroon,471,120,4,0
323,2014,Cameroon,471,120,6,0
324,2015,Cameroon,471,120,16,0
325,2016,Cameroon,471,120,23,0
326,2017,Cameroon,471,120,39,39
327,2018,Cameroon,471,120,26,0
328,2019,Cameroon,471,120,41,0
329,2020,Cameroon,471,120,130,2
330,2021,Cameroon,471,120,72,0
331,2022,Cameroon,471,120,78,5
332,2023,Cameroon,471,120,64,0
333,2021,Canada,20,124,1691,0
334,2022,Canada,20,124,1828,0
335,2023,Canada,20,124,1922,0
336,2020,Cape Verde,402,132,54,0
337,2021,Cape Verde,402,132,53,0
338,2022,Cape Verde,402,132,47,0
339,2023,Cape Verde,402,132,47,0
340,1997,Central African Republic,482,140,6,0
341,1998,Central African Republic,482,140,3,0
342,1999,Central African Republic,482,140,1,0
343,2000,Central African Republic,482,140,4,0
344,2001,Central African Republic,482,140,0,0
345,2002,Central African Republic,482,140,8,0
346,2003,Central African Republic,482,140,2,1
347,2004,Central African Republic,482,140,5,0
348,2005,Central African Republic,482,140,1,0
349,2006,Central African Republic,482,140,6,0
350,2007,Central African Republic,482,140,1,0
351,2008,Central African Republic,482,140,0,0
352,2009,Central African Republic,482,140,1,0
353,2010,Central African Republic,482,140,4,0
354,2011,Central African Republic,482,140,6,0
355,2012,Central African Republic,482,140,9,0
356,2013,Central African Republic,482,140,20,6
357,2014,Central African Republic,482,140,44,8
358,2015,Central African Republic,482,140,42,3
359,2016,Central African Republic,482,140,26,0
360,2017,Central African Republic,482,140,26,2
361,2018,Central African Republic,482,140,22,0
362,2019,Central African Republic,482,140,35,0
363,2020,Central African Republic,482,140,37,0
364,2021,Central African Republic,482,140,59,0
365,2022,Central African Republic,482,140,36,0
366,2023,Central African Republic,482,140,20,0
367,1997,Chad,483,148,0,0
368,1998,Chad,483,148,0,0
369,1999,Chad,483,148,0,0
370,2000,Chad,483,148,0,0
371,2001,Chad,483,148,1,0
372,2002,Chad,483,148,0,0
373,2003,Chad,483,148,1,0
374,2004,Chad,483,148,0,0
375,2005,Chad,483,148,3,2
376,2006,Chad,483,148,0,0
377,2007,Chad,483,148,1,1
378,2008,Chad,483,148,1,0
379,2009,Chad,483,148,1,0
380,2010,Chad,483,148,0,0
381,2011,Chad,483,148,0,0
382,2012,Chad,483,148,1,0
383,2013,Chad,483,148,1,0
384,2014,Chad,483,148,7,1
385,2015,Chad,483,148,3,0
386,2016,Chad,483,148,23,2
387,2017,Chad,483,148,4,2
388,2018,Chad,483,148,10,0
389,2019,Chad,483,148,36,2
390,2020,Chad,483,148,24,7
391,2021,Chad,483,148,84,3
392,2022,Chad,483,148,91,9
393,2023,Chad,483,148,48,0
394,2018,Chile,155,152,1033,0
395,2019,Chile,155,152,1590,4
396,2020,Chile,155,152,1048,3
397,2021,Chile,155,152,880,0
398,2022,Chile,155,152,927,0
399,2023,Chile,155,152,873,0
400,2018,China,710,156,2486,3
401,2019,China,710,156,2386,0
402,2020,China,710,156,1699,0
403,2021,China,710,156,1518,0
404,2022,China,710,156,832,0
405,2023,China,710,156,1574,0
406,2018,Colombia,100,170,406,4
407,2019,Colombia,100,170,624,6
408,2020,Colombia,100,170,687,4
409,2021,Colombia,100,170,2284,24
410,2022,Colombia,100,170,1364,0
411,2023,Colombia,100,170,2179,0
412,2020,Comoros,581,174,14,0
413,2021,Comoros,581,174,14,0
414,2022,Comoros,581,174,9,0
415,2023,Comoros,581,174,25,0
416,2018,Costa Rica,94,188,299,1
417,2019,Costa Rica,94,188,335,0
418,2020,Costa Rica,94,188,565,0
419,2021,Costa Rica,94,188,192,0
420,2022,Costa Rica,94,188,164,0
421,2023,Costa Rica,94,188,218,0
422,2018,Croatia,344,191,164,0
423,2019,Croatia,344,191,206,0
424,2020,Croatia,344,191,131,0
425,2021,Croatia,344,191,173,0
426,2022,Croatia,344,191,111,0
427,2023,Croatia,344,191,132,0
428,2018,Cuba,40,192,14,0
429,2019,Cuba,40,192,18,0
430,2020,Cuba,40,192,46,0
431,2021,Cuba,40,192,135,0
432,2022,Cuba,40,192,200,0
433,2023,Cuba,40,192,39,0
434,2018,Cyprus,352,196,88,0
435,2019,Cyprus,352,196,180,0
436,2020,Cyprus,352,196,221,0
437,2021,Cyprus,352,196,328,0
438,2022,Cyprus,352,196,388,0
439,2023,Cyprus,352,196,248,0
440,2020,Czech Republic,316,203,217,0
441,2021,Czech Republic,316,203,253,0
442,2022,Czech Republic,316,203,299,0
443,2023,Czech Republic,316,203,226,0
444,1997,Democratic Republic of Congo,490,180,22,14
445,1998,Democratic Republic of Congo,490,180,3,0
446,1999,Democratic Republic of Congo,490,180,12,0
447,2000,Democratic Republic of Congo,490,180,2,0
448,2001,Democratic Republic of Congo,490,180,6,0
449,2002,Democratic Republic of Congo,490,180,2,0
450,2003,Democratic Republic of Congo,490,180,3,0
451,2004,Democratic Republic of Congo,490,180,12,1
452,2005,Democratic Republic of Congo,490,180,11,0
453,2006,Democratic Republic of Congo,490,180,0,0
454,2007,Democratic Republic of Congo,490,180,9,0
455,2008,Democratic Republic of Congo,490,180,6,0
456,2009,Democratic Republic of Congo,490,180,2,0
457,2010,Democratic Republic of Congo,490,180,4,0
458,2011,Democratic Republic of Congo,490,180,49,0
459,2012,Democratic Republic of Congo,490,180,51,0
460,2013,Democratic Republic of Congo,490,180,36,0
461,2014,Democratic Republic of Congo,490,180,125,3
462,2015,Democratic Republic of Congo,490,180,139,0
463,2016,Democratic Republic of Congo,490,180,144,1
464,2017,Democratic Republic of Congo,490,180,139,2
465,2018,Democratic Republic of Congo,490,180,127,17
466,2019,Democratic Republic of Congo,490,180,513,7
467,2020,Democratic Republic of Congo,490,180,491,3
468,2021,Democratic Republic of Congo,490,180,417,14
469,2022,Democratic Republic of Congo,490,180,320,6
470,2023,Democratic Republic of Congo,490,180,205,61
471,2020,Denmark,390,208,561,0
472,2021,Denmark,390,208,828,0
473,2022,Denmark,390,208,371,0
474,2023,Denmark,390,208,505,0
475,1997,Djibouti,522,262,0,0
476,1998,Djibouti,522,262,0,0
477,1999,Djibouti,522,262,2,0
478,2000,Djibouti,522,262,0,0
479,2001,Djibouti,522,262,0,0
480,2002,Djibouti,522,262,0,0
481,2003,Djibouti,522,262,1,0
482,2004,Djibouti,522,262,0,0
483,2005,Djibouti,522,262,1,0
484,2006,Djibouti,522,262,0,0
485,2007,Djibouti,522,262,0,0
486,2008,Djibouti,522,262,0,0
487,2009,Djibouti,522,262,0,0
488,2010,Djibouti,522,262,2,0
489,2011,Djibouti,522,262,6,3
490,2012,Djibouti,522,262,1,1
491,2013,Djibouti,522,262,3,0
492,2014,Djibouti,522,262,1,0
493,2015,Djibouti,522,262,2,0
494,2016,Djibouti,522,262,1,0
495,2017,Djibouti,522,262,2,0
496,2018,Djibouti,522,262,0,0
497,2019,Djibouti,522,262,6,0
498,2020,Djibouti,522,262,28,0
499,2021,Djibouti,522,262,19,0
500,2022,Djibouti,522,262,5,0
501,2023,Djibouti,522,262,3,0
502,2018,Dominica,54,212,11,0
503,2019,Dominica,54,212,12,0
504,2020,Dominica,54,212,5,0
505,2021,Dominica,54,212,13,0
506,2022,Dominica,54,212,16,0
507,2023,Dominica,54,212,4,0
508,2018,Dominican Republic,42,214,45,2
509,2019,Dominican Republic,42,214,23,0
510,2020,Dominican Republic,42,214,61,0
511,2021,Dominican Republic,42,214,44,0
512,2022,Dominican Republic,42,214,76,0
513,2023,Dominican Republic,42,214,75,0
514,2020,East Timor,860,626,7,0
515,2021,East Timor,860,626,6,0
516,2022,East Timor,860,626,4,0
517,2023,East Timor,860,626,7,0
518,2018,Ecuador,130,218,163,0
519,2019,Ecuador,130,218,323,0
520,2020,Ecuador,130,218,379,0
521,2021,Ecuador,130,218,444,0
522,2022,Ecuador,130,218,1252,0
523,2023,Ecuador,130,218,265,0
524,1997,Egypt,651,818,4,0
525,1998,Egypt,651,818,6,0
526,1999,Egypt,651,818,5,0
527,2000,Egypt,651,818,17,0
528,2001,Egypt,651,818,14,0
529,2002,Egypt,651,818,40,1
530,2003,Egypt,651,818,2,0
531,2004,Egypt,651,818,0,0
532,2005,Egypt,651,818,28,0
533,2006,Egypt,651,818,2,0
534,2007,Egypt,651,818,1,0
535,2008,Egypt,651,818,32,0
536,2009,Egypt,651,818,18,0
537,2010,Egypt,651,818,46,0
538,2011,Egypt,651,818,973,55
539,2012,Egypt,651,818,215,16
540,2013,Egypt,651,818,1136,537
541,2014,Egypt,651,818,465,8
542,2015,Egypt,651,818,221,6
543,2016,Egypt,651,818,220,0
544,2017,Egypt,651,818,106,0
545,2018,Egypt,651,818,71,0
546,2019,Egypt,651,818,108,0
547,2020,Egypt,651,818,101,0
548,2021,Egypt,651,818,31,0
549,2022,Egypt,651,818,45,0
550,2023,Egypt,651,818,174,0
551,2018,El Salvador,92,222,154,0
552,2019,El Salvador,92,222,99,0
553,2020,El Salvador,92,222,203,0
554,2021,El Salvador,92,222,273,0
555,2022,El Salvador,92,222,158,0
556,2023,El Salvador,92,222,93,0
557,1997,Equatorial Guinea,411,226,0,0
558,1998,Equatorial Guinea,411,226,0,0
559,1999,Equatorial Guinea,411,226,0,0
560,2000,Equatorial Guinea,411,226,1,0
561,2001,Equatorial Guinea,411,226,0,0
562,2002,Equatorial Guinea,411,226,0,0
563,2003,Equatorial Guinea,411,226,0,0
564,2004,Equatorial Guinea,411,226,1,0
565,2005,Equatorial Guinea,411,226,2,0
566,2006,Equatorial Guinea,411,226,0,0
567,2007,Equatorial Guinea,411,226,0,0
568,2008,Equatorial Guinea,411,226,0,0
569,2009,Equatorial Guinea,411,226,0,0
570,2010,Equatorial Guinea,411,226,0,0
571,2011,Equatorial Guinea,411,226,1,0
572,2012,Equatorial Guinea,411,226,0,0
573,2013,Equatorial Guinea,411,226,1,0
574,2014,Equatorial Guinea,411,226,2,0
575,2015,Equatorial Guinea,411,226,0,0
576,2016,Equatorial Guinea,411,226,1,0
577,2017,Equatorial Guinea,411,226,1,0
578,2018,Equatorial Guinea,411,226,0,0
579,2019,Equatorial Guinea,411,226,1,0
580,2020,Equatorial Guinea,411,226,1,0
581,2021,Equatorial Guinea,411,226,1,0
582,2022,Equatorial Guinea,411,226,0,0
583,2023,Equatorial Guinea,411,226,2,0
584,1997,Eritrea,531,232,0,0
585,1998,Eritrea,531,232,1,0
586,1999,Eritrea,531,232,0,0
587,2000,Eritrea,531,232,4,0
588,2001,Eritrea,531,232,0,0
589,2002,Eritrea,531,232,0,0
590,2003,Eritrea,531,232,0,0
591,2004,Eritrea,531,232,0,0
592,2005,Eritrea,531,232,0,0
593,2006,Eritrea,531,232,0,0
594,2007,Eritrea,531,232,0,0
595,2008,Eritrea,531,232,0,0
596,2009,Eritrea,531,232,0,0
597,2010,Eritrea,531,232,0,0
598,2011,Eritrea,531,232,0,0
599,2012,Eritrea,531,232,0,0
600,2013,Eritrea,531,232,0,0
601,2014,Eritrea,531,232,2,0
602,2015,Eritrea,531,232,0,0
603,2016,Eritrea,531,232,0,0
604,2017,Eritrea,531,232,1,0
605,2018,Eritrea,531,232,1,0
606,2019,Eritrea,531,232,0,0
607,2020,Eritrea,531,232,0,0
608,2021,Eritrea,531,232,0,0
609,2022,Eritrea,531,232,0,0
610,2023,Eritrea,531,232,0,0
611,2020,Estonia,366,233,141,0
612,2021,Estonia,366,233,113,0
613,2022,Estonia,366,233,74,0
614,2023,Estonia,366,233,26,0
615,1997,Ethiopia,530,231,2,0
616,1998,Ethiopia,530,231,1,0
617,1999,Ethiopia,530,231,0,0
618,2000,Ethiopia,530,231,0,0
619,2001,Ethiopia,530,231,2,0
620,2002,Ethiopia,530,231,2,28
621,2003,Ethiopia,530,231,0,0
622,2004,Ethiopia,530,231,11,0
623,2005,Ethiopia,530,231,32,71
624,2006,Ethiopia,530,231,26,0
625,2007,Ethiopia,530,231,1,0
626,2008,Ethiopia,530,231,1,0
627,2009,Ethiopia,530,231,2,0
628,2010,Ethiopia,530,231,4,0
629,2011,Ethiopia,530,231,2,2
630,2012,Ethiopia,530,231,29,0
631,2013,Ethiopia,530,231,15,0
632,2014,Ethiopia,530,231,75,37
633,2015,Ethiopia,530,231,281,165
634,2016,Ethiopia,530,231,792,486
635,2017,Ethiopia,530,231,149,50
636,2018,Ethiopia,530,231,287,83
637,2019,Ethiopia,530,231,131,41
638,2020,Ethiopia,530,231,79,83
639,2021,Ethiopia,530,231,196,7
640,2022,Ethiopia,530,231,130,9
641,2023,Ethiopia,530,231,149,28
642,2021,Federated States of Micronesia,987,583,0,0
643,2022,Federated States of Micronesia,987,583,0,0
644,2023,Federated States of Micronesia,987,583,0,0
645,2021,Fiji,950,242,10,0
646,2022,Fiji,950,242,2,0
647,2023,Fiji,950,242,8,0
648,2020,Finland,375,246,216,0
649,2021,Finland,375,246,265,0
650,2022,Finland,375,246,345,0
651,2023,Finland,375,246,293,0
652,2020,France,220,250,5165,0
653,2021,France,220,250,8356,0
654,2022,France,220,250,6421,0
655,2023,France,220,250,7910,0
656,1997,Gabon,481,266,0,0
657,1998,Gabon,481,266,2,0
658,1999,Gabon,481,266,1,0
659,2000,Gabon,481,266,2,0
660,2001,Gabon,481,266,1,0
661,2002,Gabon,481,266,0,0
662,2003,Gabon,481,266,0,0
663,2004,Gabon,481,266,1,2
664,2005,Gabon,481,266,1,0
665,2006,Gabon,481,266,1,0
666,2007,Gabon,481,266,0,0
667,2008,Gabon,481,266,1,0
668,2009,Gabon,481,266,2,0
669,2010,Gabon,481,266,2,0
670,2011,Gabon,481,266,0,0
671,2012,Gabon,481,266,2,0
672,2013,Gabon,481,266,11,0
673,2014,Gabon,481,266,8,0
674,2015,Gabon,481,266,13,0
675,2016,Gabon,481,266,9,0
676,2017,Gabon,481,266,15,0
677,2018,Gabon,481,266,16,0
678,2019,Gabon,481,266,30,0
679,2020,Gabon,481,266,18,0
680,2021,Gabon,481,266,30,0
681,2022,Gabon,481,266,39,0
682,2023,Gabon,481,266,58,0
683,1997,Gambia,420,270,0,0
684,1998,Gambia,420,270,0,0
685,1999,Gambia,420,270,0,0
686,2000,Gambia,420,270,0,0
687,2001,Gambia,420,270,5,2
688,2002,Gambia,420,270,4,0
689,2003,Gambia,420,270,3,0
690,2004,Gambia,420,270,2,0
691,2005,Gambia,420,270,1,0
692,2006,Gambia,420,270,1,0
693,2007,Gambia,420,270,1,0
694,2008,Gambia,420,270,0,0
695,2009,Gambia,420,270,0,0
696,2010,Gambia,420,270,0,0
697,2011,Gambia,420,270,1,0
698,2012,Gambia,420,270,1,0
699,2013,Gambia,420,270,1,0
700,2014,Gambia,420,270,4,0
701,2015,Gambia,420,270,14,0
702,2016,Gambia,420,270,5,3
703,2017,Gambia,420,270,13,0
704,2018,Gambia,420,270,4,0
705,2019,Gambia,420,270,7,0
706,2020,Gambia,420,270,10,0
707,2021,Gambia,420,270,7,0
708,2022,Gambia,420,270,1,0
709,2023,Gambia,420,270,1,0
710,2018,Georgia,372,268,687,0
711,2019,Georgia,372,268,822,0
712,2020,Georgia,372,268,830,0
713,2021,Georgia,372,268,810,0
714,2022,Georgia,372,268,469,0
715,2023,Georgia,372,268,299,0
716,2020,Germany,260,276,4292,0
717,2021,Germany,260,276,4215,0
718,2022,Germany,260,276,4770,0
719,2023,Germany,260,276,3951,0
720,1997,Ghana,452,288,1,2
721,1998,Ghana,452,288,1,0
722,1999,Ghana,452,288,2,0
723,2000,Ghana,452,288,3,1
724,2001,Ghana,452,288,0,0
725,2002,Ghana,452,288,0,0
726,2003,Ghana,452,288,3,0
727,2004,Ghana,452,288,1,1
728,2005,Ghana,452,288,0,0
729,2006,Ghana,452,288,0,0
730,2007,Ghana,452,288,0,0
731,2008,Ghana,452,288,0,0
732,2009,Ghana,452,288,3,0
733,2010,Ghana,452,288,6,0
734,2011,Ghana,452,288,4,0
735,2012,Ghana,452,288,11,0
736,2013,Ghana,452,288,16,0
737,2014,Ghana,452,288,24,0
738,2015,Ghana,452,288,37,0
739,2016,Ghana,452,288,60,0
740,2017,Ghana,452,288,45,0
741,2018,Ghana,452,288,30,0
742,2019,Ghana,452,288,72,0
743,2020,Ghana,452,288,131,0
744,2021,Ghana,452,288,69,2
745,2022,Ghana,452,288,60,2
746,2023,Ghana,452,288,73,0
747,2018,Greece,350,300,203,0
748,2019,Greece,350,300,497,0
749,2020,Greece,350,300,660,0
750,2021,Greece,350,300,558,0
751,2022,Greece,350,300,434,0
752,2023,Greece,350,300,473,0
753,2018,Grenada,55,308,10,0
754,2019,Grenada,55,308,1,0
755,2020,Grenada,55,308,1,0
756,2021,Grenada,55,308,8,0
757,2022,Grenada,55,308,0,0
758,2023,Grenada,55,308,1,0
759,2018,Guatemala,90,320,192,0
760,2019,Guatemala,90,320,304,0
761,2020,Guatemala,90,320,176,0
762,2021,Guatemala,90,320,677,0
763,2022,Guatemala,90,320,470,0
764,2023,Guatemala,90,320,966,0
765,1997,Guinea,438,324,0,0
766,1998,Guinea,438,324,8,3
767,1999,Guinea,438,324,2,0
768,2000,Guinea,438,324,5,1
769,2001,Guinea,438,324,9,5
770,2002,Guinea,438,324,0,0
771,2003,Guinea,438,324,4,0
772,2004,Guinea,438,324,5,1
773,2005,Guinea,438,324,3,3
774,2006,Guinea,438,324,6,14
775,2007,Guinea,438,324,31,60
776,2008,Guinea,438,324,5,2
777,2009,Guinea,438,324,10,159
778,2010,Guinea,438,324,3,0
779,2011,Guinea,438,324,3,0
780,2012,Guinea,438,324,12,6
781,2013,Guinea,438,324,11,0
782,2014,Guinea,438,324,10,1
783,2015,Guinea,438,324,8,0
784,2016,Guinea,438,324,11,1
785,2017,Guinea,438,324,24,2
786,2018,Guinea,438,324,61,6
787,2019,Guinea,438,324,124,11
788,2020,Guinea,438,324,248,2
789,2021,Guinea,438,324,73,0
790,2022,Guinea,438,324,95,0
791,2023,Guinea,438,324,116,0
792,1997,Guinea-Bissau,404,624,0,0
793,1998,Guinea-Bissau,404,624,0,0
794,1999,Guinea-Bissau,404,624,1,0
795,2000,Guinea-Bissau,404,624,1,0
796,2001,Guinea-Bissau,404,624,0,0
797,2002,Guinea-Bissau,404,624,1,0
798,2003,Guinea-Bissau,404,624,2,0
799,2004,Guinea-Bissau,404,624,1,0
800,2005,Guinea-Bissau,404,624,10,0
801,2006,Guinea-Bissau,404,624,3,0
802,2007,Guinea-Bissau,404,624,1,0
803,2008,Guinea-Bissau,404,624,0,0
804,2009,Guinea-Bissau,404,624,0,0
805,2010,Guinea-Bissau,404,624,1,0
806,2011,Guinea-Bissau,404,624,5,0
807,2012,Guinea-Bissau,404,624,3,0
808,2013,Guinea-Bissau,404,624,0,0
809,2014,Guinea-Bissau,404,624,0,0
810,2015,Guinea-Bissau,404,624,1,0
811,2016,Guinea-Bissau,404,624,2,0
812,2017,Guinea-Bissau,404,624,12,0
813,2018,Guinea-Bissau,404,624,9,0
814,2019,Guinea-Bissau,404,624,9,1
815,2020,Guinea-Bissau,404,624,7,0
816,2021,Guinea-Bissau,404,624,12,0
817,2022,Guinea-Bissau,404,624,18,0
818,2023,Guinea-Bissau,404,624,16,0
819,2018,Guyana,110,328,94,0
820,2019,Guyana,110,328,49,0
821,2020,Guyana,110,328,47,1
822,2021,Guyana,110,328,37,0
823,2022,Guyana,110,328,62,0
824,2023,Guyana,110,328,48,0
825,2018,Haiti,41,332,175,6
826,2019,Haiti,41,332,259,4
827,2020,Haiti,41,332,191,2
828,2021,Haiti,41,332,225,5
829,2022,Haiti,41,332,208,5
830,2023,Haiti,41,332,167,7
831,2018,Honduras,91,340,436,5
832,2019,Honduras,91,340,649,2
833,2020,Honduras,91,340,541,0
834,2021,Honduras,91,340,764,0
835,2022,Honduras,91,340,1006,0
836,2023,Honduras,91,340,723,0
837,2020,Hungary,310,348,199,0
838,2021,Hungary,310,348,128,0
839,2022,Hungary,310,348,415,0
840,2023,Hungary,310,348,191,0
841,2020,Iceland,395,352,29,0
842,2021,Iceland,395,352,28,0
843,2022,Iceland,395,352,28,0
844,2023,Iceland,395,352,38,0
845,2016,India,750,356,9726,80
846,2017,India,750,356,10151,12
847,2018,India,750,356,12873,4
848,2019,India,750,356,16567,4
849,2020,India,750,356,13997,1
850,2021,India,750,356,15072,1
851,2022,India,750,356,14615,0
852,2023,India,750,356,17877,6
853,2015,Indonesia,850,360,404,5
854,2016,Indonesia,850,360,311,1
855,2017,Indonesia,850,360,211,0
856,2018,Indonesia,850,360,859,2
857,2019,Indonesia,850,360,1194,1
858,2020,Indonesia,850,360,1510,0
859,2021,Indonesia,850,360,1752,1
860,2022,Indonesia,850,360,3069,2
861,2023,Indonesia,850,360,3019,0
862,2016,Iran,630,364,1592,0
863,2017,Iran,630,364,2368,2
864,2018,Iran,630,364,2936,0
865,2019,Iran,630,364,2230,0
866,2020,Iran,630,364,1960,0
867,2021,Iran,630,364,3878,4
868,2022,Iran,630,364,3793,56
869,2023,Iran,630,364,3398,0
870,2016,Iraq,645,368,131,27
871,2017,Iraq,645,368,40,0
872,2018,Iraq,645,368,534,20
873,2019,Iraq,645,368,970,79
874,2020,Iraq,645,368,1792,36
875,2021,Iraq,645,368,1506,4
876,2022,Iraq,645,368,1000,0
877,2023,Iraq,645,368,831,0
878,2020,Ireland,205,372,279,0
879,2021,Ireland,205,372,218,0
880,2022,Ireland,205,372,279,0
881,2023,Ireland,205,372,353,0
882,2016,Israel,666,376,259,2
883,2017,Israel,666,376,572,1
884,2018,Israel,666,376,1082,25
885,2019,Israel,666,376,756,2
886,2020,Israel,666,376,1557,0
887,2021,Israel,666,376,1974,6
888,2022,Israel,666,376,1549,0
889,2023,Israel,666,376,3208,0
890,2020,Italy,325,380,5488,0
891,2021,Italy,325,380,7367,1
892,2022,Italy,325,380,4594,0
893,2023,Italy,325,380,2981,0
894,1997,Ivory Coast,437,384,7,0
895,1998,Ivory Coast,437,384,5,1
896,1999,Ivory Coast,437,384,35,1
897,2000,Ivory Coast,437,384,32,3
898,2001,Ivory Coast,437,384,11,0
899,2002,Ivory Coast,437,384,10,0
900,2003,Ivory Coast,437,384,25,1
901,2004,Ivory Coast,437,384,22,0
902,2005,Ivory Coast,437,384,7,0
903,2006,Ivory Coast,437,384,12,0
904,2007,Ivory Coast,437,384,0,0
905,2008,Ivory Coast,437,384,0,0
906,2009,Ivory Coast,437,384,2,0
907,2010,Ivory Coast,437,384,53,16
908,2011,Ivory Coast,437,384,9,19
909,2012,Ivory Coast,437,384,3,0
910,2013,Ivory Coast,437,384,20,0
911,2014,Ivory Coast,437,384,35,0
912,2015,Ivory Coast,437,384,28,0
913,2016,Ivory Coast,437,384,20,0
914,2017,Ivory Coast,437,384,15,1
915,2018,Ivory Coast,437,384,19,0
916,2019,Ivory Coast,437,384,92,2
917,2020,Ivory Coast,437,384,142,1
918,2021,Ivory Coast,437,384,68,0
919,2022,Ivory Coast,437,384,31,0
920,2023,Ivory Coast,437,384,13,0
921,2018,Jamaica,51,388,18,0
922,2019,Jamaica,51,388,19,0
923,2020,Jamaica,51,388,19,0
924,2021,Jamaica,51,388,55,0
925,2022,Jamaica,51,388,110,0
926,2023,Jamaica,51,388,109,0
927,2018,Japan,740,392,1637,0
928,2019,Japan,740,392,1289,0
929,2020,Japan,740,392,1515,0
930,2021,Japan,740,392,1419,0
931,2022,Japan,740,392,1584,0
932,2023,Japan,740,392,1787,0
933,2016,Jordan,663,400,88,0
934,2017,Jordan,663,400,107,0
935,2018,Jordan,663,400,625,0
936,2019,Jordan,663,400,693,0
937,2020,Jordan,663,400,284,0
938,2021,Jordan,663,400,343,0
939,2022,Jordan,663,400,387,0
940,2023,Jordan,663,400,408,0
941,2018,Kazakhstan,705,398,162,0
942,2019,Kazakhstan,705,398,506,0
943,2020,Kazakhstan,705,398,802,0
944,2021,Kazakhstan,705,398,984,0
945,2022,Kazakhstan,705,398,907,24
946,2023,Kazakhstan,705,398,576,0
947,1997,Kenya,501,404,14,12
948,1998,Kenya,501,404,57,0
949,1999,Kenya,501,404,11,0
950,2000,Kenya,501,404,18,0
951,2001,Kenya,501,404,10,0
952,2002,Kenya,501,404,21,0
953,2003,Kenya,501,404,40,3
954,2004,Kenya,501,404,51,0
955,2005,Kenya,501,404,17,0
956,2006,Kenya,501,404,31,0
957,2007,Kenya,501,404,55,0
958,2008,Kenya,501,404,39,1
959,2009,Kenya,501,404,26,0
960,2010,Kenya,501,404,46,1
961,2011,Kenya,501,404,31,1
962,2012,Kenya,501,404,66,0
963,2013,Kenya,501,404,199,0
964,2014,Kenya,501,404,166,1
965,2015,Kenya,501,404,107,1
966,2016,Kenya,501,404,90,6
967,2017,Kenya,501,404,235,14
968,2018,Kenya,501,404,178,4
969,2019,Kenya,501,404,174,0
970,2020,Kenya,501,404,167,6
971,2021,Kenya,501,404,157,3
972,2022,Kenya,501,404,558,4
973,2023,Kenya,501,404,898,10
974,2021,Kiribati,970,296,0,0
975,2022,Kiribati,970,296,0,0
976,2023,Kiribati,970,296,0,0
977,2018,Kosovo,347,0,107,0
978,2019,Kosovo,347,0,108,0
979,2020,Kosovo,347,0,93,0
980,2021,Kosovo,347,0,121,0
981,2022,Kosovo,347,0,132,0
982,2023,Kosovo,347,0,159,0
983,2016,Kuwait,690,414,10,0
984,2017,Kuwait,690,414,4,0
985,2018,Kuwait,690,414,5,0
986,2019,Kuwait,690,414,21,0
987,2020,Kuwait,690,414,14,0
988,2021,Kuwait,690,414,12,0
989,2022,Kuwait,690,414,16,0
990,2023,Kuwait,690,414,9,0
991,2018,Kyrgyzstan,703,417,146,0
992,2019,Kyrgyzstan,703,417,213,0
993,2020,Kyrgyzstan,703,417,269,0
994,2021,Kyrgyzstan,703,417,446,0
995,2022,Kyrgyzstan,703,417,324,0
996,2023,Kyrgyzstan,703,417,163,0
997,2010,Laos,812,418,0,0
998,2011,Laos,812,418,0,0
999,2012,Laos,812,418,1,0
1000,2013,Laos,812,418,0,0
1001,2014,Laos,812,418,1,0
1002,2015,Laos,812,418,1,0
1003,2016,Laos,812,418,0,0
1004,2017,Laos,812,418,2,0
1005,2018,Laos,812,418,1,0
1006,2019,Laos,812,418,0,0
1007,2020,Laos,812,418,1,0
1008,2021,Laos,812,418,1,0
1009,2022,Laos,812,418,2,0
1010,2023,Laos,812,418,0,0
1011,2020,Latvia,367,428,68,0
1012,2021,Latvia,367,428,62,0
1013,2022,Latvia,367,428,47,0
1014,2023,Latvia,367,428,36,0
1015,2016,Lebanon,660,422,459,0
1016,2017,Lebanon,660,422,392,0
1017,2018,Lebanon,660,422,369,0
1018,2019,Lebanon,660,422,2843,1
1019,2020,Lebanon,660,422,2207,0
1020,2021,Lebanon,660,422,2164,0
1021,2022,Lebanon,660,422,818,0
1022,2023,Lebanon,660,422,763,1
1023,1997,Lesotho,570,426,0,0
1024,1998,Lesotho,570,426,5,0
1025,1999,Lesotho,570,426,0,0
1026,2000,Lesotho,570,426,2,0
1027,2001,Lesotho,570,426,2,0
1028,2002,Lesotho,570,426,0,0
1029,2003,Lesotho,570,426,1,1
1030,2004,Lesotho,570,426,0,0
1031,2005,Lesotho,570,426,0,0
1032,2006,Lesotho,570,426,0,0
1033,2007,Lesotho,570,426,0,0
1034,2008,Lesotho,570,426,1,0
1035,2009,Lesotho,570,426,0,0
1036,2010,Lesotho,570,426,2,0
1037,2011,Lesotho,570,426,4,0
1038,2012,Lesotho,570,426,2,0
1039,2013,Lesotho,570,426,0,0
1040,2014,Lesotho,570,426,0,0
1041,2015,Lesotho,570,426,1,0
1042,2016,Lesotho,570,426,0,0
1043,2017,Lesotho,570,426,0,0
1044,2018,Lesotho,570,426,1,0
1045,2019,Lesotho,570,426,5,0
1046,2020,Lesotho,570,426,6,0
1047,2021,Lesotho,570,426,10,0
1048,2022,Lesotho,570,426,21,2
1049,2023,Lesotho,570,426,5,0
1050,1997,Liberia,450,430,2,0
1051,1998,Liberia,450,430,7,2
1052,1999,Liberia,450,430,2,0
1053,2000,Liberia,450,430,3,0
1054,2001,Liberia,450,430,3,0
1055,2002,Liberia,450,430,5,0
1056,2003,Liberia,450,430,2,0
1057,2004,Liberia,450,430,1,0
1058,2005,Liberia,450,430,8,0
1059,2006,Liberia,450,430,3,0
1060,2007,Liberia,450,430,3,0
1061,2008,Liberia,450,430,5,0
1062,2009,Liberia,450,430,1,0
1063,2010,Liberia,450,430,2,0
1064,2011,Liberia,450,430,9,0
1065,2012,Liberia,450,430,10,0
1066,2013,Liberia,450,430,40,0
1067,2014,Liberia,450,430,52,0
1068,2015,Liberia,450,430,37,0
1069,2016,Liberia,450,430,25,0
1070,2017,Liberia,450,430,22,0
1071,2018,Liberia,450,430,16,0
1072,2019,Liberia,450,430,37,1
1073,2020,Liberia,450,430,61,0
1074,2021,Liberia,450,430,25,0
1075,2022,Liberia,450,430,21,0
1076,2023,Liberia,450,430,33,0
1077,1997,Libya,620,434,0,0
1078,1998,Libya,620,434,5,0
1079,1999,Libya,620,434,0,0
1080,2000,Libya,620,434,0,0
1081,2001,Libya,620,434,2,0
1082,2002,Libya,620,434,2,0
1083,2003,Libya,620,434,0,0
1084,2004,Libya,620,434,0,0
1085,2005,Libya,620,434,3,0
1086,2006,Libya,620,434,2,0
1087,2007,Libya,620,434,0,0
1088,2008,Libya,620,434,2,0
1089,2009,Libya,620,434,3,0
1090,2010,Libya,620,434,1,0
1091,2011,Libya,620,434,49,770
1092,2012,Libya,620,434,59,1
1093,2013,Libya,620,434,120,45
1094,2014,Libya,620,434,186,5
1095,2015,Libya,620,434,176,18
1096,2016,Libya,620,434,87,7
1097,2017,Libya,620,434,128,0
1098,2018,Libya,620,434,114,0
1099,2019,Libya,620,434,129,0
1100,2020,Libya,620,434,129,3
1101,2021,Libya,620,434,131,0
1102,2022,Libya,620,434,102,1
1103,2023,Libya,620,434,83,0
1104,2020,Liechtenstein,223,438,2,0
1105,2021,Liechtenstein,223,438,5,0
1106,2022,Liechtenstein,223,438,5,0
1107,2023,Liechtenstein,223,438,0,0
1108,2020,Lithuania,368,440,59,0
1109,2021,Lithuania,368,440,148,0
1110,2022,Lithuania,368,440,76,0
1111,2023,Lithuania,368,440,72,0
1112,2020,Luxembourg,212,442,35,0
1113,2021,Luxembourg,212,442,32,0
1114,2022,Luxembourg,212,442,33,0
1115,2023,Luxembourg,212,442,39,0
1116,1997,Madagascar,580,450,1,0
1117,1998,Madagascar,580,450,1,0
1118,1999,Madagascar,580,450,1,0
1119,2000,Madagascar,580,450,1,0
1120,2001,Madagascar,580,450,0,0
1121,2002,Madagascar,580,450,40,0
1122,2003,Madagascar,580,450,9,0
1123,2004,Madagascar,580,450,4,0
1124,2005,Madagascar,580,450,3,0
1125,2006,Madagascar,580,450,3,0
1126,2007,Madagascar,580,450,6,0
1127,2008,Madagascar,580,450,0,0
1128,2009,Madagascar,580,450,67,0
1129,2010,Madagascar,580,450,7,0
1130,2011,Madagascar,580,450,1,0
1131,2012,Madagascar,580,450,26,0
1132,2013,Madagascar,580,450,11,1
1133,2014,Madagascar,580,450,21,0
1134,2015,Madagascar,580,450,24,0
1135,2016,Madagascar,580,450,39,0
1136,2017,Madagascar,580,450,14,0
1137,2018,Madagascar,580,450,24,2
1138,2019,Madagascar,580,450,40,0
1139,2020,Madagascar,580,450,29,0
1140,2021,Madagascar,580,450,63,0
1141,2022,Madagascar,580,450,73,0
1142,2023,Madagascar,580,450,124,0
1143,1997,Malawi,553,454,0,0
1144,1998,Malawi,553,454,1,0
1145,1999,Malawi,553,454,1,0
1146,2000,Malawi,553,454,6,0
1147,2001,Malawi,553,454,4,2
1148,2002,Malawi,553,454,0,0
1149,2003,Malawi,553,454,1,0
1150,2004,Malawi,553,454,0,0
1151,2005,Malawi,553,454,4,0
1152,2006,Malawi,553,454,0,0
1153,2007,Malawi,553,454,1,0
1154,2008,Malawi,553,454,0,0
1155,2009,Malawi,553,454,1,0
1156,2010,Malawi,553,454,3,0
1157,2011,Malawi,553,454,6,0
1158,2012,Malawi,553,454,4,0
1159,2013,Malawi,553,454,8,0
1160,2014,Malawi,553,454,9,0
1161,2015,Malawi,553,454,22,0
1162,2016,Malawi,553,454,24,0
1163,2017,Malawi,553,454,15,0
1164,2018,Malawi,553,454,15,0
1165,2019,Malawi,553,454,47,0
1166,2020,Malawi,553,454,101,0
1167,2021,Malawi,553,454,91,0
1168,2022,Malawi,553,454,101,0
1169,2023,Malawi,553,454,81,0
1170,2018,Malaysia,820,458,151,0
1171,2019,Malaysia,820,458,168,0
1172,2020,Malaysia,820,458,48,0
1173,2021,Malaysia,820,458,95,0
1174,2022,Malaysia,820,458,137,0
1175,2023,Malaysia,820,458,127,0
1176,2020,Maldives,781,462,52,0
1177,2021,Maldives,781,462,58,0
1178,2022,Maldives,781,462,45,0
1179,2023,Maldives,781,462,61,0
1180,1997,Mali,432,466,6,0
1181,1998,Mali,432,466,0,0
1182,1999,Mali,432,466,0,0
1183,2000,Mali,432,466,1,0
1184,2001,Mali,432,466,0,0
1185,2002,Mali,432,466,1,0
1186,2003,Mali,432,466,0,0
1187,2004,Mali,432,466,0,0
1188,2005,Mali,432,466,1,0
1189,2006,Mali,432,466,0,0
1190,2007,Mali,432,466,0,0
1191,2008,Mali,432,466,0,0
1192,2009,Mali,432,466,0,0
1193,2010,Mali,432,466,2,0
1194,2011,Mali,432,466,2,0
1195,2012,Mali,432,466,50,2
1196,2013,Mali,432,466,21,0
1197,2014,Mali,432,466,17,0
1198,2015,Mali,432,466,10,0
1199,2016,Mali,432,466,11,4
1200,2017,Mali,432,466,22,0
1201,2018,Mali,432,466,54,0
1202,2019,Mali,432,466,95,0
1203,2020,Mali,432,466,131,0
1204,2021,Mali,432,466,114,0
1205,2022,Mali,432,466,93,0
1206,2023,Mali,432,466,69,0
1207,2020,Malta,338,470,41,0
1208,2021,Malta,338,470,75,0
1209,2022,Malta,338,470,81,0
1210,2023,Malta,338,470,74,0
1211,2021,Marshall Islands,983,584,0,0
1212,2022,Marshall Islands,983,584,0,0
1213,2023,Marshall Islands,983,584,3,0
1214,1997,Mauritania,435,478,3,0
1215,1998,Mauritania,435,478,1,0
1216,1999,Mauritania,435,478,0,0
1217,2000,Mauritania,435,478,4,1
1218,2001,Mauritania,435,478,1,0
1219,2002,Mauritania,435,478,2,0
1220,2003,Mauritania,435,478,5,0
1221,2004,Mauritania,435,478,2,0
1222,2005,Mauritania,435,478,3,0
1223,2006,Mauritania,435,478,2,0
1224,2007,Mauritania,435,478,0,0
1225,2008,Mauritania,435,478,2,0
1226,2009,Mauritania,435,478,2,0
1227,2010,Mauritania,435,478,6,0
1228,2011,Mauritania,435,478,19,1
1229,2012,Mauritania,435,478,62,1
1230,2013,Mauritania,435,478,46,0
1231,2014,Mauritania,435,478,42,1
1232,2015,Mauritania,435,478,30,0
1233,2016,Mauritania,435,478,18,0
1234,2017,Mauritania,435,478,49,0
1235,2018,Mauritania,435,478,58,0
1236,2019,Mauritania,435,478,119,0
1237,2020,Mauritania,435,478,308,0
1238,2021,Mauritania,435,478,267,0
1239,2022,Mauritania,435,478,214,0
1240,2023,Mauritania,435,478,217,0
1241,2020,Mauritius,590,480,47,0
1242,2021,Mauritius,590,480,92,0
1243,2022,Mauritius,590,480,112,0
1244,2023,Mauritius,590,480,102,0
1245,2018,Mexico,70,484,4271,1
1246,2019,Mexico,70,484,4820,0
1247,2020,Mexico,70,484,5650,1
1248,2021,Mexico,70,484,6148,2
1249,2022,Mexico,70,484,6019,0
1250,2023,Mexico,70,484,5764,1
1251,2018,Moldova,359,498,179,0
1252,2019,Moldova,359,498,173,0
1253,2020,Moldova,359,498,281,0
1254,2021,Moldova,359,498,193,0
1255,2022,Moldova,359,498,414,0
1256,2023,Moldova,359,498,193,0
1257,2020,Monaco,221,492,2,0
1258,2021,Monaco,221,492,6,0
1259,2022,Monaco,221,492,2,0
1260,2023,Monaco,221,492,3,0
1261,2018,Mongolia,712,496,66,0
1262,2019,Mongolia,712,496,84,0
1263,2020,Mongolia,712,496,64,0
1264,2021,Mongolia,712,496,126,0
1265,2022,Mongolia,712,496,128,0
1266,2023,Mongolia,712,496,87,0
1267,2018,Montenegro,341,499,78,0
1268,2019,Montenegro,341,499,122,0
1269,2020,Montenegro,341,499,347,0
1270,2021,Montenegro,341,499,199,0
1271,2022,Montenegro,341,499,297,0
1272,2023,Montenegro,341,499,136,0
1273,1997,Morocco,600,504,3,0
1274,1998,Morocco,600,504,9,0
1275,1999,Morocco,600,504,13,0
1276,2000,Morocco,600,504,10,0
1277,2001,Morocco,600,504,4,0
1278,2002,Morocco,600,504,7,0
1279,2003,Morocco,600,504,7,0
1280,2004,Morocco,600,504,3,0
1281,2005,Morocco,600,504,13,1
1282,2006,Morocco,600,504,12,0
1283,2007,Morocco,600,504,8,0
1284,2008,Morocco,600,504,5,0
1285,2009,Morocco,600,504,5,0
1286,2010,Morocco,600,504,8,1
1287,2011,Morocco,600,504,171,2
1288,2012,Morocco,600,504,58,1
1289,2013,Morocco,600,504,70,0
1290,2014,Morocco,600,504,85,0
1291,2015,Morocco,600,504,94,0
1292,2016,Morocco,600,504,92,0
1293,2017,Morocco,600,504,138,0
1294,2018,Morocco,600,504,198,0
1295,2019,Morocco,600,504,832,1
1296,2020,Morocco,600,504,1323,0
1297,2021,Morocco,600,504,1554,0
1298,2022,Morocco,600,504,1356,1
1299,2023,Morocco,600,504,2126,0
1300,1997,Mozambique,541,508,8,0
1301,1998,Mozambique,541,508,0,0
1302,1999,Mozambique,541,508,1,0
1303,2000,Mozambique,541,508,2,0
1304,2001,Mozambique,541,508,13,0
1305,2002,Mozambique,541,508,0,0
1306,2003,Mozambique,541,508,8,0
1307,2004,Mozambique,541,508,3,0
1308,2005,Mozambique,541,508,10,0
1309,2006,Mozambique,541,508,0,0
1310,2007,Mozambique,541,508,0,0
1311,2008,Mozambique,541,508,3,0
1312,2009,Mozambique,541,508,2,0
1313,2010,Mozambique,541,508,0,0
1314,2011,Mozambique,541,508,4,0
1315,2012,Mozambique,541,508,9,0
1316,2013,Mozambique,541,508,17,0
1317,2014,Mozambique,541,508,15,0
1318,2015,Mozambique,541,508,11,0
1319,2016,Mozambique,541,508,4,0
1320,2017,Mozambique,541,508,4,0
1321,2018,Mozambique,541,508,10,0
1322,2019,Mozambique,541,508,24,0
1323,2020,Mozambique,541,508,21,0
1324,2021,Mozambique,541,508,19,0
1325,2022,Mozambique,541,508,34,0
1326,2023,Mozambique,541,508,71,3
1327,2010,Myanmar,775,104,50,0
1328,2011,Myanmar,775,104,37,0
1329,2012,Myanmar,775,104,260,1
1330,2013,Myanmar,775,104,255,0
1331,2014,Myanmar,775,104,448,1
1332,2015,Myanmar,775,104,324,0
1333,2016,Myanmar,775,104,252,0
1334,2017,Myanmar,775,104,213,0
1335,2018,Myanmar,775,104,234,0
1336,2019,Myanmar,775,104,446,4
1337,2020,Myanmar,775,104,181,0
1338,2021,Myanmar,775,104,5937,373
1339,2022,Myanmar,775,104,2024,5
1340,2023,Myanmar,775,104,753,2
1341,1997,Namibia,565,516,8,0
1342,1998,Namibia,565,516,4,0
1343,1999,Namibia,565,516,0,0
1344,2000,Namibia,565,516,2,0
1345,2001,Namibia,565,516,2,0
1346,2002,Namibia,565,516,0,0
1347,2003,Namibia,565,516,8,0
1348,2004,Namibia,565,516,2,0
1349,2005,Namibia,565,516,1,0
1350,2006,Namibia,565,516,10,0
1351,2007,Namibia,565,516,15,0
1352,2008,Namibia,565,516,12,0
1353,2009,Namibia,565,516,6,0
1354,2010,Namibia,565,516,9,0
1355,2011,Namibia,565,516,6,0
1356,2012,Namibia,565,516,94,0
1357,2013,Namibia,565,516,70,0
1358,2014,Namibia,565,516,45,0
1359,2015,Namibia,565,516,60,0
1360,2016,Namibia,565,516,28,0
1361,2017,Namibia,565,516,23,0
1362,2018,Namibia,565,516,31,0
1363,2019,Namibia,565,516,40,0
1364,2020,Namibia,565,516,83,0
1365,2021,Namibia,565,516,115,0
1366,2022,Namibia,565,516,76,0
1367,2023,Namibia,565,516,94,0
1368,2021,Nauru,971,520,0,0
1369,2022,Nauru,971,520,0,0
1370,2023,Nauru,971,520,0,0
1371,2010,Nepal,790,524,216,0
1372,2011,Nepal,790,524,165,0
1373,2012,Nepal,790,524,291,5
1374,2013,Nepal,790,524,285,0
1375,2014,Nepal,790,524,181,0
1376,2015,Nepal,790,524,369,6
1377,2016,Nepal,790,524,267,0
1378,2017,Nepal,790,524,256,1
1379,2018,Nepal,790,524,1315,0
1380,2019,Nepal,790,524,2193,0
1381,2020,Nepal,790,524,2488,1
1382,2021,Nepal,790,524,2840,0
1383,2022,Nepal,790,524,2232,0
1384,2023,Nepal,790,524,2057,0
1385,2020,Netherlands,210,528,580,0
1386,2021,Netherlands,210,528,582,0
1387,2022,Netherlands,210,528,706,0
1388,2023,Netherlands,210,528,574,0
1389,2021,New Zealand,920,554,233,0
1390,2022,New Zealand,920,554,297,0
1391,2023,New Zealand,920,554,211,0
1392,2018,Nicaragua,93,558,688,199
1393,2019,Nicaragua,93,558,210,0
1394,2020,Nicaragua,93,558,66,0
1395,2021,Nicaragua,93,558,25,0
1396,2022,Nicaragua,93,558,11,0
1397,2023,Nicaragua,93,558,4,0
1398,1997,Niger,436,562,4,0
1399,1998,Niger,436,562,2,0
1400,1999,Niger,436,562,3,0
1401,2000,Niger,436,562,3,0
1402,2001,Niger,436,562,2,0
1403,2002,Niger,436,562,1,1
1404,2003,Niger,436,562,1,0
1405,2004,Niger,436,562,1,0
1406,2005,Niger,436,562,0,0
1407,2006,Niger,436,562,2,0
1408,2007,Niger,436,562,1,0
1409,2008,Niger,436,562,6,0
1410,2009,Niger,436,562,7,0
1411,2010,Niger,436,562,2,0
1412,2011,Niger,436,562,2,0
1413,2012,Niger,436,562,0,0
1414,2013,Niger,436,562,5,0
1415,2014,Niger,436,562,3,0
1416,2015,Niger,436,562,7,0
1417,2016,Niger,436,562,12,0
1418,2017,Niger,436,562,8,0
1419,2018,Niger,436,562,23,0
1420,2019,Niger,436,562,31,0
1421,2020,Niger,436,562,9,0
1422,2021,Niger,436,562,13,0
1423,2022,Niger,436,562,14,0
1424,2023,Niger,436,562,50,0
1425,1997,Nigeria,475,566,11,0
1426,1998,Nigeria,475,566,21,13
1427,1999,Nigeria,475,566,25,6
1428,2000,Nigeria,475,566,7,4
1429,2001,Nigeria,475,566,5,0
1430,2002,Nigeria,475,566,0,0
1431,2003,Nigeria,475,566,7,0
1432,2004,Nigeria,475,566,62,0
1433,2005,Nigeria,475,566,72,2
1434,2006,Nigeria,475,566,4,3
1435,2007,Nigeria,475,566,3,0
1436,2008,Nigeria,475,566,1,0
1437,2009,Nigeria,475,566,19,0
1438,2010,Nigeria,475,566,99,1
1439,2011,Nigeria,475,566,21,1
1440,2012,Nigeria,475,566,160,13
1441,2013,Nigeria,475,566,273,13
1442,2014,Nigeria,475,566,464,7
1443,2015,Nigeria,475,566,544,8
1444,2016,Nigeria,475,566,457,19
1445,2017,Nigeria,475,566,482,20
1446,2018,Nigeria,475,566,428,3
1447,2019,Nigeria,475,566,624,10
1448,2020,Nigeria,475,566,871,41
1449,2021,Nigeria,475,566,794,12
1450,2022,Nigeria,475,566,829,7
1451,2023,Nigeria,475,566,753,20
1452,2018,North Korea,731,408,0,0
1453,2019,North Korea,731,408,0,0
1454,2020,North Korea,731,408,1,0
1455,2021,North Korea,731,408,4,0
1456,2022,North Korea,731,408,0,0
1457,2023,North Korea,731,408,0,0
1458,2018,North Macedonia,343,807,78,0
1459,2019,North Macedonia,343,807,182,0
1460,2020,North Macedonia,343,807,225,0
1461,2021,North Macedonia,343,807,184,0
1462,2022,North Macedonia,343,807,161,0
1463,2023,North Macedonia,343,807,208,0
1464,2020,Norway,385,578,294,0
1465,2021,Norway,385,578,307,0
1466,2022,Norway,385,578,482,0
1467,2023,Norway,385,578,335,0
1468,2016,Oman,698,512,0,0
1469,2017,Oman,698,512,0,0
1470,2018,Oman,698,512,3,0
1471,2019,Oman,698,512,3,0
1472,2020,Oman,698,512,0,0
1473,2021,Oman,698,512,13,0
1474,2022,Oman,698,512,0,0
1475,2023,Oman,698,512,7,0
1476,2010,Pakistan,770,586,3550,12
1477,2011,Pakistan,770,586,2349,2
1478,2012,Pakistan,770,586,4467,14
1479,2013,Pakistan,770,586,3975,4
1480,2014,Pakistan,770,586,2367,0
1481,2015,Pakistan,770,586,3229,2
1482,2016,Pakistan,770,586,3324,14
1483,2017,Pakistan,770,586,3835,1
1484,2018,Pakistan,770,586,5253,1
1485,2019,Pakistan,770,586,6107,1
1486,2020,Pakistan,770,586,8057,11
1487,2021,Pakistan,770,586,6761,3
1488,2022,Pakistan,770,586,6593,7
1489,2023,Pakistan,770,586,6547,1
1490,2021,Palau,986,585,0,0
1491,2022,Palau,986,585,0,0
1492,2023,Palau,986,585,0,0
1493,2018,Panama,95,591,504,0
1494,2019,Panama,95,591,354,0
1495,2020,Panama,95,591,348,0
1496,2021,Panama,95,591,479,0
1497,2022,Panama,95,591,588,0
1498,2023,Panama,95,591,680,2
1499,2021,Papua New Guinea,910,598,32,0
1500,2022,Papua New Guinea,910,598,28,4
1501,2023,Papua New Guinea,910,598,66,0
1502,2018,Paraguay,150,600,260,0
1503,2019,Paraguay,150,600,512,0
1504,2020,Paraguay,150,600,701,0
1505,2021,Paraguay,150,600,1225,0
1506,2022,Paraguay,150,600,1082,0
1507,2023,Paraguay,150,600,747,0
1508,2018,Peru,135,604,318,0
1509,2019,Peru,135,604,541,2
1510,2020,Peru,135,604,940,0
1511,2021,Peru,135,604,1142,0
1512,2022,Peru,135,604,1704,1
1513,2023,Peru,135,604,3030,0
1514,2016,Philippines,840,608,179,3
1515,2017,Philippines,840,608,391,0
1516,2018,Philippines,840,608,185,0
1517,2019,Philippines,840,608,315,0
1518,2020,Philippines,840,608,302,0
1519,2021,Philippines,840,608,267,0
1520,2022,Philippines,840,608,269,0
1521,2023,Philippines,840,608,390,0
1522,2020,Poland,290,616,1827,0
1523,2021,Poland,290,616,1806,0
1524,2022,Poland,290,616,1152,0
1525,2023,Poland,290,616,984,0
1526,2020,Portugal,235,620,359,0
1527,2021,Portugal,235,620,616,0
1528,2022,Portugal,235,620,331,0
1529,2023,Portugal,235,620,578,0
1530,2016,Qatar,694,634,0,0
1531,2017,Qatar,694,634,0,0
1532,2018,Qatar,694,634,0,0
1533,2019,Qatar,694,634,3,0
1534,2020,Qatar,694,634,2,0
1535,2021,Qatar,694,634,15,0
1536,2022,Qatar,694,634,7,0
1537,2023,Qatar,694,634,17,0
1538,1997,Republic of Congo,484,178,7,0
1539,1998,Republic of Congo,484,178,1,0
1540,1999,Republic of Congo,484,178,2,0
1541,2000,Republic of Congo,484,178,0,0
1542,2001,Republic of Congo,484,178,0,0
1543,2002,Republic of Congo,484,178,0,0
1544,2003,Republic of Congo,484,178,0,0
1545,2004,Republic of Congo,484,178,2,0
1546,2005,Republic of Congo,484,178,0,0
1547,2006,Republic of Congo,484,178,0,0
1548,2007,Republic of Congo,484,178,1,0
1549,2008,Republic of Congo,484,178,0,0
1550,2009,Republic of Congo,484,178,2,0
1551,2010,Republic of Congo,484,178,0,0
1552,2011,Republic of Congo,484,178,0,0
1553,2012,Republic of Congo,484,178,1,0
1554,2013,Republic of Congo,484,178,1,0
1555,2014,Republic of Congo,484,178,4,0
1556,2015,Republic of Congo,484,178,9,0
1557,2016,Republic of Congo,484,178,2,0
1558,2017,Republic of Congo,484,178,7,0
1559,2018,Republic of Congo,484,178,1,0
1560,2019,Republic of Congo,484,178,12,0
1561,2020,Republic of Congo,484,178,9,0
1562,2021,Republic of Congo,484,178,17,0
1563,2022,Republic of Congo,484,178,5,0
1564,2023,Republic of Congo,484,178,1,0
1565,2018,Romania,360,642,552,0
1566,2019,Romania,360,642,573,0
1567,2020,Romania,360,642,178,0
1568,2021,Romania,360,642,426,0
1569,2022,Romania,360,642,206,0
1570,2023,Romania,360,642,408,0
1571,2018,Russia,365,643,1273,0
1572,2019,Russia,365,643,2015,0
1573,2020,Russia,365,643,1540,0
1574,2021,Russia,365,643,1574,0
1575,2022,Russia,365,643,1302,0
1576,2023,Russia,365,643,406,0
1577,1997,Rwanda,517,646,5,0
1578,1998,Rwanda,517,646,1,0
1579,1999,Rwanda,517,646,3,0
1580,2000,Rwanda,517,646,0,0
1581,2001,Rwanda,517,646,0,0
1582,2002,Rwanda,517,646,1,0
1583,2003,Rwanda,517,646,0,0
1584,2004,Rwanda,517,646,0,0
1585,2005,Rwanda,517,646,0,0
1586,2006,Rwanda,517,646,0,0
1587,2007,Rwanda,517,646,1,0
1588,2008,Rwanda,517,646,6,0
1589,2009,Rwanda,517,646,3,0
1590,2010,Rwanda,517,646,1,0
1591,2011,Rwanda,517,646,0,0
1592,2012,Rwanda,517,646,0,0
1593,2013,Rwanda,517,646,4,0
1594,2014,Rwanda,517,646,4,0
1595,2015,Rwanda,517,646,22,0
1596,2016,Rwanda,517,646,0,0
1597,2017,Rwanda,517,646,0,0
1598,2018,Rwanda,517,646,3,0
1599,2019,Rwanda,517,646,2,2
1600,2020,Rwanda,517,646,1,0
1601,2021,Rwanda,517,646,1,0
1602,2022,Rwanda,517,646,3,0
1603,2023,Rwanda,517,646,1,1
1604,2018,Saint Kitts and Nevis,60,659,2,0
1605,2019,Saint Kitts and Nevis,60,659,0,0
1606,2020,Saint Kitts and Nevis,60,659,1,0
1607,2021,Saint Kitts and Nevis,60,659,0,0
1608,2022,Saint Kitts and Nevis,60,659,0,0
1609,2023,Saint Kitts and Nevis,60,659,0,0
1610,2018,Saint Lucia,56,662,1,0
1611,2019,Saint Lucia,56,662,2,0
1612,2020,Saint Lucia,56,662,8,0
1613,2021,Saint Lucia,56,662,1,0
1614,2022,Saint Lucia,56,662,15,0
1615,2023,Saint Lucia,56,662,7,0
1616,2018,Saint Vincent and the Grenadines,57,670,0,0
1617,2019,Saint Vincent and the Grenadines,57,670,1,0
1618,2020,Saint Vincent and the Grenadines,57,670,0,0
1619,2021,Saint Vincent and the Grenadines,57,670,1,0
1620,2022,Saint Vincent and the Grenadines,57,670,2,0
1621,2023,Saint Vincent and the Grenadines,57,670,1,0
1622,2021,Samoa,990,882,12,0
1623,2022,Samoa,990,882,0,0
1624,2023,Samoa,990,882,1,0
1625,2020,San Marino,331,674,2,0
1626,2021,San Marino,331,674,11,0
1627,2022,San Marino,331,674,12,0
1628,2023,San Marino,331,674,2,0
1629,2020,Sao Tome and Principe,403,678,2,0
1630,2021,Sao Tome and Principe,403,678,6,0
1631,2022,Sao Tome and Principe,403,678,5,0
1632,2023,Sao Tome and Principe,403,678,7,0
1633,2015,Saudi Arabia,670,682,1,0
1634,2016,Saudi Arabia,670,682,6,0
1635,2017,Saudi Arabia,670,682,3,1
1636,2018,Saudi Arabia,670,682,2,0
1637,2019,Saudi Arabia,670,682,1,0
1638,2020,Saudi Arabia,670,682,3,0
1639,2021,Saudi Arabia,670,682,1,0
1640,2022,Saudi Arabia,670,682,1,0
1641,2023,Saudi Arabia,670,682,0,0
1642,1997,Senegal,433,686,1,0
1643,1998,Senegal,433,686,1,0
1644,1999,Senegal,433,686,4,0
1645,2000,Senegal,433,686,34,0
1646,2001,Senegal,433,686,5,0
1647,2002,Senegal,433,686,1,0
1648,2003,Senegal,433,686,2,0
1649,2004,Senegal,433,686,3,0
1650,2005,Senegal,433,686,7,0
1651,2006,Senegal,433,686,4,0
1652,2007,Senegal,433,686,1,0
1653,2008,Senegal,433,686,8,0
1654,2009,Senegal,433,686,1,0
1655,2010,Senegal,433,686,10,1
1656,2011,Senegal,433,686,12,0
1657,2012,Senegal,433,686,21,1
1658,2013,Senegal,433,686,25,0
1659,2014,Senegal,433,686,64,0
1660,2015,Senegal,433,686,70,0
1661,2016,Senegal,433,686,27,0
1662,2017,Senegal,433,686,28,0
1663,2018,Senegal,433,686,53,0
1664,2019,Senegal,433,686,37,0
1665,2020,Senegal,433,686,43,0
1666,2021,Senegal,433,686,79,0
1667,2022,Senegal,433,686,109,1
1668,2023,Senegal,433,686,106,0
1669,2018,Serbia,340,688,198,0
1670,2019,Serbia,340,688,1004,0
1671,2020,Serbia,340,688,390,0
1672,2021,Serbia,340,688,379,0
1673,2022,Serbia,340,688,380,0
1674,2023,Serbia,340,688,486,0
1675,2020,Seychelles,591,690,7,0
1676,2021,Seychelles,591,690,1,0
1677,2022,Seychelles,591,690,0,0
1678,2023,Seychelles,591,690,4,0
1679,1997,Sierra Leone,451,694,0,0
1680,1998,Sierra Leone,451,694,0,0
1681,1999,Sierra Leone,451,694,0,0
1682,2000,Sierra Leone,451,694,0,0
1683,2001,Sierra Leone,451,694,0,0
1684,2002,Sierra Leone,451,694,0,0
1685,2003,Sierra Leone,451,694,4,0
1686,2004,Sierra Leone,451,694,1,0
1687,2005,Sierra Leone,451,694,1,0
1688,2006,Sierra Leone,451,694,0,0
1689,2007,Sierra Leone,451,694,1,2
1690,2008,Sierra Leone,451,694,0,0
1691,2009,Sierra Leone,451,694,4,3
1692,2010,Sierra Leone,451,694,7,0
1693,2011,Sierra Leone,451,694,0,0
1694,2012,Sierra Leone,451,694,4,1
1695,2013,Sierra Leone,451,694,2,0
1696,2014,Sierra Leone,451,694,3,0
1697,2015,Sierra Leone,451,694,15,0
1698,2016,Sierra Leone,451,694,6,0
1699,2017,Sierra Leone,451,694,10,0
1700,2018,Sierra Leone,451,694,26,0
1701,2019,Sierra Leone,451,694,23,0
1702,2020,Sierra Leone,451,694,22,0
1703,2021,Sierra Leone,451,694,4,0
1704,2022,Sierra Leone,451,694,5,0
1705,2023,Sierra Leone,451,694,14,2
1706,2020,Singapore,830,702,2,0
1707,2021,Singapore,830,702,3,0
1708,2022,Singapore,830,702,4,0
1709,2023,Singapore,830,702,2,0
1710,2020,Slovakia,317,703,140,0
1711,2021,Slovakia,317,703,103,0
1712,2022,Slovakia,317,703,83,0
1713,2023,Slovakia,317,703,102,0
1714,2020,Slovenia,349,705,132,0
1715,2021,Slovenia,349,705,138,0
1716,2022,Slovenia,349,705,64,0
1717,2023,Slovenia,349,705,89,0
1718,2021,Solomon Islands,940,90,7,0
1719,2022,Solomon Islands,940,90,5,0
1720,2023,Solomon Islands,940,90,2,0
1721,1997,Somalia,520,706,0,0
1722,1998,Somalia,520,706,0,0
1723,1999,Somalia,520,706,0,0
1724,2000,Somalia,520,706,0,0
1725,2001,Somalia,520,706,0,0
1726,2002,Somalia,520,706,0,0
1727,2003,Somalia,520,706,0,0
1728,2004,Somalia,520,706,1,0
1729,2005,Somalia,520,706,39,0
1730,2006,Somalia,520,706,87,3
1731,2007,Somalia,520,706,41,0
1732,2008,Somalia,520,706,52,2
1733,2009,Somalia,520,706,40,1
1734,2010,Somalia,520,706,75,1
1735,2011,Somalia,520,706,70,5
1736,2012,Somalia,520,706,76,4
1737,2013,Somalia,520,706,167,4
1738,2014,Somalia,520,706,165,4
1739,2015,Somalia,520,706,136,1
1740,2016,Somalia,520,706,137,6
1741,2017,Somalia,520,706,125,4
1742,2018,Somalia,520,706,109,3
1743,2019,Somalia,520,706,83,2
1744,2020,Somalia,520,706,123,3
1745,2021,Somalia,520,706,76,0
1746,2022,Somalia,520,706,73,26
1747,2023,Somalia,520,706,74,1
1748,1997,South Africa,560,710,37,4
1749,1998,South Africa,560,710,22,0
1750,1999,South Africa,560,710,21,0
1751,2000,South Africa,560,710,35,0
1752,2001,South Africa,560,710,60,0
1753,2002,South Africa,560,710,75,2
1754,2003,South Africa,560,710,70,0
1755,2004,South Africa,560,710,46,0
1756,2005,South Africa,560,710,54,0
1757,2006,South Africa,560,710,29,0
1758,2007,South Africa,560,710,92,0
1759,2008,South Africa,560,710,135,0
1760,2009,South Africa,560,710,184,1
1761,2010,South Africa,560,710,150,0
1762,2011,South Africa,560,710,148,3
1763,2012,South Africa,560,710,459,1
1764,2013,South Africa,560,710,557,0
1765,2014,South Africa,560,710,488,2
1766,2015,South Africa,560,710,600,1
1767,2016,South Africa,560,710,735,0
1768,2017,South Africa,560,710,567,1
1769,2018,South Africa,560,710,536,2
1770,2019,South Africa,560,710,843,3
1771,2020,South Africa,560,710,1068,1
1772,2021,South Africa,560,710,1061,3
1773,2022,South Africa,560,710,1260,2
1774,2023,South Africa,560,710,1154,1
1775,2018,South Korea,732,410,3944,0
1776,2019,South Korea,732,410,5346,0
1777,2020,South Korea,732,410,4890,0
1778,2021,South Korea,732,410,6274,0
1779,2022,South Korea,732,410,5971,0
1780,2023,South Korea,732,410,6188,0
1781,2011,South Sudan,626,728,1,0
1782,2012,South Sudan,626,728,13,8
1783,2013,South Sudan,626,728,10,0
1784,2014,South Sudan,626,728,46,5
1785,2015,South Sudan,626,728,31,0
1786,2016,South Sudan,626,728,29,0
1787,2017,South Sudan,626,728,36,0
1788,2018,South Sudan,626,728,16,0
1789,2019,South Sudan,626,728,19,0
1790,2020,South Sudan,626,728,40,0
1791,2021,South Sudan,626,728,30,0
1792,2022,South Sudan,626,728,28,1
1793,2023,South Sudan,626,728,35,0
1794,2020,Spain,230,724,3348,0
1795,2021,Spain,230,724,4405,0
1796,2022,Spain,230,724,3816,0
1797,2023,Spain,230,724,3113,0
1798,2010,Sri Lanka,780,144,110,0
1799,2011,Sri Lanka,780,144,151,1
1800,2012,Sri Lanka,780,144,152,1
1801,2013,Sri Lanka,780,144,146,0
1802,2014,Sri Lanka,780,144,106,0
1803,2015,Sri Lanka,780,144,214,1
1804,2016,Sri Lanka,780,144,383,0
1805,2017,Sri Lanka,780,144,351,0
1806,2018,Sri Lanka,780,144,427,0
1807,2019,Sri Lanka,780,144,675,0
1808,2020,Sri Lanka,780,144,421,0
1809,2021,Sri Lanka,780,144,894,0
1810,2022,Sri Lanka,780,144,1019,3
1811,2023,Sri Lanka,780,144,803,1
1812,1997,Sudan,625,729,16,0
1813,1998,Sudan,625,729,6,0
1814,1999,Sudan,625,729,12,0
1815,2000,Sudan,625,729,9,1
1816,2001,Sudan,625,729,16,0
1817,2002,Sudan,625,729,11,0
1818,2003,Sudan,625,729,5,0
1819,2004,Sudan,625,729,3,0
1820,2005,Sudan,625,729,3,21
1821,2006,Sudan,625,729,1,0
1822,2007,Sudan,625,729,1,0
1823,2008,Sudan,625,729,3,0
1824,2009,Sudan,625,729,3,0
1825,2010,Sudan,625,729,13,2
1826,2011,Sudan,625,729,38,1
1827,2012,Sudan,625,729,103,10
1828,2013,Sudan,625,729,117,109
1829,2014,Sudan,625,729,174,13
1830,2015,Sudan,625,729,131,5
1831,2016,Sudan,625,729,165,3
1832,2017,Sudan,625,729,145,2
1833,2018,Sudan,625,729,152,9
1834,2019,Sudan,625,729,1095,180
1835,2020,Sudan,625,729,500,18
1836,2021,Sudan,625,729,814,56
1837,2022,Sudan,625,729,1772,74
1838,2023,Sudan,625,729,533,10
1839,2018,Suriname,115,740,26,0
1840,2019,Suriname,115,740,7,0
1841,2020,Suriname,115,740,27,0
1842,2021,Suriname,115,740,31,0
1843,2022,Suriname,115,740,51,0
1844,2023,Suriname,115,740,26,0
1845,2020,Sweden,380,752,904,0
1846,2021,Sweden,380,752,1244,0
1847,2022,Sweden,380,752,1473,0
1848,2023,Sweden,380,752,1449,0
1849,2020,Switzerland,225,756,165,0
1850,2021,Switzerland,225,756,217,0
1851,2022,Switzerland,225,756,186,0
1852,2023,Switzerland,225,756,184,0
1853,2017,Syria,652,760,205,5
1854,2018,Syria,652,760,537,25
1855,2019,Syria,652,760,362,20
1856,2020,Syria,652,760,478,4
1857,2021,Syria,652,760,340,7
1858,2022,Syria,652,760,421,3
1859,2023,Syria,652,760,1229,0
1860,2018,Taiwan,713,158,652,0
1861,2019,Taiwan,713,158,809,0
1862,2020,Taiwan,713,158,529,0
1863,2021,Taiwan,713,158,1159,0
1864,2022,Taiwan,713,158,838,0
1865,2023,Taiwan,713,158,1248,0
1866,2018,Tajikistan,702,762,8,0
1867,2019,Tajikistan,702,762,5,0
1868,2020,Tajikistan,702,762,14,0
1869,2021,Tajikistan,702,762,3,0
1870,2022,Tajikistan,702,762,5,23
1871,2023,Tajikistan,702,762,3,0
1872,1997,Tanzania,510,834,0,0
1873,1998,Tanzania,510,834,0,0
1874,1999,Tanzania,510,834,0,0
1875,2000,Tanzania,510,834,0,0
1876,2001,Tanzania,510,834,8,0
1877,2002,Tanzania,510,834,3,0
1878,2003,Tanzania,510,834,4,0
1879,2004,Tanzania,510,834,4,0
1880,2005,Tanzania,510,834,8,0
1881,2006,Tanzania,510,834,4,0
1882,2007,Tanzania,510,834,0,0
1883,2008,Tanzania,510,834,7,0
1884,2009,Tanzania,510,834,2,0
1885,2010,Tanzania,510,834,1,0
1886,2011,Tanzania,510,834,13,5
1887,2012,Tanzania,510,834,28,5
1888,2013,Tanzania,510,834,12,0
1889,2014,Tanzania,510,834,16,0
1890,2015,Tanzania,510,834,21,0
1891,2016,Tanzania,510,834,5,0
1892,2017,Tanzania,510,834,6,0
1893,2018,Tanzania,510,834,10,1
1894,2019,Tanzania,510,834,7,0
1895,2020,Tanzania,510,834,1,0
1896,2021,Tanzania,510,834,16,0
1897,2022,Tanzania,510,834,10,0
1898,2023,Tanzania,510,834,13,1
1899,2010,Thailand,800,764,187,6
1900,2011,Thailand,800,764,96,0
1901,2012,Thailand,800,764,116,0
1902,2013,Thailand,800,764,289,1
1903,2014,Thailand,800,764,394,11
1904,2015,Thailand,800,764,179,1
1905,2016,Thailand,800,764,116,0
1906,2017,Thailand,800,764,157,0
1907,2018,Thailand,800,764,165,0
1908,2019,Thailand,800,764,186,0
1909,2020,Thailand,800,764,821,0
1910,2021,Thailand,800,764,865,0
1911,2022,Thailand,800,764,335,0
1912,2023,Thailand,800,764,322,0
1913,1997,Togo,461,768,6,0
1914,1998,Togo,461,768,4,1
1915,1999,Togo,461,768,1,0
1916,2000,Togo,461,768,1,0
1917,2001,Togo,461,768,4,0
1918,2002,Togo,461,768,2,0
1919,2003,Togo,461,768,0,0
1920,2004,Togo,461,768,0,0
1921,2005,Togo,461,768,8,1
1922,2006,Togo,461,768,0,0
1923,2007,Togo,461,768,1,0
1924,2008,Togo,461,768,0,0
1925,2009,Togo,461,768,3,0
1926,2010,Togo,461,768,17,0
1927,2011,Togo,461,768,7,0
1928,2012,Togo,461,768,9,0
1929,2013,Togo,461,768,32,2
1930,2014,Togo,461,768,10,0
1931,2015,Togo,461,768,12,0
1932,2016,Togo,461,768,3,0
1933,2017,Togo,461,768,38,1
1934,2018,Togo,461,768,25,2
1935,2019,Togo,461,768,7,4
1936,2020,Togo,461,768,23,0
1937,2021,Togo,461,768,17,0
1938,2022,Togo,461,768,5,0
1939,2023,Togo,461,768,2,0
1940,2021,Tonga,972,776,1,0
1941,2022,Tonga,972,776,0,0
1942,2023,Tonga,972,776,0,0
1943,2018,Trinidad and Tobago,52,780,99,0
1944,2019,Trinidad and Tobago,52,780,46,0
1945,2020,Trinidad and Tobago,52,780,67,0
1946,2021,Trinidad and Tobago,52,780,111,0
1947,2022,Trinidad and Tobago,52,780,182,0
1948,2023,Trinidad and Tobago,52,780,113,0
1949,1997,Tunisia,616,788,0,0
1950,1998,Tunisia,616,788,2,0
1951,1999,Tunisia,616,788,1,0
1952,2000,Tunisia,616,788,2,0
1953,2001,Tunisia,616,788,0,0
1954,2002,Tunisia,616,788,1,0
1955,2003,Tunisia,616,788,2,0
1956,2004,Tunisia,616,788,3,0
1957,2005,Tunisia,616,788,1,0
1958,2006,Tunisia,616,788,0,0
1959,2007,Tunisia,616,788,0,0
1960,2008,Tunisia,616,788,14,2
1961,2009,Tunisia,616,788,1,0
1962,2010,Tunisia,616,788,22,2
1963,2011,Tunisia,616,788,357,57
1964,2012,Tunisia,616,788,186,0
1965,2013,Tunisia,616,788,146,1
1966,2014,Tunisia,616,788,125,0
1967,2015,Tunisia,616,788,314,1
1968,2016,Tunisia,616,788,488,0
1969,2017,Tunisia,616,788,471,0
1970,2018,Tunisia,616,788,384,0
1971,2019,Tunisia,616,788,1251,0
1972,2020,Tunisia,616,788,1512,0
1973,2021,Tunisia,616,788,1032,0
1974,2022,Tunisia,616,788,775,0
1975,2023,Tunisia,616,788,688,0
1976,2016,Turkey,640,792,2132,4
1977,2017,Turkey,640,792,656,1
1978,2018,Turkey,640,792,1824,0
1979,2019,Turkey,640,792,3097,0
1980,2020,Turkey,640,792,2192,0
1981,2021,Turkey,640,792,3007,0
1982,2022,Turkey,640,792,4050,0
1983,2023,Turkey,640,792,3495,0
1984,2018,Turkmenistan,701,795,1,0
1985,2019,Turkmenistan,701,795,1,0
1986,2020,Turkmenistan,701,795,7,0
1987,2021,Turkmenistan,701,795,0,0
1988,2022,Turkmenistan,701,795,2,0
1989,2023,Turkmenistan,701,795,1,0
1990,2021,Tuvalu,973,798,0,0
1991,2022,Tuvalu,973,798,0,0
1992,2023,Tuvalu,973,798,0,0
1993,1997,Uganda,500,800,0,0
1994,1998,Uganda,500,800,2,0
1995,1999,Uganda,500,800,2,0
1996,2000,Uganda,500,800,1,0
1997,2001,Uganda,500,800,2,0
1998,2002,Uganda,500,800,3,1
1999,2003,Uganda,500,800,0,0
2000,2004,Uganda,500,800,3,0
2001,2005,Uganda,500,800,10,0
2002,2006,Uganda,500,800,4,0
2003,2007,Uganda,500,800,7,0
2004,2008,Uganda,500,800,10,0
2005,2009,Uganda,500,800,15,0
2006,2010,Uganda,500,800,16,2
2007,2011,Uganda,500,800,42,1
2008,2012,Uganda,500,800,52,0
2009,2013,Uganda,500,800,53,1
2010,2014,Uganda,500,800,24,0
2011,2015,Uganda,500,800,77,0
2012,2016,Uganda,500,800,54,0
2013,2017,Uganda,500,800,72,1
2014,2018,Uganda,500,800,75,2
2015,2019,Uganda,500,800,93,1
2016,2020,Uganda,500,800,131,0
2017,2021,Uganda,500,800,420,3
2018,2022,Uganda,500,800,146,1
2019,2023,Uganda,500,800,111,1
2020,2018,Ukraine,369,804,1302,0
2021,2019,Ukraine,369,804,1429,0
2022,2020,Ukraine,369,804,1369,0
2023,2021,Ukraine,369,804,1182,0
2024,2022,Ukraine,369,804,292,4
2025,2023,Ukraine,369,804,134,0
2026,2017,United Arab Emirates,696,784,1,0
2027,2018,United Arab Emirates,696,784,1,0
2028,2019,United Arab Emirates,696,784,1,0
2029,2020,United Arab Emirates,696,784,0,0
2030,2021,United Arab Emirates,696,784,0,0
2031,2022,United Arab Emirates,696,784,6,0
2032,2023,United Arab Emirates,696,784,1,0
2033,2020,United Kingdom,200,826,2196,0
2034,2021,United Kingdom,200,826,1585,0
2035,2022,United Kingdom,200,826,1745,0
2036,2023,United Kingdom,200,826,1102,0
2037,2020,United States,2,840,21585,3
2038,2021,United States,2,840,13147,1
2039,2022,United States,2,840,12183,0
2040,2023,United States,2,840,11548,1
2041,2018,Uruguay,165,858,42,0
2042,2019,Uruguay,165,858,45,0
2043,2020,Uruguay,165,858,55,0
2044,2021,Uruguay,165,858,55,0
2045,2022,Uruguay,165,858,108,0
2046,2023,Uruguay,165,858,96,0
2047,2018,Uzbekistan,704,860,11,0
2048,2019,Uzbekistan,704,860,46,0
2049,2020,Uzbekistan,704,860,182,0
2050,2021,Uzbekistan,704,860,239,0
2051,2022,Uzbekistan,704,860,114,3
2052,2023,Uzbekistan,704,860,83,0
2053,2021,Vanuatu,935,548,3,0
2054,2022,Vanuatu,935,548,1,0
2055,2023,Vanuatu,935,548,1,0
2056,2018,Venezuela,101,862,2005,15
2057,2019,Venezuela,101,862,2628,66
2058,2020,Venezuela,101,862,2511,3
2059,2021,Venezuela,101,862,1945,0
2060,2022,Venezuela,101,862,2238,0
2061,2023,Venezuela,101,862,2839,0
2062,2010,Vietnam,816,704,9,3
2063,2011,Vietnam,816,704,20,63
2064,2012,Vietnam,816,704,21,0
2065,2013,Vietnam,816,704,10,0
2066,2014,Vietnam,816,704,17,0
2067,2015,Vietnam,816,704,48,0
2068,2016,Vietnam,816,704,40,0
2069,2017,Vietnam,816,704,29,0
2070,2018,Vietnam,816,704,38,0
2071,2019,Vietnam,816,704,25,0
2072,2020,Vietnam,816,704,9,0
2073,2021,Vietnam,816,704,0,0
2074,2022,Vietnam,816,704,11,0
2075,2023,Vietnam,816,704,14,0
2076,2015,Yemen,678,887,232,14
2077,2016,Yemen,678,887,86,0
2078,2017,Yemen,678,887,123,0
2079,2018,Yemen,678,887,324,6
2080,2019,Yemen,678,887,386,12
2081,2020,Yemen,678,887,646,4
2082,2021,Yemen,678,887,749,11
2083,2022,Yemen,678,887,436,0
2084,2023,Yemen,678,887,2279,0
2085,1997,Zambia,551,894,2,0
2086,1998,Zambia,551,894,9,0
2087,1999,Zambia,551,894,2,0
2088,2000,Zambia,551,894,3,0
2089,2001,Zambia,551,894,1,0
2090,2002,Zambia,551,894,1,0
2091,2003,Zambia,551,894,16,0
2092,2004,Zambia,551,894,18,0
2093,2005,Zambia,551,894,32,0
2094,2006,Zambia,551,894,14,0
2095,2007,Zambia,551,894,49,0
2096,2008,Zambia,551,894,14,0
2097,2009,Zambia,551,894,24,0
2098,2010,Zambia,551,894,3,0
2099,2011,Zambia,551,894,4,0
2100,2012,Zambia,551,894,18,0
2101,2013,Zambia,551,894,37,2
2102,2014,Zambia,551,894,34,0
2103,2015,Zambia,551,894,39,0
2104,2016,Zambia,551,894,17,0
2105,2017,Zambia,551,894,12,0
2106,2018,Zambia,551,894,15,0
2107,2019,Zambia,551,894,5,0
2108,2020,Zambia,551,894,8,3
2109,2021,Zambia,551,894,29,0
2110,2022,Zambia,551,894,41,1
2111,2023,Zambia,551,894,15,0
2112,1997,Zimbabwe,552,716,12,0
2113,1998,Zimbabwe,552,716,45,0
2114,1999,Zimbabwe,552,716,19,0
2115,2000,Zimbabwe,552,716,1,0
2116,2001,Zimbabwe,552,716,5,0
2117,2002,Zimbabwe,552,716,3,0
2118,2003,Zimbabwe,552,716,13,0
2119,2004,Zimbabwe,552,716,13,0
2120,2005,Zimbabwe,552,716,30,0
2121,2006,Zimbabwe,552,716,27,0
2122,2007,Zimbabwe,552,716,56,3
2123,2008,Zimbabwe,552,716,36,0
2124,2009,Zimbabwe,552,716,33,0
2125,2010,Zimbabwe,552,716,19,0
2126,2011,Zimbabwe,552,716,24,0
2127,2012,Zimbabwe,552,716,43,0
2128,2013,Zimbabwe,552,716,42,0
2129,2014,Zimbabwe,552,716,78,0
2130,2015,Zimbabwe,552,716,97,0
2131,2016,Zimbabwe,552,716,90,0
2132,2017,Zimbabwe,552,716,56,0
2133,2018,Zimbabwe,552,716,76,0
2134,2019,Zimbabwe,552,716,61,0
2135,2020,Zimbabwe,552,716,53,0
2136,2021,Zimbabwe,552,716,50,0
2137,2022,Zimbabwe,552,716,50,0
2138,2023,Zimbabwe,552,716,35,0
2139,1997,eSwatini,572,748,5,0
2140,1998,eSwatini,572,748,0,0
2141,1999,eSwatini,572,748,0,0
2142,2000,eSwatini,572,748,5,1
2143,2001,eSwatini,572,748,1,0
2144,2002,eSwatini,572,748,3,0
2145,2003,eSwatini,572,748,5,0
2146,2004,eSwatini,572,748,1,0
2147,2005,eSwatini,572,748,1,0
2148,2006,eSwatini,572,748,1,0
2149,2007,eSwatini,572,748,3,0
2150,2008,eSwatini,572,748,6,0
2151,2009,eSwatini,572,748,0,0
2152,2010,eSwatini,572,748,4,1
2153,2011,eSwatini,572,748,8,0
2154,2012,eSwatini,572,748,37,0
2155,2013,eSwatini,572,748,6,0
2156,2014,eSwatini,572,748,7,0
2157,2015,eSwatini,572,748,2,0
2158,2016,eSwatini,572,748,4,0
2159,2017,eSwatini,572,748,2,0
2160,2018,eSwatini,572,748,5,0
2161,2019,eSwatini,572,748,15,0
2162,2020,eSwatini,572,748,8,0
2163,2021,eSwatini,572,748,82,10
2164,2022,eSwatini,572,748,60,0
2165,2023,eSwatini,572,748,30,0
